{"type":"FeatureCollection","features":[{"type":"Feature","properties":{},"geometry":{"type":"MultiPolygon","coordinates":[[[[30.6021,-1.34993],[30.59329,-1.34984],[30.59037,-1.346],[30.59382,-1.34941],[30.60036,-1.34934],[30.60275,-1.34714],[30.56882,-1.33767],[30.56632,-1.32565],[30.56325,-1.32446],[30.55868,-1.3146],[30.55833,-1.31104],[30.55436,-1.30644],[30.5548,-1.30326],[30.55924,-1.29643],[30.55849,-1.29161],[30.56189,-1.28985],[30.5575,-1.28993],[30.55992,-1.28833],[30.55729,-1.27704],[30.55592,-1.27373],[30.55134,-1.27133],[30.55111,-1.25141],[30.54478,-1.24474],[30.54018,-1.23334],[30.53275,-1.22578],[30.53239,-1.22183],[30.52385,-1.21294],[30.52084,-1.20508],[30.52192,-1.20081],[30.51442,-1.19281],[30.512,-1.1822],[30.50868,-1.17532],[30.50907,-1.17192],[30.50098,-1.1642],[30.49596,-1.16327],[30.49129,-1.16021],[30.48495,-1.15962],[30.47729,-1.16132],[30.4709,-1.15832],[30.4692,-1.1538],[30.47001,-1.1468],[30.46729,-1.14011],[30.4691,-1.13631],[30.46852,-1.13002],[30.47505,-1.12502],[30.47619,-1.12204],[30.47286,-1.11959],[30.46451,-1.11965],[30.45891,-1.11772],[30.45275,-1.103],[30.45248,-1.09358],[30.45096,-1.08882],[30.45275,-1.08529],[30.45252,-1.08082],[30.45934,-1.07567],[30.46219,-1.06903],[30.46626,-1.06581],[30.46708,-1.06112],[30.47261,-1.05704],[30.46982,-1.05276],[30.46877,-1.05525],[30.46678,-1.05526],[30.46736,-1.05242],[30.46024,-1.05322],[30.45684,-1.05015],[30.45039,-1.04859],[30.44977,-1.04969],[30.44779,-1.04741],[30.44793,-1.04997],[30.44504,-1.04856],[30.44445,-1.05053],[30.44372,-1.04813],[30.44215,-1.04785],[30.4377,-1.04985],[30.43821,-1.05251],[30.43684,-1.05268],[30.43684,-1.0549],[30.4352,-1.05432],[30.43619,-1.05244],[30.43465,-1.05301],[30.43245,-1.05647],[30.4351,-1.05715],[30.43043,-1.05819],[30.43075,-1.06275],[30.42746,-1.06464],[30.41915,-1.06287],[30.41635,-1.06385],[30.4153,-1.0627],[30.41263,-1.06409],[30.41116,-1.06208],[30.40944,-1.06325],[30.40585,-1.06153],[30.40498,-1.06379],[30.40236,-1.06096],[30.40243,-1.06364],[30.39869,-1.0643],[30.39811,-1.06232],[30.3911,-1.069],[30.39085,-1.06705],[30.38915,-1.06764],[30.38659,-1.06608],[30.38627,-1.06804],[30.37694,-1.06111],[30.37319,-1.06586],[30.37517,-1.06812],[30.37397,-1.06998],[30.37026,-1.06827],[30.3686,-1.06546],[30.36552,-1.06573],[30.3659,-1.06725],[30.36458,-1.06552],[30.36159,-1.06514],[30.36139,-1.06358],[30.35941,-1.06367],[30.35885,-1.06058],[30.35573,-1.06197],[30.35473,-1.06467],[30.35195,-1.06263],[30.35319,-1.06597],[30.35118,-1.06701],[30.35263,-1.06887],[30.34929,-1.06971],[30.3486,-1.07178],[30.34872,-1.07352],[30.35069,-1.07361],[30.3514,-1.07918],[30.34886,-1.08084],[30.34884,-1.0876],[30.34381,-1.08883],[30.34371,-1.09105],[30.34087,-1.09225],[30.33873,-1.10034],[30.33987,-1.09994],[30.34016,-1.10128],[30.33802,-1.1051],[30.33871,-1.1079],[30.34024,-1.10837],[30.34002,-1.11365],[30.34198,-1.11787],[30.34216,-1.12449],[30.34498,-1.12913],[30.34453,-1.13211],[30.341,-1.13037],[30.33471,-1.13147],[30.32956,-1.13576],[30.32326,-1.1372],[30.31133,-1.14435],[30.30705,-1.1451],[30.29718,-1.15935],[30.29754,-1.16819],[30.29309,-1.17774],[30.29164,-1.18636],[30.29236,-1.1893],[30.28546,-1.19555],[30.27835,-1.19816],[30.27761,-1.20675],[30.27572,-1.21014],[30.26471,-1.21303],[30.25494,-1.21976],[30.25304,-1.22518],[30.2461,-1.23316],[30.24317,-1.2411],[30.2351,-1.2467],[30.23061,-1.25471],[30.22642,-1.25636],[30.22175,-1.26053],[30.21928,-1.26615],[30.2138,-1.26897],[30.21086,-1.27646],[30.20467,-1.2727],[30.19782,-1.27418],[30.19786,-1.28084],[30.19103,-1.28172],[30.18753,-1.2707],[30.17606,-1.27124],[30.16967,-1.27442],[30.17454,-1.30169],[30.1677,-1.30754],[30.16563,-1.31312],[30.16199,-1.31761],[30.16512,-1.32761],[30.16309,-1.33489],[30.16993,-1.34517],[30.15272,-1.35144],[30.14529,-1.35055],[30.139,-1.35595],[30.13749,-1.36139],[30.13347,-1.36321],[30.12887,-1.36327],[30.12798,-1.3675],[30.12501,-1.37132],[30.12405,-1.38299],[30.12245,-1.38425],[30.1185,-1.38501],[30.11218,-1.37626],[30.10419,-1.37239],[30.09829,-1.37634],[30.08852,-1.37578],[30.08613,-1.37291],[30.08216,-1.37296],[30.07277,-1.37873],[30.06999,-1.38284],[30.07062,-1.39166],[30.06446,-1.39316],[30.05228,-1.40102],[30.05199,-1.40468],[30.05441,-1.41218],[30.05387,-1.41661],[30.05587,-1.42128],[30.05374,-1.43113],[30.05045,-1.43102],[30.04187,-1.42714],[30.03648,-1.4208],[30.02551,-1.41781],[30.02178,-1.4129],[30.01424,-1.41608],[30.01122,-1.42572],[30.00005,-1.43512],[29.99612,-1.44778],[29.98978,-1.45093],[29.98711,-1.45019],[29.97942,-1.45594],[29.97827,-1.45895],[29.9742,-1.45871],[29.96458,-1.46204],[29.96167,-1.46143],[29.95111,-1.46512],[29.93446,-1.47208],[29.92619,-1.48131],[29.91577,-1.48232],[29.9025,-1.46044],[29.89783,-1.45806],[29.89352,-1.45166],[29.89344,-1.44288],[29.8897,-1.43186],[29.89063,-1.42865],[29.88554,-1.42333],[29.88569,-1.41524],[29.88773,-1.41343],[29.88351,-1.40538],[29.88333,-1.38821],[29.88094,-1.37952],[29.88065,-1.37239],[29.8814,-1.35752],[29.88445,-1.35589],[29.86979,-1.35589],[29.86149,-1.36095],[29.85815,-1.35557],[29.85872,-1.35186],[29.85552,-1.3475],[29.85179,-1.3461],[29.84965,-1.33875],[29.84134,-1.3336],[29.84191,-1.33035],[29.8401,-1.32566],[29.843,-1.32283],[29.84246,-1.3205],[29.83757,-1.31912],[29.83363,-1.31469],[29.83045,-1.31563],[29.82456,-1.3088],[29.82143,-1.31027],[29.81895,-1.31482],[29.82131,-1.31728],[29.81952,-1.3276],[29.80941,-1.32947],[29.80578,-1.33557],[29.80553,-1.33886],[29.79679,-1.34966],[29.7958,-1.35698],[29.79679,-1.35864],[29.79528,-1.3642],[29.79736,-1.37031],[29.79686,-1.37324],[29.78459,-1.36778],[29.77679,-1.3664],[29.7674,-1.35283],[29.75824,-1.34551],[29.7466,-1.34195],[29.73166,-1.34076],[29.72127,-1.34243],[29.7119,-1.34577],[29.70951,-1.3514],[29.70163,-1.35569],[29.70047,-1.35853],[29.69707,-1.36064],[29.691,-1.36232],[29.69014,-1.36733],[29.68252,-1.37886],[29.67764,-1.38307],[29.66386,-1.38476],[29.64521,-1.38482],[29.63929,-1.38942],[29.61692,-1.38721],[29.61136,-1.38885],[29.59116,-1.3877],[29.5892,-1.39335],[29.58552,-1.39265],[29.57893,-1.38777],[29.56737,-1.38663],[29.56258,-1.38999],[29.55926,-1.38813],[29.5533,-1.39387],[29.55067,-1.39395],[29.54773,-1.40061],[29.5424,-1.40447],[29.53801,-1.40732],[29.53113,-1.40824],[29.5292,-1.41078],[29.52637,-1.41105],[29.5236,-1.41652],[29.52397,-1.42042],[29.52129,-1.42147],[29.51889,-1.42533],[29.51837,-1.42937],[29.51578,-1.43217],[29.50771,-1.43027],[29.50488,-1.43371],[29.50419,-1.44024],[29.49655,-1.44248],[29.49061,-1.45375],[29.48529,-1.45806],[29.45033,-1.50616],[29.36181,-1.50891],[29.35333,-1.53682],[29.33678,-1.54734],[29.32804,-1.56512],[29.32681,-1.57356],[29.32443,-1.57772],[29.32051,-1.58046],[29.31035,-1.59972],[29.29862,-1.60645],[29.29422,-1.61413],[29.26832,-1.62941],[29.26159,-1.64955],[29.25608,-1.65933],[29.24337,-1.66834],[29.24461,-1.6748],[29.24475,-1.6982],[29.25354,-1.69812],[29.26912,-1.71379],[29.26902,-1.71546],[29.26646,-1.71548],[29.26538,-1.7178],[29.26152,-1.71987],[29.26136,-1.72596],[29.25714,-1.72623],[29.25558,-1.72886],[29.25814,-1.72881],[29.26463,-1.73319],[29.26726,-1.7314],[29.27234,-1.73262],[29.27603,-1.73595],[29.27936,-1.73585],[29.27858,-1.73867],[29.27456,-1.7392],[29.27204,-1.73715],[29.27027,-1.73997],[29.27205,-1.74127],[29.2745,-1.73966],[29.27717,-1.74235],[29.28036,-1.74262],[29.28214,-1.74794],[29.27886,-1.74732],[29.27686,-1.74897],[29.2782,-1.75114],[29.27577,-1.75309],[29.27748,-1.75425],[29.28059,-1.75279],[29.28087,-1.75505],[29.2765,-1.75898],[29.27337,-1.7579],[29.27049,-1.76006],[29.27219,-1.76085],[29.2744,-1.75952],[29.27618,-1.76136],[29.27648,-1.76314],[29.27313,-1.76742],[29.27603,-1.76812],[29.27933,-1.77191],[29.28179,-1.77125],[29.28209,-1.76886],[29.28603,-1.77083],[29.28783,-1.7701],[29.29022,-1.77226],[29.28986,-1.77325],[29.28719,-1.77267],[29.28633,-1.77478],[29.28281,-1.77422],[29.2826,-1.77671],[29.27852,-1.77941],[29.27918,-1.77786],[29.27621,-1.77501],[29.2732,-1.77644],[29.26994,-1.77395],[29.26838,-1.77439],[29.27052,-1.77798],[29.26935,-1.78481],[29.27492,-1.78346],[29.27658,-1.78526],[29.27572,-1.78905],[29.27955,-1.78921],[29.27942,-1.79361],[29.27812,-1.79431],[29.27915,-1.79594],[29.27515,-1.79774],[29.27553,-1.80082],[29.27834,-1.80214],[29.27704,-1.80394],[29.27825,-1.80714],[29.27506,-1.80726],[29.2756,-1.80993],[29.27961,-1.81327],[29.28067,-1.81103],[29.28271,-1.81206],[29.2855,-1.80866],[29.28327,-1.807],[29.28523,-1.80426],[29.28781,-1.80471],[29.28753,-1.81054],[29.29002,-1.8096],[29.2897,-1.81319],[29.28719,-1.81414],[29.28749,-1.81974],[29.28495,-1.82139],[29.2866,-1.82284],[29.2884,-1.82128],[29.28952,-1.8223],[29.28971,-1.82841],[29.2924,-1.83424],[29.29205,-1.83915],[29.2947,-1.8443],[29.29679,-1.84449],[29.29748,-1.84731],[29.29652,-1.85023],[29.28861,-1.84949],[29.28668,-1.85043],[29.28699,-1.8528],[29.28523,-1.85314],[29.28772,-1.85701],[29.28674,-1.86157],[29.28386,-1.86588],[29.28579,-1.86484],[29.28759,-1.86622],[29.28693,-1.86864],[29.2897,-1.87055],[29.28999,-1.87608],[29.28879,-1.87863],[29.28585,-1.87835],[29.28786,-1.8811],[29.28686,-1.88391],[29.28516,-1.88261],[29.2852,-1.8854],[29.28328,-1.88676],[29.28121,-1.88577],[29.28242,-1.8887],[29.28173,-1.89092],[29.27791,-1.8888],[29.27582,-1.89045],[29.27375,-1.88997],[29.27349,-1.89377],[29.27088,-1.89557],[29.27091,-1.89731],[29.27555,-1.89655],[29.27586,-1.89876],[29.28027,-1.90113],[29.27933,-1.90374],[29.27474,-1.90463],[29.27629,-1.9063],[29.27992,-1.90576],[29.28126,-1.90793],[29.28265,-1.90635],[29.28427,-1.90697],[29.28642,-1.91461],[29.28387,-1.91938],[29.28752,-1.91779],[29.28803,-1.92225],[29.29047,-1.92117],[29.29257,-1.92532],[29.29091,-1.92835],[29.29273,-1.93004],[29.29317,-1.93305],[29.29007,-1.93441],[29.29245,-1.93663],[29.29782,-1.9381],[29.29974,-1.93479],[29.30152,-1.93464],[29.30129,-1.93751],[29.30313,-1.93904],[29.30165,-1.94199],[29.30311,-1.94446],[29.30495,-1.94483],[29.30842,-1.94236],[29.30783,-1.94618],[29.30955,-1.94375],[29.31294,-1.94252],[29.31283,-1.93922],[29.31691,-1.93457],[29.31715,-1.93123],[29.31917,-1.93097],[29.32118,-1.92645],[29.32419,-1.9267],[29.32502,-1.92907],[29.32339,-1.93114],[29.32495,-1.93263],[29.32124,-1.93671],[29.32276,-1.94116],[29.32505,-1.93885],[29.3264,-1.94021],[29.32532,-1.94336],[29.32119,-1.94623],[29.32493,-1.94818],[29.32281,-1.95002],[29.32415,-1.95206],[29.32697,-1.94989],[29.3294,-1.95086],[29.33017,-1.95279],[29.3272,-1.95381],[29.32802,-1.95629],[29.32527,-1.95706],[29.32554,-1.9585],[29.32285,-1.95898],[29.32677,-1.96067],[29.32621,-1.96233],[29.32411,-1.9627],[29.32454,-1.96451],[29.32697,-1.9637],[29.32837,-1.96483],[29.32721,-1.96734],[29.3297,-1.96945],[29.32746,-1.9727],[29.33042,-1.97333],[29.33219,-1.97611],[29.33131,-1.97771],[29.32788,-1.97725],[29.33071,-1.98189],[29.32928,-1.9848],[29.33104,-1.98615],[29.33403,-1.98477],[29.3338,-1.98825],[29.33574,-1.98809],[29.33533,-1.99293],[29.33919,-1.99149],[29.33772,-1.98971],[29.33885,-1.98752],[29.34051,-1.98788],[29.34222,-1.99118],[29.34452,-1.98592],[29.34607,-1.98924],[29.34775,-1.98598],[29.34889,-1.98888],[29.3547,-1.99124],[29.35319,-1.99437],[29.34929,-1.99343],[29.34742,-1.99681],[29.34343,-1.99787],[29.34503,-1.99994],[29.34392,-2.003],[29.3453,-2.00827],[29.3467,-2.00498],[29.3478,-2.00537],[29.34639,-2.01071],[29.35038,-2.01041],[29.34931,-2.00804],[29.3512,-2.00822],[29.35234,-2.00474],[29.3583,-2.00746],[29.35766,-2.00929],[29.35492,-2.00903],[29.35748,-2.01136],[29.35434,-2.01204],[29.35496,-2.01783],[29.35291,-2.0177],[29.35106,-2.01971],[29.35459,-2.02088],[29.35444,-2.02622],[29.35973,-2.02196],[29.36093,-2.02392],[29.3627,-2.02279],[29.36377,-2.01881],[29.36528,-2.02049],[29.36809,-2.02037],[29.36857,-2.02133],[29.36556,-2.0225],[29.3646,-2.02475],[29.36727,-2.02456],[29.36672,-2.02685],[29.3688,-2.02672],[29.3683,-2.031],[29.36718,-2.03001],[29.36432,-2.03096],[29.36188,-2.02848],[29.36008,-2.03079],[29.36547,-2.03433],[29.36809,-2.03225],[29.36976,-2.03475],[29.37206,-2.03322],[29.37387,-2.03465],[29.3767,-2.03334],[29.37626,-2.0359],[29.37867,-2.03664],[29.38055,-2.03479],[29.38223,-2.03704],[29.38074,-2.04076],[29.37886,-2.03917],[29.37572,-2.04163],[29.37446,-2.03899],[29.37121,-2.04043],[29.36965,-2.03908],[29.36727,-2.04019],[29.36634,-2.03888],[29.36225,-2.03971],[29.3583,-2.03874],[29.35645,-2.04196],[29.35878,-2.04408],[29.36021,-2.04218],[29.36368,-2.04199],[29.36656,-2.04382],[29.36943,-2.04362],[29.36998,-2.0458],[29.37109,-2.04524],[29.36817,-2.04909],[29.36592,-2.04873],[29.36487,-2.04656],[29.3627,-2.04664],[29.36095,-2.05113],[29.36317,-2.05287],[29.36325,-2.05466],[29.3613,-2.05609],[29.35996,-2.06026],[29.36476,-2.06247],[29.35898,-2.06369],[29.36327,-2.06592],[29.36565,-2.06553],[29.37329,-2.07258],[29.36838,-2.0759],[29.36775,-2.07178],[29.36065,-2.06843],[29.35901,-2.07415],[29.35407,-2.07139],[29.35331,-2.06823],[29.35589,-2.06853],[29.35761,-2.06699],[29.3521,-2.06437],[29.35092,-2.0622],[29.35421,-2.06199],[29.35078,-2.0583],[29.35377,-2.05856],[29.35653,-2.05577],[29.35634,-2.05425],[29.35463,-2.05175],[29.35335,-2.05331],[29.3511,-2.05187],[29.35048,-2.04757],[29.34851,-2.0491],[29.34681,-2.04815],[29.34537,-2.05038],[29.34364,-2.04761],[29.33821,-2.04857],[29.3436,-2.05067],[29.34242,-2.05346],[29.34731,-2.05305],[29.34558,-2.05508],[29.3479,-2.05558],[29.34812,-2.05718],[29.34505,-2.05767],[29.34723,-2.06174],[29.34316,-2.06353],[29.3379,-2.06154],[29.33837,-2.05893],[29.33531,-2.06021],[29.33357,-2.05925],[29.33248,-2.05003],[29.32733,-2.05012],[29.32761,-2.05127],[29.32213,-2.05305],[29.32516,-2.05412],[29.3256,-2.05668],[29.32729,-2.05613],[29.33263,-2.05826],[29.32977,-2.06002],[29.33455,-2.06112],[29.3406,-2.06605],[29.33906,-2.0675],[29.33532,-2.06638],[29.33533,-2.06774],[29.33273,-2.06844],[29.33224,-2.0711],[29.32765,-2.06955],[29.32723,-2.07206],[29.32855,-2.07307],[29.32616,-2.07491],[29.32402,-2.07307],[29.32508,-2.07069],[29.32382,-2.06759],[29.32109,-2.06862],[29.31904,-2.06629],[29.31925,-2.0688],[29.31722,-2.07032],[29.31847,-2.07231],[29.3214,-2.07234],[29.32033,-2.07609],[29.32415,-2.0807],[29.32586,-2.08035],[29.32487,-2.08224],[29.32568,-2.0852],[29.32231,-2.08374],[29.32662,-2.08789],[29.32474,-2.08944],[29.32555,-2.09209],[29.33073,-2.09218],[29.33059,-2.09389],[29.33358,-2.09526],[29.33763,-2.1011],[29.33601,-2.10214],[29.32943,-2.09725],[29.32681,-2.09769],[29.32999,-2.10191],[29.32779,-2.10263],[29.32806,-2.11029],[29.32706,-2.11417],[29.32547,-2.11489],[29.32452,-2.11377],[29.32538,-2.11139],[29.32325,-2.11098],[29.32455,-2.10728],[29.32316,-2.10505],[29.32482,-2.10184],[29.32041,-2.10123],[29.3184,-2.09778],[29.31344,-2.09625],[29.31341,-2.08733],[29.3108,-2.08633],[29.30629,-2.08775],[29.30134,-2.0826],[29.30152,-2.0808],[29.29972,-2.08421],[29.29762,-2.08328],[29.29388,-2.08556],[29.29203,-2.08453],[29.29139,-2.08648],[29.28948,-2.08637],[29.28844,-2.08331],[29.28645,-2.08346],[29.28486,-2.08757],[29.28561,-2.08951],[29.28199,-2.09433],[29.28005,-2.08776],[29.27929,-2.09692],[29.28056,-2.09909],[29.27779,-2.11027],[29.2804,-2.11467],[29.27848,-2.11511],[29.27969,-2.12163],[29.27892,-2.1277],[29.28135,-2.12902],[29.28427,-2.12697],[29.2847,-2.12941],[29.29009,-2.13074],[29.29047,-2.1356],[29.28784,-2.13716],[29.28727,-2.13423],[29.28463,-2.13308],[29.28283,-2.13345],[29.28234,-2.13569],[29.28047,-2.13493],[29.2796,-2.13766],[29.27764,-2.13726],[29.28054,-2.1393],[29.2804,-2.14278],[29.27843,-2.14674],[29.27618,-2.14763],[29.27505,-2.14214],[29.27232,-2.14179],[29.2715,-2.13942],[29.26836,-2.13906],[29.27045,-2.13745],[29.27097,-2.1347],[29.27439,-2.13308],[29.27523,-2.12571],[29.27169,-2.11511],[29.27218,-2.1111],[29.2707,-2.11053],[29.27164,-2.10722],[29.26891,-2.10748],[29.27186,-2.10364],[29.26962,-2.08969],[29.26807,-2.08996],[29.26765,-2.09436],[29.26522,-2.09212],[29.26433,-2.09902],[29.26017,-2.09885],[29.26184,-2.10311],[29.25911,-2.11113],[29.25524,-2.10537],[29.2548,-2.11349],[29.2531,-2.11467],[29.24982,-2.11085],[29.24992,-2.11578],[29.25264,-2.11588],[29.25145,-2.11867],[29.25543,-2.12086],[29.25708,-2.12391],[29.25608,-2.12493],[29.25362,-2.12406],[29.25426,-2.12868],[29.25252,-2.12935],[29.25302,-2.13191],[29.25045,-2.13559],[29.25469,-2.13397],[29.25512,-2.13579],[29.2575,-2.13667],[29.2571,-2.14312],[29.25893,-2.14269],[29.26097,-2.14477],[29.26235,-2.14395],[29.26666,-2.14988],[29.26758,-2.1519],[29.26631,-2.15289],[29.26438,-2.15147],[29.26528,-2.15323],[29.27106,-2.15365],[29.27071,-2.15672],[29.27282,-2.15782],[29.27291,-2.16429],[29.2763,-2.16527],[29.27576,-2.16833],[29.28006,-2.17179],[29.28359,-2.18025],[29.28313,-2.18188],[29.28485,-2.18303],[29.28206,-2.19024],[29.28073,-2.19088],[29.27982,-2.18912],[29.28041,-2.18308],[29.27749,-2.18231],[29.27918,-2.18085],[29.27546,-2.18071],[29.27605,-2.17857],[29.26965,-2.16853],[29.26685,-2.16966],[29.26589,-2.16695],[29.26217,-2.16695],[29.26489,-2.16161],[29.26065,-2.15892],[29.25775,-2.16005],[29.25777,-2.15741],[29.25606,-2.15653],[29.25403,-2.15748],[29.25265,-2.15545],[29.24869,-2.15943],[29.24744,-2.15922],[29.24757,-2.1578],[29.24361,-2.15917],[29.24362,-2.15727],[29.24782,-2.15322],[29.24696,-2.15083],[29.24717,-2.15332],[29.24539,-2.15209],[29.24202,-2.15596],[29.24402,-2.16255],[29.24241,-2.16281],[29.24258,-2.16953],[29.2403,-2.16927],[29.24049,-2.16691],[29.23791,-2.16731],[29.23805,-2.162],[29.23601,-2.16027],[29.22965,-2.15985],[29.23203,-2.16498],[29.23025,-2.16756],[29.22873,-2.16735],[29.22406,-2.17423],[29.22222,-2.17428],[29.21952,-2.1679],[29.21596,-2.16915],[29.21784,-2.17372],[29.21725,-2.17584],[29.21451,-2.1749],[29.21216,-2.17644],[29.21038,-2.17459],[29.21082,-2.18027],[29.20887,-2.18386],[29.20207,-2.18339],[29.20136,-2.17941],[29.19749,-2.18042],[29.199,-2.1838],[29.1981,-2.18635],[29.20238,-2.1904],[29.20319,-2.19761],[29.20557,-2.19578],[29.20818,-2.19569],[29.20986,-2.19798],[29.21213,-2.19695],[29.21288,-2.19523],[29.21124,-2.19239],[29.21438,-2.19408],[29.21528,-2.20234],[29.21298,-2.2029],[29.2164,-2.20659],[29.21566,-2.20784],[29.21851,-2.2118],[29.21738,-2.21316],[29.21651,-2.2116],[29.21492,-2.21222],[29.21205,-2.2076],[29.20674,-2.21009],[29.19866,-2.20189],[29.19542,-2.20566],[29.19413,-2.20545],[29.19578,-2.20989],[29.19475,-2.2112],[29.19819,-2.21435],[29.1965,-2.21564],[29.19438,-2.21477],[29.19639,-2.21759],[29.1946,-2.219],[29.19244,-2.21757],[29.19454,-2.22077],[29.19156,-2.22345],[29.19471,-2.22273],[29.1965,-2.22704],[29.19056,-2.22651],[29.18887,-2.22899],[29.1873,-2.22799],[29.18689,-2.23087],[29.1895,-2.23333],[29.18873,-2.23526],[29.1868,-2.23473],[29.18761,-2.23639],[29.18574,-2.23716],[29.18427,-2.2421],[29.18779,-2.24465],[29.19015,-2.24421],[29.19163,-2.25167],[29.19501,-2.2518],[29.20127,-2.25547],[29.20275,-2.25068],[29.20445,-2.25064],[29.20333,-2.24792],[29.20589,-2.24487],[29.20734,-2.24495],[29.20646,-2.24874],[29.20965,-2.24866],[29.20904,-2.25],[29.21048,-2.25134],[29.20441,-2.25396],[29.20463,-2.25666],[29.20304,-2.25791],[29.20569,-2.2595],[29.20755,-2.26405],[29.20511,-2.26488],[29.20541,-2.26312],[29.20289,-2.26153],[29.2039,-2.26465],[29.20186,-2.26441],[29.19989,-2.26177],[29.19974,-2.26409],[29.19739,-2.26166],[29.19815,-2.25753],[29.19041,-2.2562],[29.18945,-2.25949],[29.1874,-2.25987],[29.18753,-2.26289],[29.18236,-2.2674],[29.18298,-2.26935],[29.18086,-2.27167],[29.17961,-2.26388],[29.18115,-2.26346],[29.18221,-2.26074],[29.18098,-2.25782],[29.1785,-2.25762],[29.17948,-2.25933],[29.17679,-2.26212],[29.17374,-2.26078],[29.17168,-2.26614],[29.1695,-2.26168],[29.16664,-2.26124],[29.16611,-2.26499],[29.16807,-2.26441],[29.16703,-2.26653],[29.16439,-2.26713],[29.16533,-2.27097],[29.16209,-2.26886],[29.16109,-2.27035],[29.15748,-2.27075],[29.15673,-2.27563],[29.15552,-2.27606],[29.15644,-2.27771],[29.15478,-2.27941],[29.15718,-2.28305],[29.15976,-2.28139],[29.15891,-2.28347],[29.15985,-2.28427],[29.15697,-2.28589],[29.15873,-2.28494],[29.16017,-2.28731],[29.16084,-2.28552],[29.16264,-2.28543],[29.1633,-2.28699],[29.15891,-2.29371],[29.16008,-2.29734],[29.15874,-2.29805],[29.15668,-2.29488],[29.15298,-2.29481],[29.15246,-2.29168],[29.1505,-2.29319],[29.15446,-2.29666],[29.15329,-2.29972],[29.14836,-2.30045],[29.14283,-2.29609],[29.13958,-2.30385],[29.13708,-2.30609],[29.13492,-2.3058],[29.13542,-2.3087],[29.13152,-2.31211],[29.13394,-2.31238],[29.13637,-2.31036],[29.13968,-2.31424],[29.13743,-2.3162],[29.13709,-2.31423],[29.13527,-2.31446],[29.13362,-2.31704],[29.13439,-2.31951],[29.12873,-2.32387],[29.12976,-2.32889],[29.12657,-2.3298],[29.12796,-2.33224],[29.12337,-2.33237],[29.12217,-2.33812],[29.12669,-2.3382],[29.12625,-2.33987],[29.12291,-2.34165],[29.12016,-2.33841],[29.1179,-2.34041],[29.11629,-2.33986],[29.11956,-2.33648],[29.11687,-2.33575],[29.11868,-2.33192],[29.1143,-2.33456],[29.11291,-2.33146],[29.11554,-2.33003],[29.11355,-2.32854],[29.11547,-2.32559],[29.11822,-2.32904],[29.12056,-2.32804],[29.11616,-2.32349],[29.1175,-2.32052],[29.12043,-2.32087],[29.12241,-2.31943],[29.12393,-2.32165],[29.12934,-2.31422],[29.12439,-2.31614],[29.12248,-2.31324],[29.11959,-2.31321],[29.11952,-2.31068],[29.12622,-2.30339],[29.12926,-2.30333],[29.13169,-2.30095],[29.13006,-2.2972],[29.12715,-2.29639],[29.12455,-2.29972],[29.12092,-2.29986],[29.11998,-2.30272],[29.12116,-2.30519],[29.11871,-2.30762],[29.11568,-2.30759],[29.11238,-2.3047],[29.10987,-2.30463],[29.1046,-2.3122],[29.10792,-2.31236],[29.10978,-2.31636],[29.10771,-2.3198],[29.10914,-2.32043],[29.10882,-2.32221],[29.1028,-2.32382],[29.10337,-2.32736],[29.10618,-2.32967],[29.10648,-2.33648],[29.10062,-2.33876],[29.09544,-2.33754],[29.09845,-2.33351],[29.0949,-2.33062],[29.08744,-2.33547],[29.08727,-2.33906],[29.08211,-2.33967],[29.08365,-2.34031],[29.08304,-2.3449],[29.07761,-2.34984],[29.08273,-2.35705],[29.07866,-2.3649],[29.08075,-2.36722],[29.0795,-2.36846],[29.07871,-2.376],[29.07539,-2.37854],[29.06903,-2.37464],[29.06647,-2.37581],[29.06417,-2.38077],[29.06763,-2.38261],[29.06365,-2.38475],[29.06205,-2.38806],[29.06092,-2.38645],[29.0588,-2.38901],[29.05785,-2.39266],[29.05946,-2.3959],[29.05554,-2.3979],[29.05461,-2.40075],[29.05091,-2.4043],[29.04966,-2.40762],[29.05051,-2.41182],[29.04861,-2.41422],[29.04307,-2.4103],[29.04197,-2.40696],[29.0402,-2.40761],[29.03849,-2.4041],[29.04029,-2.39799],[29.0438,-2.39609],[29.05145,-2.38518],[29.05593,-2.38262],[29.0582,-2.37742],[29.05645,-2.37293],[29.06111,-2.37062],[29.06029,-2.36745],[29.05493,-2.36673],[29.05674,-2.36365],[29.05689,-2.35981],[29.0552,-2.35941],[29.05322,-2.36296],[29.05169,-2.36305],[29.0481,-2.35703],[29.04438,-2.35593],[29.04491,-2.3511],[29.04244,-2.34445],[29.04293,-2.33749],[29.04566,-2.33703],[29.04579,-2.33535],[29.05028,-2.33105],[29.05111,-2.32554],[29.04932,-2.32313],[29.05335,-2.31367],[29.04316,-2.30286],[29.0412,-2.29749],[29.03313,-2.29244],[29.02945,-2.29742],[29.02736,-2.29561],[29.02411,-2.29691],[29.01931,-2.29644],[29.02465,-2.29963],[29.02076,-2.30043],[29.02115,-2.30313],[29.02316,-2.30446],[29.02048,-2.30635],[29.02198,-2.30706],[29.02429,-2.30565],[29.02632,-2.30848],[29.02388,-2.30937],[29.0234,-2.31104],[29.02007,-2.31167],[29.02322,-2.3154],[29.02134,-2.31585],[29.02066,-2.32047],[29.01771,-2.32235],[29.01664,-2.32862],[29.01312,-2.33034],[29.0128,-2.33493],[29.01004,-2.3367],[29.01052,-2.33829],[29.01468,-2.33862],[29.01254,-2.34048],[29.01181,-2.34436],[29.00978,-2.34048],[29.00705,-2.34095],[29.00728,-2.3488],[29.00622,-2.35024],[29.00222,-2.35093],[29.00235,-2.35524],[29.0056,-2.3574],[29.0071,-2.36301],[29.00256,-2.35816],[28.99815,-2.36512],[29.00467,-2.37629],[28.9994,-2.37289],[28.99589,-2.37751],[28.99746,-2.3818],[28.9954,-2.3851],[28.99303,-2.38372],[28.98982,-2.3765],[28.98616,-2.37833],[28.97655,-2.39055],[28.97673,-2.39312],[28.97861,-2.39402],[28.97585,-2.39638],[28.97657,-2.40081],[28.97387,-2.39996],[28.97149,-2.40131],[28.96887,-2.40015],[28.96995,-2.39656],[28.96568,-2.40018],[28.96815,-2.39157],[28.9636,-2.39481],[28.95866,-2.39247],[28.95712,-2.39625],[28.95126,-2.39943],[28.9512,-2.39578],[28.94749,-2.39269],[28.94995,-2.39045],[28.94986,-2.38524],[28.94862,-2.38421],[28.94661,-2.38884],[28.94052,-2.3933],[28.93967,-2.39979],[28.93526,-2.4008],[28.93401,-2.40437],[28.9316,-2.40369],[28.93004,-2.39804],[28.92883,-2.39897],[28.92939,-2.40339],[28.92692,-2.40006],[28.92795,-2.39688],[28.92693,-2.39607],[28.91957,-2.40336],[28.92087,-2.40736],[28.91784,-2.40617],[28.91637,-2.40316],[28.91147,-2.40823],[28.90837,-2.40865],[28.90566,-2.4157],[28.90172,-2.42068],[28.90455,-2.43357],[28.90227,-2.44297],[28.89813,-2.45022],[28.89869,-2.45342],[28.89585,-2.45944],[28.89427,-2.46743],[28.89494,-2.46881],[28.89724,-2.46874],[28.90043,-2.46443],[28.90203,-2.46707],[28.89825,-2.47127],[28.89826,-2.48064],[28.89575,-2.48188],[28.89742,-2.47741],[28.89611,-2.47588],[28.89392,-2.4802],[28.89404,-2.48944],[28.89166,-2.49483],[28.8906,-2.50477],[28.88633,-2.50798],[28.87332,-2.51122],[28.86532,-2.51888],[28.86236,-2.52441],[28.86296,-2.5322],[28.87045,-2.5385],[28.87088,-2.5411],[28.87437,-2.54352],[28.87838,-2.5503],[28.89107,-2.55709],[28.89369,-2.5605],[28.8957,-2.57447],[28.8993,-2.58093],[28.90024,-2.58808],[28.89804,-2.59503],[28.89908,-2.60096],[28.90324,-2.60835],[28.90195,-2.61133],[28.90414,-2.61445],[28.90195,-2.62102],[28.90433,-2.62656],[28.90361,-2.62983],[28.90647,-2.64561],[28.90375,-2.6502],[28.89622,-2.65275],[28.89759,-2.66086],[28.89987,-2.66235],[28.90319,-2.66197],[28.90581,-2.66466],[28.90706,-2.66354],[28.90953,-2.66436],[28.90715,-2.6639],[28.9057,-2.66516],[28.90756,-2.6641],[28.91048,-2.66515],[28.91072,-2.66887],[28.91812,-2.68088],[28.92232,-2.68212],[28.92823,-2.68047],[28.93258,-2.68165],[28.93537,-2.68076],[28.94042,-2.68469],[28.94101,-2.68683],[28.93974,-2.68913],[28.94044,-2.68997],[28.94099,-2.68815],[28.94336,-2.69264],[28.94429,-2.69271],[28.94323,-2.69044],[28.94758,-2.6904],[28.94903,-2.69169],[28.94938,-2.6908],[28.9594,-2.69338],[28.96685,-2.70303],[28.96911,-2.70316],[28.96914,-2.69866],[28.97534,-2.69471],[28.98028,-2.69372],[28.98328,-2.6936],[28.98889,-2.69934],[28.99166,-2.69781],[28.99566,-2.69873],[29.00024,-2.70389],[29.00414,-2.70394],[29.01247,-2.71307],[29.02142,-2.71932],[29.03152,-2.73158],[29.03436,-2.73199],[29.03589,-2.73772],[29.04018,-2.74289],[29.0404,-2.73956],[29.04193,-2.73895],[29.04054,-2.73807],[29.04108,-2.73515],[29.04282,-2.73502],[29.0411,-2.73071],[29.04267,-2.72728],[29.04106,-2.72717],[29.04236,-2.72502],[29.04502,-2.72576],[29.04694,-2.72023],[29.04871,-2.71988],[29.05582,-2.70989],[29.05717,-2.70994],[29.05449,-2.70724],[29.05558,-2.70599],[29.05138,-2.70481],[29.04959,-2.70131],[29.05252,-2.69859],[29.05022,-2.69442],[29.05093,-2.69294],[29.05523,-2.69265],[29.05459,-2.68861],[29.05183,-2.68915],[29.04797,-2.68696],[29.0494,-2.68503],[29.05154,-2.6859],[29.0564,-2.68392],[29.05764,-2.67778],[29.05697,-2.6761],[29.05336,-2.6774],[29.05298,-2.6756],[29.05074,-2.67526],[29.05065,-2.6729],[29.04794,-2.67041],[29.0494,-2.66812],[29.0479,-2.66439],[29.05116,-2.66094],[29.05215,-2.65691],[29.05485,-2.6564],[29.05484,-2.65247],[29.05656,-2.65366],[29.06171,-2.64965],[29.05959,-2.6486],[29.05946,-2.64495],[29.05619,-2.64287],[29.05609,-2.64081],[29.05399,-2.64058],[29.0551,-2.63562],[29.05329,-2.62846],[29.05454,-2.62787],[29.05223,-2.62523],[29.05289,-2.62373],[29.05105,-2.62333],[29.05377,-2.62169],[29.05433,-2.61869],[29.05849,-2.61698],[29.05954,-2.613],[29.05818,-2.6104],[29.06043,-2.60828],[29.06229,-2.60171],[29.07285,-2.60352],[29.07628,-2.59839],[29.08372,-2.59393],[29.08928,-2.59164],[29.09127,-2.59281],[29.09373,-2.59221],[29.09619,-2.59672],[29.09885,-2.59542],[29.10267,-2.59663],[29.10853,-2.59455],[29.10964,-2.59672],[29.11619,-2.59692],[29.11564,-2.59909],[29.11731,-2.5983],[29.12138,-2.6036],[29.12449,-2.60386],[29.1239,-2.6072],[29.12704,-2.608],[29.12786,-2.61024],[29.13541,-2.60435],[29.13817,-2.60555],[29.1415,-2.60401],[29.13963,-2.59792],[29.14156,-2.59597],[29.14425,-2.59649],[29.14461,-2.59472],[29.14867,-2.59458],[29.14932,-2.59123],[29.15107,-2.59197],[29.15158,-2.5956],[29.15329,-2.59457],[29.15745,-2.5965],[29.16332,-2.59507],[29.16362,-2.60043],[29.16763,-2.60146],[29.17006,-2.60644],[29.17493,-2.61012],[29.17526,-2.61564],[29.18391,-2.61403],[29.18489,-2.61157],[29.18806,-2.61001],[29.18958,-2.61236],[29.18685,-2.61497],[29.19277,-2.61737],[29.19909,-2.61755],[29.20496,-2.61539],[29.20977,-2.62188],[29.21401,-2.62142],[29.21676,-2.62566],[29.21986,-2.62594],[29.22096,-2.63176],[29.22513,-2.63143],[29.22441,-2.62883],[29.22674,-2.62754],[29.22714,-2.62542],[29.23138,-2.6285],[29.23511,-2.62829],[29.23772,-2.62547],[29.24062,-2.62701],[29.24199,-2.62407],[29.2453,-2.62256],[29.24768,-2.62447],[29.2489,-2.62165],[29.24958,-2.6254],[29.2527,-2.62664],[29.25646,-2.62219],[29.26378,-2.61842],[29.26655,-2.61849],[29.26935,-2.62438],[29.27243,-2.6234],[29.28316,-2.62624],[29.28507,-2.63078],[29.28824,-2.63204],[29.29171,-2.63784],[29.29481,-2.64012],[29.30789,-2.64397],[29.31132,-2.64364],[29.31592,-2.64632],[29.31741,-2.65186],[29.32139,-2.65627],[29.32303,-2.65606],[29.32487,-2.65277],[29.32804,-2.65319],[29.33385,-2.66221],[29.33331,-2.66577],[29.33627,-2.66852],[29.33695,-2.67352],[29.3338,-2.67655],[29.33368,-2.68018],[29.32986,-2.68179],[29.32779,-2.68865],[29.32985,-2.69079],[29.3342,-2.68935],[29.33761,-2.69256],[29.33985,-2.69873],[29.34483,-2.70214],[29.35005,-2.69976],[29.35117,-2.71222],[29.34828,-2.71617],[29.34827,-2.71952],[29.34957,-2.72333],[29.35188,-2.72394],[29.35128,-2.73337],[29.35275,-2.73484],[29.34121,-2.74291],[29.33519,-2.74436],[29.33378,-2.74716],[29.34166,-2.75277],[29.33854,-2.76362],[29.34433,-2.76446],[29.34734,-2.76845],[29.35087,-2.76758],[29.35003,-2.77385],[29.34836,-2.7761],[29.35384,-2.78246],[29.35697,-2.79052],[29.35694,-2.79303],[29.35413,-2.79746],[29.35184,-2.79806],[29.35222,-2.80364],[29.35606,-2.80622],[29.35711,-2.80967],[29.35873,-2.80999],[29.3622,-2.81814],[29.36065,-2.82297],[29.36484,-2.82691],[29.36224,-2.83186],[29.36772,-2.83124],[29.37079,-2.83898],[29.37223,-2.83746],[29.37681,-2.83689],[29.37603,-2.83109],[29.38014,-2.83015],[29.38437,-2.82116],[29.3883,-2.81978],[29.38861,-2.81809],[29.39204,-2.81784],[29.39527,-2.81569],[29.39644,-2.81893],[29.39996,-2.82094],[29.40049,-2.8192],[29.40734,-2.81403],[29.40902,-2.8148],[29.41233,-2.81349],[29.41879,-2.808],[29.43039,-2.80387],[29.4325,-2.79967],[29.43786,-2.79669],[29.44066,-2.79864],[29.44812,-2.79728],[29.45052,-2.79964],[29.4565,-2.79962],[29.45742,-2.80386],[29.46517,-2.80976],[29.47157,-2.80799],[29.47514,-2.80974],[29.47568,-2.80771],[29.47921,-2.80848],[29.48543,-2.80218],[29.48722,-2.80264],[29.49233,-2.80808],[29.49745,-2.80946],[29.50061,-2.81202],[29.50688,-2.81831],[29.50806,-2.82163],[29.51276,-2.82232],[29.51728,-2.82807],[29.52297,-2.82931],[29.5318,-2.82669],[29.54308,-2.82958],[29.54407,-2.81762],[29.55655,-2.81708],[29.56504,-2.8124],[29.57627,-2.81164],[29.58148,-2.8073],[29.58249,-2.80486],[29.58485,-2.80498],[29.5876,-2.80295],[29.58957,-2.80279],[29.58965,-2.80694],[29.59121,-2.8081],[29.59361,-2.80669],[29.59476,-2.80782],[29.59835,-2.80639],[29.60123,-2.80772],[29.60558,-2.80645],[29.61233,-2.8112],[29.61626,-2.81011],[29.6209,-2.80525],[29.62423,-2.80636],[29.62984,-2.80389],[29.63906,-2.78912],[29.64341,-2.78912],[29.6437,-2.78802],[29.64875,-2.78696],[29.65271,-2.7886],[29.66016,-2.78773],[29.66399,-2.78948],[29.66561,-2.79196],[29.66954,-2.79158],[29.6789,-2.79964],[29.68478,-2.79973],[29.68868,-2.80338],[29.68976,-2.80666],[29.69417,-2.80884],[29.69436,-2.80698],[29.69566,-2.80673],[29.70112,-2.81084],[29.70442,-2.81145],[29.70542,-2.81249],[29.70434,-2.81518],[29.70829,-2.81968],[29.71534,-2.816],[29.71892,-2.81846],[29.72054,-2.8159],[29.7222,-2.8158],[29.72355,-2.81832],[29.72548,-2.8153],[29.72725,-2.81575],[29.73221,-2.81094],[29.73936,-2.81063],[29.7451,-2.80682],[29.75274,-2.81059],[29.75827,-2.80221],[29.75783,-2.79952],[29.762,-2.79428],[29.76407,-2.77961],[29.76788,-2.77649],[29.76708,-2.77039],[29.7705,-2.76433],[29.78042,-2.76586],[29.78554,-2.76249],[29.78934,-2.76203],[29.79296,-2.7567],[29.79586,-2.75507],[29.801,-2.75514],[29.80974,-2.76087],[29.80945,-2.76436],[29.81138,-2.7655],[29.81177,-2.77121],[29.81415,-2.77137],[29.81936,-2.77601],[29.82824,-2.77706],[29.8314,-2.77939],[29.83247,-2.7742],[29.83502,-2.77447],[29.83921,-2.76792],[29.84112,-2.76901],[29.84431,-2.76721],[29.85237,-2.76595],[29.85473,-2.76182],[29.8594,-2.76293],[29.86331,-2.75991],[29.86733,-2.75914],[29.87315,-2.76074],[29.87769,-2.75943],[29.87999,-2.75624],[29.87815,-2.7533],[29.87864,-2.75179],[29.88189,-2.75208],[29.89093,-2.7491],[29.8928,-2.74612],[29.89028,-2.74455],[29.89261,-2.74211],[29.89314,-2.73962],[29.89172,-2.73724],[29.89309,-2.73477],[29.89972,-2.72794],[29.90159,-2.72094],[29.90989,-2.71406],[29.91233,-2.70761],[29.91786,-2.70232],[29.91819,-2.69558],[29.92326,-2.68671],[29.92988,-2.66405],[29.92787,-2.66009],[29.92842,-2.65725],[29.93328,-2.65063],[29.93561,-2.64194],[29.93397,-2.63829],[29.9299,-2.63634],[29.92814,-2.63328],[29.93052,-2.62299],[29.92964,-2.60803],[29.93115,-2.58904],[29.92922,-2.58134],[29.92499,-2.57746],[29.92612,-2.5754],[29.92353,-2.5678],[29.92125,-2.56569],[29.92198,-2.5622],[29.92047,-2.5608],[29.92036,-2.55706],[29.92429,-2.55262],[29.92586,-2.54778],[29.92918,-2.54518],[29.92863,-2.54081],[29.93382,-2.53337],[29.93505,-2.52496],[29.93361,-2.51982],[29.93615,-2.51875],[29.93816,-2.51483],[29.93748,-2.5114],[29.9425,-2.50029],[29.9422,-2.49799],[29.9503,-2.49549],[29.95577,-2.48887],[29.96357,-2.48865],[29.96734,-2.48464],[29.96708,-2.47856],[29.96831,-2.47562],[29.96679,-2.47241],[29.966,-2.47381],[29.9656,-2.46933],[29.96675,-2.46842],[29.96643,-2.47141],[29.96995,-2.46109],[29.9677,-2.45705],[29.96783,-2.45282],[29.96523,-2.44967],[29.96725,-2.44581],[29.9622,-2.4361],[29.96069,-2.42484],[29.96174,-2.41462],[29.95477,-2.39733],[29.95437,-2.38934],[29.95216,-2.3838],[29.94746,-2.37586],[29.9426,-2.3712],[29.944,-2.36352],[29.94605,-2.36286],[29.94764,-2.35871],[29.9569,-2.34904],[29.95714,-2.34533],[29.9545,-2.33996],[29.95621,-2.33621],[29.95563,-2.3296],[29.96402,-2.32011],[29.96627,-2.3202],[29.96401,-2.32103],[29.95914,-2.32743],[29.98549,-2.33718],[29.98837,-2.33466],[29.98864,-2.3361],[30.00105,-2.34159],[30.01347,-2.33981],[30.01429,-2.33596],[30.01614,-2.33489],[30.01889,-2.34072],[30.02086,-2.34061],[30.02334,-2.33712],[30.02305,-2.34218],[30.03055,-2.34408],[30.03163,-2.34593],[30.03764,-2.34843],[30.04012,-2.34687],[30.04094,-2.34321],[30.05383,-2.33922],[30.05394,-2.34153],[30.04658,-2.34436],[30.04289,-2.35083],[30.04732,-2.3541],[30.049,-2.35829],[30.05107,-2.35973],[30.05092,-2.36226],[30.05592,-2.36916],[30.05765,-2.37019],[30.06018,-2.36938],[30.06013,-2.37383],[30.06464,-2.37355],[30.06951,-2.36789],[30.07105,-2.36827],[30.06478,-2.38014],[30.0669,-2.39123],[30.0738,-2.3954],[30.07777,-2.39486],[30.0865,-2.38859],[30.09231,-2.37792],[30.09272,-2.38445],[30.09485,-2.38669],[30.09176,-2.38838],[30.09095,-2.39045],[30.09733,-2.39665],[30.10709,-2.39934],[30.12404,-2.39635],[30.1199,-2.40085],[30.1061,-2.4029],[30.09733,-2.40049],[30.08853,-2.39531],[30.08277,-2.39677],[30.0812,-2.39976],[30.08604,-2.40782],[30.09876,-2.41983],[30.10551,-2.42126],[30.11408,-2.41384],[30.1096,-2.42191],[30.11033,-2.42326],[30.11605,-2.42606],[30.12142,-2.42278],[30.12885,-2.42137],[30.12949,-2.42261],[30.12797,-2.42449],[30.12035,-2.42828],[30.11967,-2.43049],[30.12151,-2.43212],[30.12586,-2.43281],[30.13003,-2.43146],[30.13158,-2.43312],[30.13765,-2.43424],[30.146,-2.42959],[30.14839,-2.42413],[30.14853,-2.41985],[30.15356,-2.41762],[30.15541,-2.41868],[30.15296,-2.42346],[30.1522,-2.42782],[30.1532,-2.42884],[30.16451,-2.42328],[30.1727,-2.42539],[30.17882,-2.42972],[30.18368,-2.42811],[30.19623,-2.40991],[30.19876,-2.3981],[30.19763,-2.39227],[30.19867,-2.38776],[30.20596,-2.38585],[30.21315,-2.38197],[30.21453,-2.36986],[30.21829,-2.36564],[30.21962,-2.35505],[30.22445,-2.34961],[30.22758,-2.34889],[30.23212,-2.3503],[30.23688,-2.35544],[30.24454,-2.3598],[30.24835,-2.36442],[30.25154,-2.37152],[30.2522,-2.3688],[30.25654,-2.37119],[30.26729,-2.37149],[30.26666,-2.37373],[30.26961,-2.37417],[30.27021,-2.37206],[30.26914,-2.3714],[30.29003,-2.36889],[30.28984,-2.3653],[30.29236,-2.3625],[30.29492,-2.36209],[30.29569,-2.35988],[30.29379,-2.3538],[30.29875,-2.35014],[30.30183,-2.34523],[30.30047,-2.3421],[30.29694,-2.34275],[30.2955,-2.34073],[30.29254,-2.34041],[30.29414,-2.33902],[30.29532,-2.33991],[30.29591,-2.33765],[30.29767,-2.33707],[30.29561,-2.33299],[30.29651,-2.32892],[30.29391,-2.32824],[30.29304,-2.32588],[30.29683,-2.32103],[30.29469,-2.31795],[30.30424,-2.30936],[30.30717,-2.3108],[30.3088,-2.3096],[30.31498,-2.31068],[30.32062,-2.31423],[30.32262,-2.31415],[30.32517,-2.317],[30.33076,-2.31749],[30.34052,-2.31469],[30.34582,-2.31949],[30.34379,-2.33056],[30.34897,-2.34277],[30.35619,-2.35157],[30.36085,-2.3545],[30.35277,-2.34946],[30.35357,-2.35023],[30.35225,-2.35321],[30.35481,-2.35342],[30.35567,-2.35771],[30.37316,-2.35235],[30.37392,-2.3438],[30.37692,-2.34083],[30.37899,-2.33358],[30.37806,-2.33161],[30.3801,-2.33033],[30.38048,-2.32568],[30.38479,-2.32298],[30.38809,-2.31715],[30.39351,-2.31265],[30.39868,-2.31284],[30.40137,-2.31128],[30.40436,-2.31209],[30.40924,-2.30965],[30.41436,-2.31405],[30.41761,-2.32041],[30.42146,-2.32271],[30.42186,-2.32626],[30.42641,-2.32444],[30.4286,-2.32794],[30.43391,-2.32801],[30.4372,-2.32969],[30.44411,-2.32114],[30.44644,-2.32115],[30.4514,-2.31791],[30.46036,-2.31858],[30.46283,-2.3209],[30.46367,-2.32478],[30.46221,-2.33062],[30.4597,-2.3325],[30.4614,-2.33977],[30.45895,-2.34441],[30.46108,-2.34779],[30.47013,-2.35083],[30.47104,-2.35877],[30.46935,-2.36341],[30.47148,-2.36638],[30.47677,-2.36834],[30.48387,-2.36543],[30.48636,-2.3663],[30.48967,-2.37661],[30.49508,-2.37703],[30.49714,-2.38008],[30.4988,-2.37993],[30.50096,-2.38419],[30.51062,-2.39192],[30.50989,-2.39872],[30.51168,-2.40116],[30.51657,-2.4012],[30.51945,-2.40416],[30.52652,-2.4034],[30.53595,-2.40524],[30.53948,-2.41067],[30.54444,-2.41312],[30.55071,-2.41066],[30.55422,-2.41265],[30.56379,-2.41445],[30.56967,-2.41915],[30.57567,-2.41796],[30.58417,-2.41357],[30.59066,-2.40503],[30.59686,-2.40227],[30.60178,-2.40277],[30.60671,-2.39918],[30.6107,-2.39935],[30.61281,-2.40216],[30.61522,-2.4028],[30.62371,-2.39973],[30.63047,-2.40342],[30.6337,-2.40273],[30.63548,-2.40441],[30.63866,-2.40435],[30.64027,-2.40186],[30.6444,-2.40977],[30.65141,-2.41301],[30.65699,-2.41349],[30.66273,-2.40932],[30.66363,-2.40536],[30.66905,-2.40325],[30.67212,-2.39692],[30.68007,-2.39354],[30.6881,-2.38367],[30.69011,-2.37792],[30.6903,-2.36977],[30.69534,-2.36348],[30.7029,-2.36261],[30.70922,-2.35733],[30.7158,-2.35546],[30.71829,-2.35576],[30.72282,-2.36005],[30.73278,-2.36338],[30.73896,-2.37387],[30.74745,-2.3796],[30.75297,-2.38158],[30.7624,-2.38178],[30.77097,-2.39001],[30.77502,-2.38881],[30.77827,-2.3895],[30.77996,-2.38773],[30.77978,-2.38434],[30.78325,-2.38285],[30.78309,-2.37891],[30.78616,-2.37652],[30.78809,-2.37739],[30.79165,-2.37431],[30.79587,-2.36638],[30.80372,-2.36357],[30.81348,-2.36419],[30.82518,-2.35522],[30.83437,-2.3432],[30.83433,-2.33867],[30.83345,-2.34049],[30.83225,-2.34018],[30.83918,-2.3273],[30.83777,-2.3259],[30.84123,-2.32487],[30.84275,-2.32329],[30.84579,-2.32318],[30.8477,-2.3184],[30.84995,-2.31656],[30.85039,-2.31203],[30.84868,-2.30771],[30.8498,-2.30669],[30.84868,-2.30628],[30.84933,-2.30105],[30.85102,-2.29496],[30.85232,-2.29409],[30.85162,-2.29661],[30.85309,-2.29299],[30.8521,-2.27331],[30.84487,-2.25884],[30.84584,-2.25148],[30.84143,-2.242],[30.83916,-2.25642],[30.84225,-2.23075],[30.83992,-2.22826],[30.84203,-2.22416],[30.84467,-2.22323],[30.84593,-2.22421],[30.84568,-2.21898],[30.84304,-2.21639],[30.84428,-2.21348],[30.84336,-2.20566],[30.84942,-2.19842],[30.85191,-2.18651],[30.85703,-2.18241],[30.85821,-2.17957],[30.85953,-2.17982],[30.85844,-2.17714],[30.85978,-2.17414],[30.85835,-2.1709],[30.862,-2.16094],[30.86078,-2.15395],[30.86547,-2.14738],[30.86535,-2.14396],[30.86764,-2.13955],[30.87545,-2.13461],[30.87577,-2.125],[30.87326,-2.12035],[30.88577,-2.10287],[30.88602,-2.09331],[30.89191,-2.09343],[30.89536,-2.08371],[30.8976,-2.08263],[30.89867,-2.07714],[30.89786,-2.07125],[30.89259,-2.06769],[30.89238,-2.06493],[30.88959,-2.06368],[30.88411,-2.05342],[30.88132,-2.05101],[30.8768,-2.05054],[30.87599,-2.04846],[30.87719,-2.04242],[30.87537,-2.03729],[30.8663,-2.03458],[30.85923,-2.02937],[30.85606,-2.02348],[30.85621,-2.02035],[30.85315,-2.02066],[30.84914,-2.01555],[30.848,-2.01094],[30.84005,-2.00898],[30.8378,-2.00945],[30.83443,-2.01331],[30.82756,-2.01682],[30.82704,-2.02053],[30.82052,-2.02415],[30.82631,-2.03255],[30.82277,-2.04334],[30.82484,-2.04669],[30.81509,-2.05232],[30.80716,-2.06591],[30.79739,-2.07544],[30.79004,-2.07671],[30.78832,-2.07478],[30.79089,-2.06699],[30.80129,-2.06092],[30.79943,-2.05808],[30.79745,-2.04596],[30.80763,-2.03694],[30.81499,-2.02119],[30.81514,-2.0145],[30.81691,-2.01208],[30.81486,-2.00473],[30.81684,-2.00041],[30.8141,-1.99472],[30.8154,-1.99019],[30.81384,-1.98619],[30.81774,-1.98087],[30.82298,-1.97849],[30.82398,-1.97577],[30.82661,-1.97422],[30.82711,-1.97147],[30.81237,-1.94687],[30.81087,-1.94068],[30.80486,-1.93513],[30.79902,-1.93838],[30.79317,-1.93876],[30.79291,-1.94616],[30.78926,-1.94694],[30.7918,-1.95188],[30.79082,-1.95602],[30.78302,-1.96707],[30.77628,-1.97345],[30.77178,-1.97468],[30.77091,-1.97358],[30.77667,-1.96213],[30.77485,-1.95406],[30.7798,-1.95241],[30.78161,-1.94783],[30.78727,-1.94203],[30.78676,-1.93647],[30.78884,-1.93266],[30.79265,-1.93208],[30.7962,-1.92826],[30.79821,-1.91954],[30.80587,-1.91783],[30.80779,-1.90999],[30.81155,-1.9053],[30.81097,-1.90341],[30.81192,-1.90063],[30.8153,-1.89761],[30.81673,-1.88012],[30.82006,-1.8676],[30.80968,-1.8791],[30.80751,-1.8839],[30.80798,-1.88703],[30.80651,-1.88818],[30.80866,-1.89003],[30.80883,-1.89223],[30.80353,-1.89607],[30.7976,-1.895],[30.79397,-1.89754],[30.79358,-1.9008],[30.79008,-1.90179],[30.78572,-1.90025],[30.78486,-1.89753],[30.78659,-1.89486],[30.78601,-1.88923],[30.78405,-1.8855],[30.78105,-1.88448],[30.77985,-1.88908],[30.77589,-1.89255],[30.77318,-1.89933],[30.77758,-1.90949],[30.77163,-1.91555],[30.76773,-1.91247],[30.76528,-1.9159],[30.76465,-1.91985],[30.76692,-1.92629],[30.76198,-1.92802],[30.75638,-1.92112],[30.75238,-1.92341],[30.74897,-1.92268],[30.74839,-1.92568],[30.75182,-1.93225],[30.75173,-1.93574],[30.74423,-1.93532],[30.74249,-1.93656],[30.74277,-1.94087],[30.7447,-1.94441],[30.74117,-1.94512],[30.73743,-1.94915],[30.7368,-1.95503],[30.73858,-1.95878],[30.73499,-1.9576],[30.72904,-1.96106],[30.72813,-1.96421],[30.72906,-1.96805],[30.72655,-1.96815],[30.72504,-1.96985],[30.72521,-1.97796],[30.72386,-1.97973],[30.71964,-1.97744],[30.71672,-1.97102],[30.71811,-1.96663],[30.71699,-1.96186],[30.72009,-1.95814],[30.7229,-1.94928],[30.72854,-1.93972],[30.72798,-1.93233],[30.73348,-1.91825],[30.73247,-1.91587],[30.7298,-1.91559],[30.71821,-1.93881],[30.71479,-1.94283],[30.71545,-1.93736],[30.71407,-1.93552],[30.71635,-1.92958],[30.71715,-1.92058],[30.71299,-1.91548],[30.71431,-1.90902],[30.73051,-1.89633],[30.73807,-1.8821],[30.75554,-1.88451],[30.75591,-1.87994],[30.75914,-1.87651],[30.7584,-1.87104],[30.7602,-1.86502],[30.76434,-1.8612],[30.76262,-1.85692],[30.75819,-1.85826],[30.75937,-1.84727],[30.75683,-1.84374],[30.75775,-1.83975],[30.76118,-1.83527],[30.76269,-1.82981],[30.77044,-1.82099],[30.77171,-1.81691],[30.77659,-1.81056],[30.78291,-1.80517],[30.78769,-1.80421],[30.79511,-1.80556],[30.79642,-1.80457],[30.79983,-1.80592],[30.80398,-1.80304],[30.80853,-1.80328],[30.8203,-1.81065],[30.82609,-1.81693],[30.82317,-1.82074],[30.82241,-1.82634],[30.82457,-1.82631],[30.81755,-1.83359],[30.81584,-1.83759],[30.81827,-1.84404],[30.82397,-1.84727],[30.82477,-1.84388],[30.81935,-1.84256],[30.81785,-1.83633],[30.82561,-1.83277],[30.8282,-1.82947],[30.82895,-1.8262],[30.82667,-1.82361],[30.8277,-1.81925],[30.82741,-1.82397],[30.82913,-1.82558],[30.83159,-1.81181],[30.82752,-1.7737],[30.82466,-1.77686],[30.82345,-1.78168],[30.82814,-1.80067],[30.82685,-1.80349],[30.82958,-1.81294],[30.82844,-1.81692],[30.82904,-1.81243],[30.82623,-1.80304],[30.82744,-1.8006],[30.82292,-1.78233],[30.82401,-1.77695],[30.82743,-1.7728],[30.82419,-1.74247],[30.81903,-1.73676],[30.81495,-1.73507],[30.81934,-1.73647],[30.8241,-1.74164],[30.82233,-1.72503],[30.81682,-1.72519],[30.81311,-1.73252],[30.81468,-1.73503],[30.81248,-1.7327],[30.81609,-1.72489],[30.82226,-1.72438],[30.82068,-1.70954],[30.82272,-1.70763],[30.82225,-1.69565],[30.819,-1.68646],[30.81542,-1.68667],[30.81392,-1.6851],[30.81175,-1.68603],[30.81136,-1.68483],[30.81876,-1.68514],[30.8223,-1.69076],[30.82429,-1.68634],[30.8226,-1.68421],[30.82598,-1.68095],[30.82647,-1.67644],[30.8293,-1.6715],[30.8311,-1.67072],[30.83237,-1.66586],[30.8341,-1.66467],[30.83791,-1.65625],[30.83642,-1.65465],[30.83633,-1.6517],[30.83817,-1.64866],[30.80687,-1.60673],[30.80443,-1.60517],[30.80278,-1.60127],[30.80093,-1.60204],[30.79712,-1.59945],[30.79399,-1.60096],[30.7913,-1.5968],[30.78266,-1.59317],[30.77415,-1.58477],[30.7733,-1.58103],[30.7767,-1.57902],[30.77898,-1.57494],[30.78326,-1.57529],[30.7451,-1.52339],[30.74634,-1.52011],[30.74531,-1.51807],[30.74374,-1.51805],[30.74351,-1.51492],[30.73954,-1.51432],[30.73666,-1.51257],[30.73387,-1.5128],[30.7307,-1.51122],[30.72917,-1.50968],[30.72877,-1.50441],[30.72654,-1.50233],[30.72657,-1.50632],[30.72948,-1.51132],[30.73948,-1.51722],[30.73739,-1.52665],[30.73447,-1.53058],[30.73487,-1.53301],[30.73751,-1.53447],[30.73692,-1.53555],[30.73582,-1.53449],[30.73073,-1.53524],[30.72322,-1.53903],[30.72246,-1.54086],[30.71659,-1.54195],[30.70715,-1.53566],[30.70564,-1.53056],[30.70835,-1.52121],[30.70565,-1.51859],[30.70654,-1.51254],[30.71385,-1.50642],[30.7221,-1.50552],[30.72514,-1.50376],[30.72494,-1.49969],[30.72759,-1.49088],[30.73057,-1.48985],[30.73206,-1.48767],[30.73485,-1.48774],[30.73528,-1.48177],[30.73935,-1.47829],[30.73824,-1.47227],[30.74015,-1.46881],[30.73915,-1.45416],[30.74093,-1.45274],[30.7378,-1.44546],[30.73675,-1.44829],[30.73605,-1.45101],[30.72408,-1.43883],[30.72371,-1.45184],[30.71915,-1.45036],[30.7173,-1.44697],[30.71304,-1.44794],[30.71426,-1.44544],[30.71866,-1.44547],[30.72279,-1.43752],[30.68622,-1.40038],[30.67883,-1.39964],[30.67502,-1.39734],[30.67508,-1.39503],[30.67296,-1.39351],[30.62947,-1.38506],[30.62621,-1.38158],[30.62558,-1.37798],[30.62105,-1.37805],[30.61822,-1.37387],[30.61843,-1.37202],[30.62193,-1.36925],[30.61744,-1.35983],[30.61197,-1.35617],[30.61263,-1.34976],[30.60388,-1.34744],[30.6021,-1.34984],[30.6021,-1.34993]],[[30.52749,-1.34522],[30.52611,-1.34429],[30.52761,-1.3425],[30.52833,-1.34305],[30.52804,-1.3407],[30.52946,-1.34005],[30.52896,-1.34294],[30.52749,-1.34522]],[[30.51087,-1.33174],[30.5106,-1.33283],[30.50944,-1.33193],[30.51087,-1.33174]],[[30.33261,-1.32537],[30.33853,-1.32843],[30.334,-1.33076],[30.33261,-1.32537]],[[30.31452,-1.28631],[30.31356,-1.28787],[30.31287,-1.2863],[30.31452,-1.28631]],[[30.36443,-1.27858],[30.36172,-1.27864],[30.36032,-1.27647],[30.36448,-1.27473],[30.36443,-1.27858]],[[30.32681,-1.25691],[30.3264,-1.25866],[30.32547,-1.25818],[30.32532,-1.25704],[30.32681,-1.25691]],[[30.46986,-1.22938],[30.46491,-1.23687],[30.46427,-1.23466],[30.46986,-1.22938]],[[30.38197,-1.15692],[30.38119,-1.15915],[30.38082,-1.15704],[30.38197,-1.15692]],[[30.34522,-1.35727],[30.34369,-1.35671],[30.34412,-1.35564],[30.34522,-1.35727]],[[30.29885,-1.37753],[30.29869,-1.37579],[30.29985,-1.37571],[30.29885,-1.37753]],[[30.67091,-1.40167],[30.67252,-1.39988],[30.67185,-1.40214],[30.6733,-1.40434],[30.67175,-1.4067],[30.66593,-1.40649],[30.66301,-1.40965],[30.66244,-1.40642],[30.66598,-1.40242],[30.67091,-1.40167]],[[30.28621,-1.40944],[30.29209,-1.41308],[30.29248,-1.41469],[30.28857,-1.41436],[30.28529,-1.41194],[30.28621,-1.40944]],[[30.65604,-1.41235],[30.65701,-1.41177],[30.65707,-1.41362],[30.65604,-1.41235]],[[30.67834,-1.41336],[30.68089,-1.41202],[30.68251,-1.4142],[30.69062,-1.41565],[30.69354,-1.41973],[30.69211,-1.42078],[30.69189,-1.41788],[30.69017,-1.41705],[30.68515,-1.4195],[30.68605,-1.42901],[30.67724,-1.43796],[30.67893,-1.44042],[30.68361,-1.44114],[30.68658,-1.44448],[30.68447,-1.45297],[30.68225,-1.45467],[30.67761,-1.45338],[30.67312,-1.45927],[30.67474,-1.46493],[30.68474,-1.46903],[30.6844,-1.47201],[30.68677,-1.47461],[30.68645,-1.47605],[30.68141,-1.4768],[30.67751,-1.4755],[30.68365,-1.48192],[30.69072,-1.4841],[30.69176,-1.49121],[30.68712,-1.49782],[30.68421,-1.4968],[30.68057,-1.49498],[30.67769,-1.4908],[30.67699,-1.48692],[30.67464,-1.48481],[30.67526,-1.49096],[30.6732,-1.49842],[30.6792,-1.50174],[30.6801,-1.50673],[30.67383,-1.51289],[30.67129,-1.51136],[30.66849,-1.50553],[30.66094,-1.50462],[30.66116,-1.50124],[30.66673,-1.4948],[30.66721,-1.49098],[30.66658,-1.48485],[30.66266,-1.48094],[30.6598,-1.4797],[30.65649,-1.48041],[30.65263,-1.48604],[30.65078,-1.49177],[30.65114,-1.50372],[30.64706,-1.50343],[30.64275,-1.49136],[30.64973,-1.47643],[30.65221,-1.47536],[30.66155,-1.46294],[30.66144,-1.45144],[30.66408,-1.44804],[30.66421,-1.44277],[30.66902,-1.4289],[30.66885,-1.42573],[30.67007,-1.42325],[30.67674,-1.4182],[30.67834,-1.41336]],[[30.7104,-1.43431],[30.71034,-1.43266],[30.71173,-1.43401],[30.7104,-1.43431]],[[30.717,-1.44094],[30.71838,-1.4417],[30.71663,-1.44183],[30.717,-1.44094]],[[29.7434,-1.52995],[29.74178,-1.53166],[29.74108,-1.53756],[29.73868,-1.53931],[29.73729,-1.53732],[29.73795,-1.53597],[29.73446,-1.53371],[29.73509,-1.53251],[29.73222,-1.53184],[29.7326,-1.5297],[29.73494,-1.53007],[29.73706,-1.52844],[29.73495,-1.52762],[29.73619,-1.52554],[29.7339,-1.52065],[29.73145,-1.51854],[29.7256,-1.52051],[29.72193,-1.51527],[29.72013,-1.51756],[29.71686,-1.51553],[29.71564,-1.51738],[29.71332,-1.51563],[29.71456,-1.51738],[29.71291,-1.51916],[29.71438,-1.52312],[29.71308,-1.52358],[29.71128,-1.52184],[29.70639,-1.52456],[29.71095,-1.51896],[29.7108,-1.51062],[29.71453,-1.511],[29.71676,-1.50808],[29.71912,-1.50913],[29.72059,-1.50581],[29.721,-1.50369],[29.71591,-1.49923],[29.71877,-1.49536],[29.71546,-1.49204],[29.71875,-1.48803],[29.71847,-1.48507],[29.72186,-1.48213],[29.72592,-1.48131],[29.72485,-1.48551],[29.72864,-1.48721],[29.73009,-1.48181],[29.73411,-1.48],[29.73753,-1.48101],[29.74681,-1.47605],[29.7479,-1.47762],[29.74941,-1.47641],[29.75202,-1.47884],[29.75139,-1.48037],[29.75295,-1.48099],[29.75442,-1.48567],[29.75633,-1.48656],[29.75597,-1.4883],[29.7575,-1.48845],[29.75719,-1.49047],[29.75904,-1.4908],[29.75854,-1.49231],[29.76356,-1.49856],[29.76321,-1.50055],[29.76837,-1.50821],[29.76776,-1.51031],[29.7693,-1.51079],[29.76833,-1.51303],[29.76981,-1.51495],[29.7691,-1.51789],[29.77142,-1.5189],[29.77013,-1.52007],[29.77155,-1.52118],[29.77067,-1.52243],[29.77245,-1.52296],[29.77101,-1.52603],[29.77444,-1.52706],[29.77421,-1.52872],[29.77202,-1.52975],[29.77403,-1.53247],[29.76926,-1.5508],[29.75962,-1.55984],[29.75855,-1.55823],[29.75537,-1.56009],[29.75337,-1.5587],[29.75247,-1.55151],[29.75466,-1.54695],[29.75148,-1.54441],[29.75319,-1.54208],[29.75513,-1.54256],[29.75637,-1.54119],[29.75477,-1.53571],[29.75732,-1.53085],[29.76023,-1.5297],[29.75732,-1.52833],[29.75969,-1.52693],[29.75728,-1.5254],[29.7586,-1.52353],[29.75665,-1.52254],[29.75754,-1.5195],[29.75561,-1.51989],[29.75385,-1.5177],[29.75337,-1.51513],[29.75512,-1.51394],[29.75067,-1.50875],[29.75065,-1.50295],[29.74712,-1.4982],[29.74903,-1.49636],[29.74724,-1.49293],[29.74185,-1.49421],[29.74039,-1.49728],[29.74232,-1.49761],[29.74102,-1.49998],[29.74373,-1.50025],[29.74497,-1.50223],[29.74474,-1.50588],[29.743,-1.50833],[29.74599,-1.50832],[29.74708,-1.51046],[29.74594,-1.51597],[29.74202,-1.5124],[29.74259,-1.51082],[29.7407,-1.50956],[29.73994,-1.5106],[29.74131,-1.51193],[29.73994,-1.51427],[29.74362,-1.51654],[29.74129,-1.51943],[29.74373,-1.52019],[29.74334,-1.52213],[29.74234,-1.52186],[29.74394,-1.52366],[29.74246,-1.52509],[29.74322,-1.52878],[29.74179,-1.52934],[29.7434,-1.52995]],[[29.6761,-1.53789],[29.67498,-1.53665],[29.68174,-1.53773],[29.6761,-1.53789]],[[29.7563,-1.47595],[29.75732,-1.47219],[29.74946,-1.45382],[29.74898,-1.44815],[29.74645,-1.44587],[29.74675,-1.44349],[29.74384,-1.44088],[29.74268,-1.43716],[29.74459,-1.43533],[29.74483,-1.43177],[29.75133,-1.43387],[29.75386,-1.43305],[29.75741,-1.42063],[29.7557,-1.41173],[29.76211,-1.41267],[29.76056,-1.4104],[29.76095,-1.40764],[29.76577,-1.40155],[29.7654,-1.39664],[29.76751,-1.39551],[29.77115,-1.38897],[29.77298,-1.38978],[29.77286,-1.39165],[29.77496,-1.39031],[29.77741,-1.39291],[29.77599,-1.38894],[29.77865,-1.38645],[29.78213,-1.39345],[29.77992,-1.38396],[29.78202,-1.38119],[29.784,-1.38236],[29.78391,-1.38505],[29.7873,-1.39201],[29.78998,-1.38947],[29.78867,-1.38577],[29.79011,-1.38541],[29.79186,-1.38715],[29.79325,-1.38227],[29.79765,-1.38685],[29.79644,-1.39197],[29.79934,-1.39836],[29.79505,-1.39682],[29.79419,-1.39885],[29.7893,-1.39592],[29.78714,-1.40167],[29.78285,-1.39824],[29.78324,-1.40244],[29.78104,-1.40299],[29.78325,-1.40539],[29.78221,-1.40665],[29.78406,-1.41212],[29.78625,-1.41021],[29.78786,-1.41084],[29.78752,-1.41509],[29.78585,-1.41385],[29.78463,-1.41587],[29.78485,-1.42007],[29.78655,-1.42206],[29.7854,-1.42745],[29.78655,-1.43115],[29.78789,-1.4322],[29.78793,-1.42463],[29.78894,-1.42197],[29.7907,-1.42148],[29.7944,-1.42504],[29.79595,-1.43159],[29.7975,-1.43271],[29.79837,-1.42638],[29.802,-1.42605],[29.80004,-1.42497],[29.79939,-1.42047],[29.7968,-1.41919],[29.79857,-1.41705],[29.79873,-1.41394],[29.8012,-1.41435],[29.80744,-1.42349],[29.8096,-1.42233],[29.81068,-1.42427],[29.8134,-1.42548],[29.81528,-1.42429],[29.81689,-1.42606],[29.8162,-1.42784],[29.81338,-1.42898],[29.80963,-1.42727],[29.80749,-1.42936],[29.80682,-1.43347],[29.80434,-1.43365],[29.80444,-1.43567],[29.80736,-1.43491],[29.8132,-1.43734],[29.80978,-1.44362],[29.80747,-1.44214],[29.8066,-1.44306],[29.8096,-1.44614],[29.80825,-1.44865],[29.81056,-1.44949],[29.81055,-1.45121],[29.81131,-1.44955],[29.8132,-1.45],[29.81467,-1.45297],[29.8137,-1.45455],[29.81576,-1.45828],[29.81488,-1.46175],[29.81077,-1.45872],[29.80664,-1.46015],[29.80883,-1.45635],[29.80534,-1.45603],[29.80529,-1.45342],[29.80206,-1.45189],[29.80257,-1.4496],[29.80065,-1.44389],[29.79858,-1.44205],[29.7995,-1.45218],[29.80251,-1.46163],[29.80107,-1.46303],[29.80381,-1.46636],[29.80248,-1.46871],[29.8053,-1.46909],[29.80371,-1.4744],[29.80516,-1.47523],[29.80615,-1.47368],[29.80763,-1.47506],[29.80736,-1.47722],[29.80433,-1.47831],[29.80515,-1.48214],[29.80417,-1.48324],[29.80631,-1.48419],[29.80475,-1.48611],[29.80575,-1.48982],[29.80392,-1.49294],[29.80045,-1.49209],[29.80046,-1.48867],[29.79882,-1.48791],[29.79896,-1.48508],[29.79731,-1.48371],[29.79823,-1.48211],[29.79383,-1.46452],[29.79186,-1.46324],[29.79329,-1.4608],[29.7911,-1.45907],[29.79204,-1.45726],[29.79038,-1.45593],[29.79127,-1.4541],[29.78983,-1.45266],[29.78881,-1.4541],[29.79069,-1.45684],[29.78867,-1.46285],[29.792,-1.47336],[29.79235,-1.4783],[29.7911,-1.4801],[29.7925,-1.48203],[29.79182,-1.48306],[29.7898,-1.48239],[29.7874,-1.48534],[29.79083,-1.48575],[29.79029,-1.48926],[29.79143,-1.49038],[29.79047,-1.49186],[29.78419,-1.49191],[29.78361,-1.49686],[29.7815,-1.49995],[29.77726,-1.50112],[29.77295,-1.49662],[29.77185,-1.49296],[29.76891,-1.49159],[29.76594,-1.48605],[29.76145,-1.48171],[29.76091,-1.47929],[29.7563,-1.47595]],[[29.48765,-1.45982],[29.48773,-1.46187],[29.48585,-1.46204],[29.48539,-1.46036],[29.48765,-1.45982]],[[30.55919,-1.5319],[30.56061,-1.53072],[30.56144,-1.53205],[30.56005,-1.53301],[30.55919,-1.5319]],[[30.56063,-1.53523],[30.56144,-1.53471],[30.56242,-1.53835],[30.56063,-1.53523]],[[30.65667,-1.45544],[30.65288,-1.45716],[30.65172,-1.45994],[30.65191,-1.46855],[30.65115,-1.46595],[30.65032,-1.4672],[30.65137,-1.46287],[30.65056,-1.45866],[30.65496,-1.45399],[30.65629,-1.45517],[30.65837,-1.45401],[30.65667,-1.45544]],[[30.63913,-1.4354],[30.63634,-1.43355],[30.63977,-1.43454],[30.63913,-1.4354]],[[30.64024,-1.4291],[30.64081,-1.43006],[30.63934,-1.42941],[30.64024,-1.4291]],[[30.46592,-1.41893],[30.46174,-1.42214],[30.46546,-1.41721],[30.46592,-1.41893]],[[30.65486,-1.41746],[30.65491,-1.41486],[30.65674,-1.41676],[30.6559,-1.41892],[30.65486,-1.41746]],[[30.63515,-1.41479],[30.63422,-1.41408],[30.63531,-1.41286],[30.63515,-1.41479]],[[29.70872,-1.56364],[29.70926,-1.56472],[29.70772,-1.56382],[29.70872,-1.56364]],[[29.98559,-1.57607],[29.97864,-1.5829],[29.98229,-1.57512],[29.98612,-1.57442],[29.98559,-1.57607]],[[30.75234,-1.57968],[30.75755,-1.57985],[30.75038,-1.58037],[30.75234,-1.57968]],[[30.46192,-1.58346],[30.4622,-1.58479],[30.46097,-1.58421],[30.46192,-1.58346]],[[29.97561,-1.58655],[29.97543,-1.58807],[29.97425,-1.58273],[29.97561,-1.58655]],[[30.76997,-1.58696],[30.77195,-1.59478],[30.769,-1.59795],[30.76792,-1.59742],[30.76948,-1.59571],[30.76828,-1.59256],[30.76973,-1.59011],[30.76833,-1.59135],[30.76731,-1.58991],[30.76918,-1.58973],[30.76997,-1.58696]],[[30.5743,-1.59806],[30.57407,-1.59921],[30.57373,-1.59235],[30.57508,-1.59592],[30.5743,-1.59806]],[[30.76801,-1.60703],[30.77313,-1.60638],[30.77497,-1.60381],[30.77444,-1.60236],[30.77647,-1.60293],[30.77831,-1.5992],[30.77646,-1.60694],[30.76941,-1.6088],[30.76859,-1.61529],[30.76562,-1.61906],[30.76,-1.62207],[30.75854,-1.62061],[30.75091,-1.62481],[30.7496,-1.62714],[30.74651,-1.62501],[30.74669,-1.62277],[30.74877,-1.6217],[30.74737,-1.62051],[30.74854,-1.61902],[30.75119,-1.61786],[30.75229,-1.61897],[30.7567,-1.6188],[30.76167,-1.61192],[30.76283,-1.61263],[30.76768,-1.60996],[30.76801,-1.60703]],[[30.76465,-1.60699],[30.76348,-1.60723],[30.76612,-1.60393],[30.7669,-1.60554],[30.76465,-1.60699]],[[30.72424,-1.60908],[30.72276,-1.61246],[30.71676,-1.61709],[30.71372,-1.62574],[30.71124,-1.62501],[30.71042,-1.61399],[30.71214,-1.61269],[30.71691,-1.61376],[30.72018,-1.61177],[30.71422,-1.61019],[30.71579,-1.6067],[30.71742,-1.60594],[30.72015,-1.60832],[30.72163,-1.60658],[30.72001,-1.60511],[30.72182,-1.60358],[30.72528,-1.60461],[30.72901,-1.60262],[30.72424,-1.60908]],[[29.5397,-1.62557],[29.53785,-1.62623],[29.53741,-1.62397],[29.53939,-1.62392],[29.5397,-1.62557]],[[29.51603,-1.62643],[29.51851,-1.63214],[29.51471,-1.63813],[29.5132,-1.63723],[29.51354,-1.63462],[29.51145,-1.63371],[29.51205,-1.63065],[29.5091,-1.63007],[29.5101,-1.63227],[29.50867,-1.63425],[29.50416,-1.63089],[29.50435,-1.62742],[29.50571,-1.62826],[29.50954,-1.627],[29.51018,-1.62316],[29.51603,-1.62643]],[[30.76395,-1.62708],[30.76708,-1.6258],[30.77024,-1.62752],[30.7702,-1.62895],[30.7683,-1.62908],[30.76451,-1.63368],[30.76119,-1.63029],[30.76395,-1.62708]],[[30.77179,-1.6329],[30.77417,-1.6338],[30.774,-1.63555],[30.77305,-1.63425],[30.77049,-1.63478],[30.77179,-1.6329]],[[30.74153,-1.63521],[30.74093,-1.64506],[30.74321,-1.64829],[30.7386,-1.65591],[30.73726,-1.66097],[30.74036,-1.66376],[30.74137,-1.6695],[30.74523,-1.67281],[30.74574,-1.67754],[30.74284,-1.67913],[30.74187,-1.68653],[30.73793,-1.69009],[30.73523,-1.68806],[30.73182,-1.677],[30.72664,-1.67785],[30.73414,-1.69795],[30.73109,-1.7133],[30.73003,-1.70954],[30.72516,-1.7032],[30.72414,-1.69647],[30.71831,-1.69532],[30.71341,-1.69955],[30.7117,-1.70454],[30.70809,-1.6981],[30.70889,-1.693],[30.71482,-1.68345],[30.71437,-1.68058],[30.7118,-1.68026],[30.69898,-1.69032],[30.69491,-1.68634],[30.69148,-1.67961],[30.69142,-1.67632],[30.69462,-1.67202],[30.70035,-1.67326],[30.70052,-1.66879],[30.70293,-1.66616],[30.7059,-1.66509],[30.71205,-1.66791],[30.71384,-1.66714],[30.71376,-1.66452],[30.72131,-1.65596],[30.72201,-1.65101],[30.72614,-1.64513],[30.74153,-1.63521]],[[30.78141,-1.63999],[30.78145,-1.64336],[30.77834,-1.64614],[30.77803,-1.64264],[30.78141,-1.63999]],[[30.77933,-1.64886],[30.78036,-1.65166],[30.77652,-1.65462],[30.77588,-1.6538],[30.7789,-1.65113],[30.77933,-1.64886]],[[30.79296,-1.65063],[30.79415,-1.64965],[30.78884,-1.65699],[30.79069,-1.65164],[30.79296,-1.65063]],[[30.76122,-1.66014],[30.75857,-1.65792],[30.76182,-1.65939],[30.76122,-1.66014]],[[30.7896,-1.65901],[30.79084,-1.65979],[30.79184,-1.66836],[30.78889,-1.67143],[30.7849,-1.67171],[30.77902,-1.66719],[30.78152,-1.66778],[30.78446,-1.66129],[30.78968,-1.66174],[30.7896,-1.65901]],[[30.77049,-1.67076],[30.77441,-1.6674],[30.77396,-1.66954],[30.77049,-1.67076]],[[30.75889,-1.67561],[30.76204,-1.67554],[30.75728,-1.67851],[30.75692,-1.67703],[30.75889,-1.67561]],[[30.77681,-1.67971],[30.77744,-1.68078],[30.77143,-1.68839],[30.77301,-1.69286],[30.76977,-1.69691],[30.76927,-1.70109],[30.77037,-1.70202],[30.77247,-1.7005],[30.77488,-1.70256],[30.77389,-1.70746],[30.77199,-1.70919],[30.77282,-1.71046],[30.77492,-1.70957],[30.77475,-1.71169],[30.77098,-1.71302],[30.77472,-1.72726],[30.76667,-1.72832],[30.76142,-1.72269],[30.76262,-1.72569],[30.75916,-1.73184],[30.76006,-1.73528],[30.75912,-1.73749],[30.75259,-1.73961],[30.74931,-1.74613],[30.7489,-1.74364],[30.74713,-1.74402],[30.74701,-1.74287],[30.75288,-1.73565],[30.7425,-1.72919],[30.7389,-1.72025],[30.73942,-1.71642],[30.74224,-1.71193],[30.75228,-1.70631],[30.75108,-1.70138],[30.7522,-1.69965],[30.75565,-1.69924],[30.76044,-1.70149],[30.77035,-1.69435],[30.77046,-1.6914],[30.76559,-1.69057],[30.76243,-1.6858],[30.77681,-1.67971]],[[30.79806,-1.71199],[30.79845,-1.71494],[30.7958,-1.71476],[30.7955,-1.71357],[30.79806,-1.71199]],[[30.7949,-1.71289],[30.79162,-1.71708],[30.79128,-1.71339],[30.7949,-1.71289]],[[30.78019,-1.71324],[30.77885,-1.71493],[30.77604,-1.71448],[30.77753,-1.713],[30.78019,-1.71324]],[[30.78914,-1.73474],[30.793,-1.73643],[30.79562,-1.73527],[30.79797,-1.73684],[30.79204,-1.74134],[30.78154,-1.73872],[30.78914,-1.73474]],[[30.35996,-1.74622],[30.36449,-1.75255],[30.36364,-1.75404],[30.35968,-1.74891],[30.35996,-1.74622]],[[30.7771,-1.751],[30.78171,-1.75204],[30.77996,-1.75327],[30.77709,-1.75282],[30.77583,-1.75175],[30.7771,-1.751]],[[29.65428,-1.73117],[29.65749,-1.73436],[29.66399,-1.73046],[29.69039,-1.73144],[29.69264,-1.73328],[29.69532,-1.73329],[29.69742,-1.73665],[29.70137,-1.73721],[29.70194,-1.74491],[29.70989,-1.75228],[29.71361,-1.752],[29.71791,-1.7551],[29.7214,-1.75418],[29.72743,-1.74779],[29.73254,-1.74742],[29.73922,-1.75053],[29.74088,-1.74887],[29.7493,-1.75055],[29.74968,-1.74715],[29.7505,-1.74921],[29.74516,-1.76429],[29.75081,-1.7737],[29.7622,-1.77664],[29.76518,-1.78098],[29.77033,-1.79156],[29.7695,-1.79592],[29.77127,-1.80838],[29.77859,-1.80903],[29.78605,-1.8184],[29.79011,-1.81999],[29.79191,-1.82469],[29.7985,-1.82759],[29.80206,-1.83978],[29.79846,-1.84526],[29.79864,-1.84841],[29.80914,-1.85209],[29.8162,-1.85076],[29.82396,-1.85626],[29.82712,-1.85424],[29.83889,-1.85514],[29.84537,-1.85902],[29.84914,-1.86567],[29.84891,-1.87059],[29.85308,-1.87306],[29.85641,-1.87033],[29.86305,-1.86775],[29.86409,-1.8637],[29.87107,-1.86154],[29.8756,-1.85564],[29.87984,-1.85366],[29.88856,-1.85766],[29.89413,-1.86251],[29.90168,-1.86245],[29.90536,-1.85865],[29.91102,-1.8573],[29.9183,-1.86404],[29.91977,-1.86947],[29.92716,-1.86757],[29.92973,-1.87144],[29.93258,-1.87203],[29.93476,-1.87769],[29.93848,-1.87628],[29.94264,-1.87778],[29.94356,-1.88008],[29.94262,-1.8842],[29.94842,-1.88707],[29.94952,-1.89107],[29.95432,-1.89045],[29.95797,-1.89512],[29.96034,-1.89521],[29.95711,-1.90051],[29.96052,-1.90015],[29.96202,-1.90361],[29.96519,-1.90509],[29.96704,-1.90786],[29.9694,-1.90866],[29.97304,-1.90685],[29.97603,-1.90935],[29.97552,-1.90599],[29.9775,-1.90554],[29.98073,-1.91156],[29.98409,-1.91404],[29.98526,-1.92135],[29.98904,-1.92504],[29.98895,-1.92668],[29.98591,-1.92799],[29.98624,-1.92934],[29.99064,-1.92947],[29.98789,-1.93292],[29.99239,-1.93653],[29.99339,-1.94038],[29.99556,-1.93991],[29.99275,-1.94077],[29.99122,-1.93622],[29.98765,-1.93356],[29.98711,-1.93123],[29.9902,-1.92995],[29.9854,-1.92952],[29.98521,-1.92751],[29.98834,-1.92659],[29.98831,-1.92504],[29.98488,-1.92189],[29.98318,-1.91426],[29.98049,-1.91257],[29.9773,-1.90606],[29.97745,-1.90864],[29.97577,-1.91033],[29.97287,-1.90776],[29.96982,-1.90913],[29.96698,-1.90874],[29.9615,-1.90437],[29.9601,-1.90081],[29.95809,-1.90183],[29.95639,-1.90096],[29.95627,-1.89867],[29.95953,-1.89566],[29.9572,-1.89584],[29.95343,-1.89135],[29.94938,-1.892],[29.94787,-1.88762],[29.94233,-1.88501],[29.9421,-1.8783],[29.9387,-1.87698],[29.93444,-1.87886],[29.93188,-1.87239],[29.92881,-1.87176],[29.92678,-1.86826],[29.91866,-1.87014],[29.91771,-1.8646],[29.91008,-1.85788],[29.90662,-1.859],[29.90248,-1.86273],[29.89467,-1.86341],[29.88028,-1.85447],[29.87574,-1.85696],[29.87266,-1.86188],[29.86522,-1.8639],[29.86239,-1.86933],[29.85724,-1.87096],[29.85352,-1.8735],[29.85137,-1.87374],[29.84796,-1.87077],[29.84805,-1.86698],[29.84485,-1.86068],[29.84086,-1.85766],[29.83563,-1.85573],[29.83044,-1.8564],[29.82742,-1.85534],[29.82339,-1.8572],[29.81657,-1.85374],[29.81671,-1.85199],[29.81131,-1.85352],[29.80403,-1.85326],[29.79822,-1.85035],[29.79622,-1.84607],[29.80003,-1.84044],[29.79882,-1.83008],[29.79029,-1.82514],[29.78966,-1.82169],[29.78501,-1.81971],[29.77818,-1.80999],[29.77025,-1.80998],[29.76867,-1.80661],[29.76886,-1.79253],[29.76409,-1.78326],[29.75655,-1.77626],[29.74854,-1.77388],[29.74537,-1.76648],[29.7439,-1.76601],[29.74703,-1.75247],[29.74588,-1.75136],[29.74349,-1.75211],[29.74224,-1.75027],[29.73826,-1.75208],[29.73202,-1.74892],[29.72815,-1.74918],[29.72132,-1.75558],[29.71797,-1.75615],[29.71419,-1.7535],[29.70804,-1.75216],[29.70082,-1.74474],[29.70081,-1.73798],[29.69716,-1.73736],[29.69471,-1.73405],[29.68887,-1.73252],[29.68469,-1.73364],[29.66384,-1.73317],[29.65964,-1.73597],[29.66408,-1.74106],[29.66364,-1.75349],[29.66601,-1.76133],[29.66772,-1.76194],[29.66816,-1.76308],[29.66815,-1.76661],[29.66632,-1.76549],[29.66762,-1.76221],[29.66589,-1.7622],[29.66489,-1.7593],[29.66348,-1.75932],[29.65491,-1.76482],[29.65578,-1.76931],[29.65486,-1.76821],[29.65403,-1.76921],[29.65483,-1.77061],[29.65563,-1.76998],[29.65482,-1.77142],[29.65581,-1.7734],[29.65509,-1.77393],[29.65564,-1.77309],[29.65294,-1.77088],[29.65303,-1.76351],[29.6639,-1.75749],[29.66138,-1.75363],[29.6625,-1.74179],[29.65974,-1.73961],[29.6577,-1.7354],[29.65522,-1.73536],[29.64909,-1.72737],[29.63888,-1.7246],[29.63479,-1.71824],[29.63436,-1.70796],[29.63591,-1.71899],[29.63892,-1.72013],[29.64011,-1.7233],[29.64873,-1.72476],[29.65428,-1.73117]],[[29.65509,-1.77393],[29.65262,-1.77559],[29.65302,-1.77908],[29.65144,-1.78124],[29.6506,-1.7875],[29.65141,-1.77519],[29.65455,-1.77277],[29.65509,-1.77393]],[[30.5322,-1.73034],[30.53445,-1.72951],[30.53758,-1.73238],[30.53886,-1.73878],[30.54065,-1.74088],[30.53928,-1.74253],[30.53545,-1.73647],[30.52309,-1.73322],[30.5234,-1.73189],[30.52919,-1.73195],[30.5322,-1.73034]],[[30.7769,-1.75991],[30.77826,-1.76004],[30.77389,-1.76247],[30.77305,-1.76594],[30.76726,-1.76254],[30.76802,-1.76114],[30.77197,-1.76181],[30.7769,-1.75991]],[[30.75799,-1.76986],[30.76936,-1.76971],[30.77718,-1.77486],[30.77938,-1.77501],[30.77439,-1.77716],[30.77502,-1.7804],[30.77338,-1.78155],[30.75972,-1.77237],[30.75799,-1.76986]],[[30.82241,-1.78424],[30.82182,-1.79064],[30.82075,-1.78651],[30.82241,-1.78424]],[[30.81521,-1.78728],[30.81487,-1.78972],[30.81636,-1.79109],[30.8198,-1.79231],[30.82191,-1.79091],[30.82231,-1.79248],[30.82131,-1.79292],[30.81638,-1.79181],[30.81401,-1.78903],[30.81521,-1.78728]],[[30.81052,-1.79343],[30.8075,-1.79364],[30.81039,-1.79222],[30.81052,-1.79343]],[[30.76956,-1.79308],[30.7645,-1.794],[30.75917,-1.78959],[30.77095,-1.78805],[30.76956,-1.79308]],[[30.74363,-1.79599],[30.7454,-1.79608],[30.75362,-1.80936],[30.76155,-1.80915],[30.76698,-1.81119],[30.75011,-1.81918],[30.74996,-1.82199],[30.74715,-1.82581],[30.74394,-1.82397],[30.7434,-1.8219],[30.74172,-1.80156],[30.74363,-1.79599]],[[30.45606,-1.82535],[30.45336,-1.83298],[30.45386,-1.83559],[30.4668,-1.83875],[30.47505,-1.83726],[30.47525,-1.83861],[30.47218,-1.84078],[30.47307,-1.84295],[30.48416,-1.85225],[30.48891,-1.85811],[30.49417,-1.86141],[30.4943,-1.86413],[30.49081,-1.86054],[30.48738,-1.85945],[30.4812,-1.85305],[30.47392,-1.85473],[30.47211,-1.84796],[30.46279,-1.84416],[30.45978,-1.84454],[30.45903,-1.84642],[30.4636,-1.85219],[30.46694,-1.85405],[30.46466,-1.85716],[30.46376,-1.86739],[30.46259,-1.86619],[30.46139,-1.85427],[30.45324,-1.84454],[30.44869,-1.8447],[30.4463,-1.84659],[30.45129,-1.85427],[30.45097,-1.85664],[30.44775,-1.85301],[30.44576,-1.85275],[30.44519,-1.85041],[30.44083,-1.84599],[30.4351,-1.84562],[30.42267,-1.85053],[30.42109,-1.85361],[30.42279,-1.85667],[30.43106,-1.85936],[30.44403,-1.86651],[30.44435,-1.8714],[30.44255,-1.87203],[30.43858,-1.86605],[30.42789,-1.86085],[30.42556,-1.86181],[30.43025,-1.87401],[30.43357,-1.88883],[30.43348,-1.90482],[30.42831,-1.90044],[30.43023,-1.89089],[30.4263,-1.87138],[30.42344,-1.86796],[30.42127,-1.86856],[30.42247,-1.86412],[30.42168,-1.86138],[30.41951,-1.85804],[30.41416,-1.85465],[30.40824,-1.85586],[30.39485,-1.8623],[30.39301,-1.86493],[30.40019,-1.87155],[30.40474,-1.87922],[30.40503,-1.88144],[30.40234,-1.88359],[30.40024,-1.88227],[30.39758,-1.87372],[30.39011,-1.86806],[30.38649,-1.86842],[30.38138,-1.87329],[30.38361,-1.88139],[30.39117,-1.89224],[30.39216,-1.89539],[30.39118,-1.9001],[30.37901,-1.87686],[30.37569,-1.87376],[30.36906,-1.87328],[30.35685,-1.87759],[30.35628,-1.8798],[30.36314,-1.89862],[30.36625,-1.90271],[30.36512,-1.90706],[30.36724,-1.9109],[30.36491,-1.91142],[30.36287,-1.91731],[30.36263,-1.90516],[30.36035,-1.8975],[30.35716,-1.8956],[30.35182,-1.89885],[30.35629,-1.89268],[30.357,-1.88878],[30.35278,-1.87978],[30.33791,-1.87181],[30.3329,-1.87825],[30.33236,-1.87664],[30.33551,-1.86923],[30.33017,-1.86468],[30.32353,-1.86509],[30.32302,-1.87055],[30.32185,-1.86612],[30.3192,-1.86544],[30.31761,-1.86686],[30.31862,-1.86329],[30.31538,-1.85617],[30.31104,-1.85045],[30.30725,-1.84913],[30.30405,-1.8394],[30.29413,-1.82613],[30.29027,-1.82511],[30.27502,-1.83313],[30.26185,-1.82962],[30.25835,-1.83632],[30.25858,-1.84355],[30.254,-1.84364],[30.25301,-1.84598],[30.24911,-1.8485],[30.24924,-1.85227],[30.24672,-1.84769],[30.23571,-1.84852],[30.2346,-1.84719],[30.21771,-1.84283],[30.21286,-1.83661],[30.21052,-1.83655],[30.20167,-1.83058],[30.19525,-1.82092],[30.19263,-1.81967],[30.18907,-1.81442],[30.16626,-1.79299],[30.15897,-1.7904],[30.16261,-1.78921],[30.16911,-1.79469],[30.17324,-1.79549],[30.17566,-1.80105],[30.18339,-1.80412],[30.18828,-1.81131],[30.1913,-1.81256],[30.19292,-1.81695],[30.19846,-1.82031],[30.20355,-1.82633],[30.20468,-1.83071],[30.21297,-1.83373],[30.22015,-1.84066],[30.24386,-1.84433],[30.24687,-1.84136],[30.25436,-1.84152],[30.25841,-1.8269],[30.26406,-1.8255],[30.27068,-1.83015],[30.28049,-1.82377],[30.2898,-1.81988],[30.29557,-1.82315],[30.30314,-1.83026],[30.30839,-1.84028],[30.31349,-1.84421],[30.32104,-1.85604],[30.32577,-1.85002],[30.3252,-1.85716],[30.33086,-1.85824],[30.33613,-1.85471],[30.33355,-1.8598],[30.33652,-1.86373],[30.34629,-1.87047],[30.35426,-1.87236],[30.36063,-1.87014],[30.36237,-1.86517],[30.35674,-1.84764],[30.35706,-1.83994],[30.35847,-1.8405],[30.35901,-1.84706],[30.36153,-1.84966],[30.37408,-1.84441],[30.37339,-1.84741],[30.36528,-1.85346],[30.36437,-1.85742],[30.36779,-1.86407],[30.37595,-1.86525],[30.37877,-1.86395],[30.3837,-1.85795],[30.38913,-1.85761],[30.39336,-1.85528],[30.39723,-1.85031],[30.3956,-1.84702],[30.39919,-1.84765],[30.40647,-1.83651],[30.40698,-1.84032],[30.40366,-1.84787],[30.40463,-1.85007],[30.41841,-1.84387],[30.42812,-1.82669],[30.42798,-1.82494],[30.43409,-1.82036],[30.43643,-1.81982],[30.43663,-1.82226],[30.42684,-1.83521],[30.42555,-1.83941],[30.42637,-1.8412],[30.44364,-1.83809],[30.45606,-1.82535]],[[30.66293,-1.84407],[30.66735,-1.84656],[30.66885,-1.84898],[30.66606,-1.85164],[30.65824,-1.84787],[30.65923,-1.84418],[30.66293,-1.84407]],[[30.75083,-1.85127],[30.75213,-1.85155],[30.74984,-1.85536],[30.74951,-1.85963],[30.75104,-1.8608],[30.74344,-1.87332],[30.73912,-1.87486],[30.73892,-1.86889],[30.74148,-1.85921],[30.7476,-1.85222],[30.75083,-1.85127]],[[30.28001,-1.89551],[30.28104,-1.89404],[30.28356,-1.89434],[30.28001,-1.89551]],[[30.1616,-1.83264],[30.16075,-1.83465],[30.15969,-1.83407],[30.15797,-1.82981],[30.16084,-1.83008],[30.1616,-1.83264]],[[30.79952,-1.78775],[30.80269,-1.78705],[30.80715,-1.79248],[30.80265,-1.78799],[30.79776,-1.79057],[30.79952,-1.78775]],[[30.81035,-1.78845],[30.81391,-1.78861],[30.81037,-1.78962],[30.81035,-1.78845]],[[30.79272,-1.79217],[30.78538,-1.79087],[30.78361,-1.7888],[30.79137,-1.79167],[30.7977,-1.7909],[30.79272,-1.79217]],[[30.54247,-1.92589],[30.54625,-1.93287],[30.54613,-1.93509],[30.5411,-1.93168],[30.54247,-1.92589]],[[30.35331,-1.93595],[30.35488,-1.93581],[30.35392,-1.93981],[30.35331,-1.93595]],[[29.99676,-1.94014],[29.99685,-1.94205],[29.99892,-1.94052],[29.99658,-1.94241],[29.99596,-1.93929],[29.99676,-1.94014]],[[30.67235,-1.94062],[30.6732,-1.94477],[30.67218,-1.94755],[30.67131,-1.94208],[30.67235,-1.94062]],[[29.9973,-1.94664],[29.99901,-1.94783],[29.99863,-1.95064],[30.00046,-1.95471],[29.99912,-1.95806],[30.00159,-1.95653],[30.00175,-1.95468],[30.00286,-1.95455],[30.00211,-1.95692],[30.00032,-1.95818],[29.99917,-1.95829],[29.99859,-1.9578],[29.99982,-1.95472],[29.99801,-1.95052],[29.99837,-1.94803],[29.99569,-1.9457],[29.99726,-1.94515],[29.99879,-1.94135],[29.99789,-1.94506],[29.9961,-1.94587],[29.9973,-1.94664]],[[30.00296,-1.9581],[30.00352,-1.95558],[30.00364,-1.96321],[30.00296,-1.9581]],[[30.60111,-1.9582],[30.60299,-1.958],[30.6026,-1.96019],[30.60104,-1.9609],[30.60111,-1.9582]],[[30.48585,-1.96007],[30.48314,-1.96017],[30.48293,-1.95912],[30.48585,-1.96007]],[[30.27974,-1.96289],[30.2814,-1.96186],[30.28463,-1.96357],[30.28891,-1.97001],[30.28903,-1.97228],[30.28295,-1.96468],[30.27974,-1.96289]],[[30.58921,-1.96299],[30.59015,-1.9633],[30.58826,-1.96375],[30.58921,-1.96299]],[[30.66054,-1.9665],[30.66158,-1.96584],[30.66183,-1.96752],[30.66043,-1.97635],[30.65779,-1.97372],[30.66054,-1.9665]],[[30.00256,-1.9704],[29.99888,-1.97174],[30.0011,-1.97439],[30.00046,-1.97564],[29.99873,-1.97556],[30.00278,-1.98322],[29.99897,-1.98525],[29.99588,-1.98401],[29.99609,-1.98622],[29.99865,-1.98773],[29.99327,-1.99328],[29.99466,-1.99384],[29.99724,-1.99201],[29.99642,-1.99693],[30.00202,-1.9986],[30.00096,-2.00139],[30.00418,-2.00202],[30.00409,-2.00535],[30.00948,-2.00741],[30.00898,-2.0105],[30.01154,-2.01257],[30.01358,-2.01131],[30.01151,-2.01346],[30.00827,-2.01058],[30.00897,-2.00793],[30.00373,-2.00625],[30.00364,-2.00247],[29.99981,-2.00144],[30.00161,-1.99941],[29.99563,-1.99735],[29.99702,-1.99255],[29.99427,-1.99451],[29.99279,-1.99284],[29.9981,-1.98773],[29.99498,-1.98604],[29.99572,-1.98341],[29.99969,-1.9845],[30.00208,-1.98318],[29.99852,-1.97606],[29.9987,-1.97462],[30.00062,-1.97473],[29.99836,-1.97191],[30.00256,-1.9704]],[[30.4215,-1.97228],[30.41872,-1.96791],[30.41974,-1.96698],[30.42433,-1.96933],[30.42378,-1.97177],[30.4215,-1.97228]],[[30.78905,-1.98371],[30.79024,-1.98341],[30.78694,-1.98731],[30.78509,-1.99232],[30.78536,-1.99645],[30.78741,-1.99769],[30.78643,-1.99896],[30.77403,-2.00302],[30.76984,-2.0025],[30.77338,-1.9944],[30.78112,-1.9894],[30.78242,-1.9842],[30.78497,-1.98522],[30.78905,-1.98371]],[[30.80699,-1.98772],[30.80924,-1.98539],[30.81261,-1.98485],[30.81167,-1.98881],[30.80879,-1.98884],[30.8114,-1.99011],[30.81192,-1.99838],[30.80507,-2.00804],[30.80652,-2.01241],[30.80386,-2.01944],[30.79382,-2.0271],[30.79344,-2.03166],[30.79244,-2.03081],[30.79095,-2.03605],[30.7844,-2.03711],[30.77817,-2.03633],[30.77306,-2.04182],[30.7689,-2.04252],[30.76613,-2.06086],[30.76772,-2.06916],[30.76586,-2.07613],[30.76675,-2.07829],[30.77349,-2.07997],[30.77402,-2.08143],[30.77134,-2.08619],[30.7637,-2.09096],[30.75927,-2.09576],[30.75966,-2.10164],[30.75348,-2.1014],[30.74888,-2.09553],[30.73796,-2.09567],[30.73496,-2.09454],[30.73154,-2.09068],[30.72872,-2.09244],[30.72532,-2.0917],[30.72473,-2.08827],[30.72713,-2.09038],[30.73186,-2.09037],[30.73363,-2.08894],[30.73392,-2.08617],[30.73336,-2.08405],[30.73144,-2.08387],[30.7267,-2.08537],[30.72477,-2.08794],[30.72555,-2.08451],[30.73079,-2.08359],[30.73455,-2.07717],[30.74017,-2.07848],[30.74879,-2.06966],[30.75532,-2.06623],[30.758,-2.0581],[30.75799,-2.04874],[30.75456,-2.04959],[30.74908,-2.05552],[30.74888,-2.05807],[30.7467,-2.05846],[30.73211,-2.05138],[30.72675,-2.05087],[30.71846,-2.05461],[30.71124,-2.06301],[30.70909,-2.06014],[30.70905,-2.05321],[30.71217,-2.0487],[30.71323,-2.03293],[30.7175,-2.03063],[30.71922,-2.03578],[30.72291,-2.03588],[30.7258,-2.02975],[30.72968,-2.02695],[30.73527,-2.0329],[30.73485,-2.03654],[30.73685,-2.03911],[30.74187,-2.03973],[30.74585,-2.03748],[30.75051,-2.04022],[30.75215,-2.03733],[30.75123,-2.03387],[30.74911,-2.02953],[30.74359,-2.02422],[30.74283,-2.02053],[30.74478,-2.01882],[30.75627,-2.02555],[30.76215,-2.02568],[30.76383,-2.02215],[30.76043,-2.01763],[30.76399,-2.0097],[30.7672,-2.01476],[30.77242,-2.01714],[30.77475,-2.01675],[30.77316,-2.02144],[30.76692,-2.02463],[30.76007,-2.03208],[30.76083,-2.03536],[30.75611,-2.0368],[30.75758,-2.03828],[30.7626,-2.03794],[30.77229,-2.02591],[30.78375,-2.01702],[30.79042,-2.0097],[30.79058,-2.00781],[30.79196,-2.0085],[30.79569,-2.00614],[30.79588,-2.00396],[30.79682,-2.00484],[30.80083,-2.00112],[30.80194,-1.99509],[30.80699,-1.98772]],[[30.34123,-2.10209],[30.34658,-2.10444],[30.36262,-2.10664],[30.35852,-2.10869],[30.34857,-2.10807],[30.34287,-2.11038],[30.33298,-2.10771],[30.32649,-2.11224],[30.31799,-2.11392],[30.31047,-2.11827],[30.32955,-2.11781],[30.33235,-2.12367],[30.338,-2.12773],[30.34751,-2.12454],[30.35901,-2.12841],[30.37002,-2.1239],[30.3685,-2.12967],[30.36988,-2.13128],[30.38124,-2.13136],[30.3797,-2.13425],[30.37383,-2.13676],[30.36476,-2.13371],[30.35775,-2.13448],[30.35347,-2.13259],[30.34734,-2.13219],[30.34277,-2.13644],[30.33724,-2.13874],[30.33672,-2.14362],[30.33898,-2.14874],[30.35928,-2.14785],[30.36745,-2.14942],[30.38406,-2.15565],[30.39721,-2.14244],[30.40083,-2.14157],[30.40234,-2.14332],[30.40096,-2.14709],[30.39534,-2.15065],[30.39412,-2.1554],[30.3976,-2.16447],[30.40227,-2.1698],[30.40172,-2.1731],[30.39826,-2.17193],[30.3892,-2.16326],[30.37958,-2.1612],[30.37196,-2.15753],[30.35088,-2.15432],[30.34731,-2.15518],[30.3456,-2.1574],[30.34835,-2.16225],[30.35779,-2.17096],[30.37511,-2.17758],[30.38542,-2.17961],[30.38911,-2.18228],[30.38923,-2.1854],[30.38357,-2.18361],[30.38192,-2.18603],[30.38859,-2.198],[30.39211,-2.2011],[30.38915,-2.20504],[30.39154,-2.21062],[30.3865,-2.20701],[30.38362,-2.19707],[30.37671,-2.18428],[30.37326,-2.18132],[30.36486,-2.17817],[30.35816,-2.17831],[30.34533,-2.16798],[30.3432,-2.16811],[30.33676,-2.1789],[30.33489,-2.17996],[30.33359,-2.17898],[30.33874,-2.16301],[30.3365,-2.1599],[30.32737,-2.15495],[30.32707,-2.15093],[30.32956,-2.14595],[30.33074,-2.13755],[30.33009,-2.13413],[30.3264,-2.12904],[30.31913,-2.12688],[30.3109,-2.12746],[30.30826,-2.13066],[30.31073,-2.13581],[30.3079,-2.13811],[30.30371,-2.13563],[30.29627,-2.12454],[30.29232,-2.12303],[30.28352,-2.12455],[30.28518,-2.13602],[30.30462,-2.14875],[30.3056,-2.15043],[30.30399,-2.15162],[30.29321,-2.14894],[30.29038,-2.14736],[30.28332,-2.13823],[30.27961,-2.13884],[30.27884,-2.13476],[30.28032,-2.13332],[30.28189,-2.12136],[30.2864,-2.11856],[30.28867,-2.11458],[30.29245,-2.11614],[30.29568,-2.1152],[30.30044,-2.10604],[30.30781,-2.09868],[30.31326,-2.09723],[30.31825,-2.09935],[30.3247,-2.08372],[30.32639,-2.08532],[30.32663,-2.09574],[30.32797,-2.09701],[30.33045,-2.09634],[30.35257,-2.08441],[30.3544,-2.08167],[30.35835,-2.08149],[30.35852,-2.07807],[30.36237,-2.07922],[30.36945,-2.06846],[30.37078,-2.06939],[30.37093,-2.07317],[30.37418,-2.07454],[30.392,-2.07566],[30.39751,-2.07276],[30.39869,-2.07712],[30.4094,-2.08296],[30.41515,-2.08254],[30.41938,-2.08062],[30.42704,-2.08178],[30.43335,-2.08059],[30.43641,-2.07006],[30.43769,-2.07045],[30.44044,-2.07696],[30.44781,-2.07785],[30.44504,-2.08118],[30.44116,-2.08306],[30.42838,-2.08578],[30.42225,-2.0886],[30.41893,-2.08673],[30.41103,-2.08895],[30.40748,-2.09684],[30.40527,-2.09553],[30.40364,-2.08753],[30.39783,-2.08365],[30.3882,-2.0825],[30.38685,-2.08686],[30.38208,-2.08305],[30.37315,-2.08058],[30.36969,-2.08092],[30.35847,-2.08878],[30.34203,-2.09643],[30.34055,-2.09819],[30.34123,-2.10209]],[[30.52352,-2.11661],[30.52346,-2.11785],[30.52053,-2.11799],[30.51848,-2.1166],[30.51927,-2.11538],[30.52352,-2.11661]],[[30.85954,-2.15649],[30.8609,-2.15868],[30.85959,-2.16187],[30.85954,-2.15649]],[[30.84424,-2.19313],[30.84507,-2.19242],[30.84298,-2.1952],[30.84424,-2.19313]],[[30.37027,-2.19919],[30.37578,-2.20007],[30.37644,-2.20315],[30.37329,-2.20674],[30.36831,-2.20859],[30.36992,-2.21295],[30.36826,-2.21564],[30.36174,-2.21586],[30.36004,-2.21757],[30.35804,-2.2214],[30.35985,-2.22576],[30.37499,-2.23186],[30.38079,-2.22798],[30.38258,-2.22882],[30.3807,-2.23157],[30.37985,-2.23729],[30.38076,-2.24444],[30.38331,-2.24767],[30.39171,-2.24727],[30.39543,-2.24278],[30.39779,-2.24236],[30.39815,-2.24557],[30.40093,-2.24864],[30.40519,-2.24971],[30.40842,-2.24827],[30.41467,-2.25403],[30.40747,-2.25359],[30.40404,-2.25473],[30.40225,-2.2578],[30.39864,-2.25554],[30.38826,-2.25627],[30.37833,-2.25381],[30.37383,-2.25112],[30.3704,-2.24587],[30.36579,-2.24476],[30.36452,-2.23955],[30.36017,-2.23709],[30.35093,-2.23504],[30.34798,-2.23263],[30.34432,-2.22496],[30.33975,-2.22439],[30.33763,-2.22119],[30.34036,-2.21706],[30.34121,-2.2098],[30.33992,-2.20824],[30.34145,-2.20403],[30.34933,-2.19334],[30.35102,-2.19372],[30.34801,-2.20501],[30.35001,-2.20842],[30.35482,-2.20605],[30.3556,-2.20027],[30.3582,-2.19515],[30.36138,-2.20109],[30.36344,-2.20085],[30.36494,-2.19632],[30.36637,-2.19576],[30.37027,-2.19919]],[[30.60127,-2.21103],[30.60247,-2.2124],[30.60286,-2.21998],[30.60141,-2.21925],[30.60127,-2.21103]],[[30.46636,-2.22354],[30.46579,-2.22501],[30.46042,-2.22649],[30.4568,-2.23797],[30.45779,-2.22999],[30.46036,-2.22548],[30.46636,-2.22354]],[[30.82539,-2.22548],[30.82725,-2.22509],[30.82771,-2.22716],[30.83088,-2.22615],[30.83036,-2.22767],[30.82445,-2.23041],[30.82412,-2.22712],[30.82539,-2.22548]],[[30.45451,-2.22693],[30.45397,-2.22876],[30.45316,-2.22749],[30.45451,-2.22693]],[[30.80772,-2.24929],[30.80618,-2.24915],[30.80613,-2.24776],[30.8123,-2.24798],[30.81535,-2.25267],[30.81388,-2.2531],[30.80772,-2.24929]],[[30.46928,-2.25206],[30.4665,-2.25258],[30.46728,-2.25135],[30.46928,-2.25206]],[[30.45805,-2.25231],[30.45699,-2.25493],[30.4582,-2.24991],[30.45805,-2.25231]],[[30.45663,-2.25747],[30.45869,-2.25719],[30.45351,-2.26001],[30.44884,-2.26684],[30.45252,-2.2602],[30.45663,-2.25747]],[[30.82681,-2.26679],[30.8269,-2.26365],[30.82874,-2.26368],[30.82973,-2.26495],[30.82822,-2.26492],[30.82596,-2.26855],[30.82681,-2.26679]],[[30.83403,-2.26751],[30.83233,-2.26522],[30.83449,-2.26635],[30.83403,-2.26751]],[[30.83552,-2.26832],[30.83705,-2.26952],[30.83575,-2.26936],[30.83581,-2.27324],[30.84108,-2.27169],[30.84221,-2.27384],[30.83853,-2.27627],[30.83332,-2.27645],[30.82957,-2.28135],[30.82898,-2.27707],[30.82648,-2.27656],[30.82286,-2.27854],[30.81938,-2.27594],[30.82379,-2.27156],[30.8247,-2.27523],[30.8283,-2.27499],[30.83005,-2.27685],[30.82986,-2.27569],[30.83506,-2.27312],[30.83552,-2.26832]],[[30.36756,-2.27905],[30.36758,-2.28228],[30.36504,-2.28296],[30.36285,-2.28144],[30.36274,-2.27957],[30.36539,-2.27771],[30.36756,-2.27905]],[[30.34863,-2.28034],[30.34859,-2.28469],[30.34568,-2.28615],[30.34602,-2.29506],[30.34881,-2.29632],[30.34847,-2.29904],[30.34972,-2.29976],[30.34973,-2.30237],[30.34847,-2.30248],[30.34735,-2.29971],[30.34096,-2.29568],[30.34105,-2.29379],[30.34392,-2.2926],[30.34287,-2.28941],[30.33822,-2.28776],[30.34221,-2.28265],[30.34863,-2.28034]],[[30.85087,-2.28658],[30.85178,-2.28684],[30.85075,-2.29029],[30.85087,-2.28658]],[[30.75348,-2.2898],[30.75421,-2.29586],[30.75113,-2.29669],[30.75086,-2.29388],[30.75348,-2.2898]],[[30.66217,-2.29442],[30.65823,-2.29212],[30.65862,-2.29025],[30.66355,-2.29429],[30.66217,-2.29442]],[[30.72844,-2.28998],[30.73011,-2.29091],[30.72867,-2.29235],[30.72844,-2.28998]],[[30.48495,-2.29764],[30.48652,-2.29963],[30.48733,-2.30618],[30.48625,-2.31023],[30.48435,-2.3099],[30.48352,-2.30681],[30.48495,-2.29764]],[[30.29373,-2.30921],[30.29547,-2.3101],[30.29549,-2.31201],[30.29148,-2.31043],[30.29373,-2.30921]],[[29.96546,-2.30978],[29.96106,-2.30448],[29.95994,-2.29751],[29.96131,-2.29195],[29.96048,-2.29809],[29.96185,-2.30405],[29.96474,-2.30628],[29.96497,-2.30829],[29.96555,-2.30735],[29.96546,-2.30978]],[[30.14656,-2.2919],[30.14378,-2.27548],[30.13282,-2.25885],[30.13131,-2.25102],[30.12819,-2.24532],[30.11918,-2.24114],[30.11414,-2.24093],[30.11129,-2.24363],[30.10843,-2.24011],[30.09331,-2.23473],[30.09106,-2.23668],[30.09003,-2.24385],[30.0879,-2.23472],[30.08296,-2.23234],[30.07739,-2.2336],[30.07065,-2.23252],[30.06742,-2.23001],[30.06918,-2.22695],[30.0729,-2.22698],[30.07398,-2.2257],[30.08327,-2.22867],[30.09981,-2.23006],[30.10481,-2.23445],[30.12918,-2.23865],[30.13638,-2.24606],[30.13559,-2.25025],[30.13704,-2.25399],[30.13978,-2.25611],[30.13957,-2.26163],[30.14593,-2.2725],[30.15194,-2.28686],[30.15204,-2.29684],[30.15021,-2.30175],[30.14811,-2.30038],[30.14656,-2.2919]],[[29.96146,-2.29089],[29.96196,-2.2884],[29.96479,-2.2879],[29.96016,-2.28436],[29.96671,-2.28583],[29.96798,-2.28319],[29.96704,-2.28669],[29.96806,-2.28822],[29.96283,-2.28854],[29.96146,-2.29089]],[[29.61476,-2.28723],[29.60901,-2.284],[29.60882,-2.2827],[29.61476,-2.28723]],[[30.03275,-2.28247],[30.03349,-2.2813],[30.03373,-2.28337],[30.03275,-2.28247]],[[29.97489,-2.26998],[29.9731,-2.2725],[29.97362,-2.26826],[29.97489,-2.26998]],[[29.97374,-2.26573],[29.97323,-2.26382],[29.97408,-2.26154],[29.97716,-2.25747],[29.97556,-2.26303],[29.97417,-2.2641],[29.97519,-2.2615],[29.97358,-2.26383],[29.97388,-2.26688],[29.97374,-2.26573]],[[29.97974,-2.24932],[29.9796,-2.25583],[29.97745,-2.25746],[29.97914,-2.25602],[29.97777,-2.25166],[29.97974,-2.24932]],[[29.71352,-2.24982],[29.71189,-2.24943],[29.71122,-2.24623],[29.71352,-2.24982]],[[29.98172,-2.24627],[29.98455,-2.24285],[29.98347,-2.23066],[29.98571,-2.22832],[29.98375,-2.23372],[29.98558,-2.23836],[29.9849,-2.24309],[29.98172,-2.24627]],[[29.98621,-2.22785],[29.98777,-2.22252],[29.98949,-2.22092],[29.99038,-2.21427],[29.98989,-2.22128],[29.98816,-2.22262],[29.98621,-2.22785]],[[30.2328,-2.21662],[30.23177,-2.21666],[30.2312,-2.21131],[30.22911,-2.20951],[30.2255,-2.21047],[30.22004,-2.2151],[30.21861,-2.21522],[30.2184,-2.21398],[30.22238,-2.20719],[30.22924,-2.2036],[30.23068,-2.20107],[30.23013,-2.19608],[30.23208,-2.18797],[30.23399,-2.18577],[30.23109,-2.17791],[30.23563,-2.17372],[30.24234,-2.17484],[30.2476,-2.17396],[30.24895,-2.17561],[30.24819,-2.17853],[30.24407,-2.17902],[30.24232,-2.18303],[30.24266,-2.1878],[30.23719,-2.19642],[30.23418,-2.20616],[30.23517,-2.21218],[30.2328,-2.21662]],[[30.24236,-2.21604],[30.24573,-2.21303],[30.25403,-2.21413],[30.25557,-2.22237],[30.25433,-2.22269],[30.25482,-2.22595],[30.25229,-2.22974],[30.24859,-2.24231],[30.24199,-2.2446],[30.2372,-2.2425],[30.24379,-2.23899],[30.24546,-2.22929],[30.24839,-2.22207],[30.24526,-2.22063],[30.24046,-2.22457],[30.24034,-2.21932],[30.24236,-2.21604]],[[30.32686,-2.21321],[30.32173,-2.20817],[30.32205,-2.20625],[30.32739,-2.20243],[30.32631,-2.20001],[30.32465,-2.20027],[30.32586,-2.1992],[30.32667,-2.19974],[30.32776,-2.20267],[30.32205,-2.20807],[30.3344,-2.21726],[30.33595,-2.22626],[30.334,-2.23171],[30.33626,-2.23766],[30.33343,-2.23166],[30.33548,-2.22634],[30.33398,-2.21769],[30.32686,-2.21321]],[[30.25822,-2.21114],[30.25677,-2.20851],[30.25826,-2.20291],[30.25472,-2.19848],[30.2553,-2.19517],[30.25185,-2.19391],[30.25278,-2.18981],[30.25364,-2.19306],[30.25591,-2.19464],[30.25553,-2.19812],[30.25878,-2.20306],[30.25795,-2.20764],[30.26074,-2.20755],[30.25801,-2.20813],[30.25822,-2.21114]],[[30.27606,-2.1974],[30.27699,-2.2],[30.27842,-2.20018],[30.27911,-2.20886],[30.28319,-2.20902],[30.28409,-2.20728],[30.28382,-2.20917],[30.27888,-2.20935],[30.27802,-2.20027],[30.27671,-2.20017],[30.27606,-2.1974]],[[30.30107,-2.2054],[30.30463,-2.20624],[30.3018,-2.2067],[30.30107,-2.2054]],[[30.27246,-2.20365],[30.27071,-2.20513],[30.2702,-2.20214],[30.27246,-2.20365]],[[30.27055,-2.19906],[30.26995,-2.19772],[30.27113,-2.19786],[30.27055,-2.19906]],[[30.29519,-2.23788],[30.29838,-2.24187],[30.29415,-2.23935],[30.29519,-2.23788]],[[30.29272,-2.23791],[30.29347,-2.23303],[30.29006,-2.22916],[30.29002,-2.22615],[30.29433,-2.23243],[30.29272,-2.23791]],[[30.26963,-2.21986],[30.27358,-2.21922],[30.28157,-2.224],[30.26963,-2.21986]],[[30.3489,-2.24524],[30.35052,-2.24637],[30.35015,-2.24908],[30.34482,-2.2495],[30.34563,-2.24591],[30.3489,-2.24524]],[[30.33512,-2.25013],[30.33635,-2.25253],[30.33527,-2.25431],[30.33805,-2.26175],[30.3375,-2.26727],[30.33498,-2.26994],[30.33401,-2.27011],[30.33452,-2.27137],[30.33287,-2.26882],[30.33404,-2.27002],[30.33363,-2.26796],[30.33468,-2.26974],[30.33685,-2.26731],[30.33756,-2.2617],[30.33482,-2.25571],[30.33445,-2.25314],[30.33559,-2.25197],[30.3344,-2.24869],[30.33828,-2.24623],[30.34001,-2.24714],[30.33824,-2.2465],[30.33551,-2.24813],[30.33512,-2.25013]],[[30.35299,-2.26325],[30.35413,-2.26006],[30.3556,-2.26046],[30.35612,-2.26308],[30.35299,-2.26325]],[[30.3291,-2.27457],[30.33071,-2.27717],[30.32843,-2.28271],[30.32975,-2.28489],[30.328,-2.28292],[30.33028,-2.27745],[30.32874,-2.27421],[30.33009,-2.27385],[30.3291,-2.27457]],[[30.32369,-2.28163],[30.32611,-2.28943],[30.32079,-2.27779],[30.32232,-2.27381],[30.31941,-2.27156],[30.31615,-2.27279],[30.31362,-2.26959],[30.31494,-2.26716],[30.31416,-2.26908],[30.31648,-2.27173],[30.31876,-2.27117],[30.31782,-2.26566],[30.31522,-2.26315],[30.31544,-2.25745],[30.31711,-2.26225],[30.3238,-2.27034],[30.32436,-2.27239],[30.32282,-2.27309],[30.32218,-2.27938],[30.32369,-2.28163]],[[30.32937,-2.28642],[30.32979,-2.2853],[30.32964,-2.28678],[30.32856,-2.28786],[30.33009,-2.2902],[30.33251,-2.28993],[30.33764,-2.29641],[30.34396,-2.30143],[30.33755,-2.29702],[30.33251,-2.29034],[30.32991,-2.29065],[30.32816,-2.28853],[30.32937,-2.28642]],[[30.30326,-2.2948],[30.30148,-2.2945],[30.30205,-2.29323],[30.30576,-2.29294],[30.30592,-2.2946],[30.30326,-2.2948]],[[30.27246,-2.28306],[30.26207,-2.28843],[30.2607,-2.28764],[30.26016,-2.2856],[30.2653,-2.28165],[30.2751,-2.27891],[30.27702,-2.27704],[30.27816,-2.26756],[30.28335,-2.2595],[30.29083,-2.25589],[30.2927,-2.2536],[30.29734,-2.25564],[30.29864,-2.25714],[30.29572,-2.26086],[30.29478,-2.26927],[30.29137,-2.27034],[30.28688,-2.2677],[30.28525,-2.26817],[30.28311,-2.27875],[30.27874,-2.2825],[30.27246,-2.28306]],[[30.26034,-2.26877],[30.25787,-2.26858],[30.25687,-2.26621],[30.26552,-2.26352],[30.26683,-2.25919],[30.2667,-2.255],[30.2654,-2.25384],[30.26907,-2.25332],[30.27403,-2.25031],[30.27567,-2.25106],[30.28111,-2.24875],[30.28438,-2.24905],[30.28496,-2.25115],[30.2819,-2.25429],[30.28208,-2.25771],[30.28068,-2.25902],[30.26596,-2.26783],[30.26034,-2.26877]],[[30.26354,-2.25436],[30.2566,-2.25256],[30.265,-2.25392],[30.26354,-2.25436]],[[30.30042,-2.24863],[30.30269,-2.2478],[30.30793,-2.25339],[30.31322,-2.26525],[30.3156,-2.26714],[30.31263,-2.26514],[30.30764,-2.25364],[30.30282,-2.24842],[30.30042,-2.24863]],[[29.9907,-2.22462],[29.98845,-2.22365],[29.99043,-2.22318],[29.9907,-2.22462]],[[30.21743,-2.21736],[30.21726,-2.21519],[30.21745,-2.21648],[30.21905,-2.216],[30.21743,-2.21736]],[[29.98851,-2.20858],[29.99106,-2.21114],[29.99033,-2.21343],[29.98851,-2.20858]],[[29.58452,-2.20214],[29.58067,-2.19881],[29.58538,-2.20171],[29.58654,-2.19947],[29.58493,-2.19758],[29.58683,-2.1935],[29.58991,-2.19456],[29.58951,-2.19201],[29.59602,-2.18837],[29.60178,-2.1907],[29.60595,-2.18805],[29.60513,-2.18518],[29.60876,-2.18049],[29.6095,-2.17599],[29.60876,-2.17181],[29.60619,-2.17152],[29.60416,-2.16883],[29.60384,-2.16377],[29.60573,-2.16224],[29.60531,-2.1608],[29.60627,-2.16203],[29.60445,-2.164],[29.60479,-2.16829],[29.60632,-2.17084],[29.60958,-2.17184],[29.61009,-2.17575],[29.60961,-2.18035],[29.60575,-2.18549],[29.6064,-2.18859],[29.60191,-2.19156],[29.59614,-2.189],[29.58998,-2.19231],[29.59014,-2.19488],[29.587,-2.1939],[29.58547,-2.19726],[29.587,-2.1992],[29.58574,-2.20189],[29.58452,-2.20214]],[[29.60597,-2.16059],[29.60608,-2.15877],[29.6042,-2.15808],[29.60457,-2.15568],[29.60469,-2.15814],[29.60653,-2.15822],[29.60597,-2.16059]],[[29.60127,-2.15577],[29.60238,-2.15625],[29.59923,-2.15517],[29.59885,-2.15118],[29.59477,-2.15119],[29.5994,-2.15087],[29.59962,-2.15472],[29.60127,-2.15577]],[[29.59454,-2.15091],[29.59613,-2.14657],[29.59923,-2.1449],[29.59651,-2.14675],[29.59454,-2.15091]],[[29.98778,-2.14528],[29.98845,-2.14419],[29.98903,-2.144],[29.99402,-2.14514],[29.99893,-2.14031],[30.00076,-2.14104],[30.00393,-2.13844],[30.00984,-2.13116],[30.01008,-2.12558],[30.01004,-2.13123],[30.00437,-2.13894],[30.00081,-2.1413],[29.9989,-2.14077],[29.99365,-2.14588],[29.99202,-2.14471],[29.99046,-2.14494],[29.9886,-2.14437],[29.98571,-2.14759],[29.98558,-2.14584],[29.98778,-2.14528]],[[29.59906,-2.13805],[29.59752,-2.13959],[29.59895,-2.1366],[29.60777,-2.12863],[29.6073,-2.12724],[29.6061,-2.1265],[29.60604,-2.12598],[29.6103,-2.12122],[29.61045,-2.1179],[29.61555,-2.11578],[29.61767,-2.11187],[29.61737,-2.11018],[29.61429,-2.11016],[29.61229,-2.10489],[29.61386,-2.10308],[29.61482,-2.10711],[29.6168,-2.1066],[29.61713,-2.10153],[29.61575,-2.09769],[29.61787,-2.09917],[29.61916,-2.09634],[29.62306,-2.09328],[29.6186,-2.09195],[29.61844,-2.0896],[29.62355,-2.08783],[29.6245,-2.08535],[29.62742,-2.08455],[29.62945,-2.07892],[29.63328,-2.07933],[29.63107,-2.07028],[29.63409,-2.06882],[29.63075,-2.06858],[29.63063,-2.0668],[29.63235,-2.06539],[29.63183,-2.05969],[29.63494,-2.05748],[29.63553,-2.05381],[29.6343,-2.05234],[29.63787,-2.04958],[29.63353,-2.03927],[29.63136,-2.0405],[29.62967,-2.03867],[29.6303,-2.03472],[29.63206,-2.03285],[29.63073,-2.03035],[29.63166,-2.02715],[29.63075,-2.02483],[29.62604,-2.02241],[29.62801,-2.02156],[29.62701,-2.01984],[29.62931,-2.01993],[29.63267,-2.01719],[29.63039,-2.0173],[29.62908,-2.015],[29.63034,-2.01272],[29.62778,-2.00777],[29.62932,-2.00642],[29.62963,-2.00166],[29.63591,-1.99547],[29.63277,-1.98912],[29.62922,-1.98755],[29.63389,-1.988],[29.63726,-1.99065],[29.6383,-1.99613],[29.63764,-1.99809],[29.63302,-2.0],[29.63156,-2.0024],[29.63008,-2.00759],[29.63188,-2.0144],[29.63407,-2.01549],[29.63542,-2.01908],[29.63163,-2.01972],[29.63022,-2.02231],[29.63347,-2.02693],[29.63197,-2.02964],[29.63357,-2.03428],[29.63161,-2.03785],[29.63497,-2.0381],[29.63567,-2.04185],[29.63784,-2.04181],[29.63754,-2.04534],[29.64036,-2.04828],[29.64013,-2.04992],[29.64345,-2.04992],[29.638,-2.05374],[29.63955,-2.05708],[29.63736,-2.05747],[29.63398,-2.06301],[29.63616,-2.06402],[29.63637,-2.06622],[29.63923,-2.06533],[29.63967,-2.06753],[29.63847,-2.06732],[29.63542,-2.0711],[29.63274,-2.07105],[29.63319,-2.07454],[29.63689,-2.07595],[29.63317,-2.08035],[29.62985,-2.07954],[29.62963,-2.08408],[29.62444,-2.08712],[29.62522,-2.09066],[29.62248,-2.09103],[29.62099,-2.08893],[29.61889,-2.09007],[29.62383,-2.09293],[29.61844,-2.09939],[29.61651,-2.09948],[29.61783,-2.10165],[29.61766,-2.10624],[29.61454,-2.1095],[29.61755,-2.10967],[29.61929,-2.11263],[29.61772,-2.11206],[29.61826,-2.11404],[29.61611,-2.11622],[29.61099,-2.1181],[29.6107,-2.12182],[29.60844,-2.12375],[29.60856,-2.12509],[29.60619,-2.12635],[29.60793,-2.12706],[29.60847,-2.12904],[29.59906,-2.13805]],[[30.00941,-2.01884],[30.00552,-2.02124],[30.00548,-2.02386],[30.00858,-2.02528],[30.00896,-2.02803],[30.00359,-2.03072],[30.00651,-2.02798],[30.00869,-2.02785],[30.0084,-2.02591],[30.00481,-2.02403],[30.00472,-2.02169],[30.00827,-2.01805],[30.00941,-2.01884]],[[30.17146,-2.02879],[30.17306,-2.02789],[30.17537,-2.03051],[30.17652,-2.03544],[30.17481,-2.03497],[30.17496,-2.03157],[30.17312,-2.02874],[30.17189,-2.03168],[30.16683,-2.03037],[30.16632,-2.03211],[30.16621,-2.03029],[30.16741,-2.02957],[30.17158,-2.03098],[30.17146,-2.02879]],[[30.17886,-2.03303],[30.18096,-2.03328],[30.18402,-2.03778],[30.18605,-2.03818],[30.18816,-2.04174],[30.19049,-2.04248],[30.19184,-2.05188],[30.19996,-2.05799],[30.19892,-2.06198],[30.19937,-2.05767],[30.19689,-2.05773],[30.19127,-2.05259],[30.18977,-2.04316],[30.18779,-2.04251],[30.18544,-2.03858],[30.18342,-2.03825],[30.18126,-2.03401],[30.17886,-2.03303]],[[30.57599,-2.05094],[30.5738,-2.04163],[30.57402,-2.03882],[30.57529,-2.03868],[30.57766,-2.04774],[30.57997,-2.05028],[30.58369,-2.05125],[30.57915,-2.05342],[30.58053,-2.06159],[30.58359,-2.06678],[30.58161,-2.06795],[30.57988,-2.07183],[30.57959,-2.0653],[30.57636,-2.06008],[30.57599,-2.05094]],[[30.63183,-2.04864],[30.63187,-2.05829],[30.62784,-2.06227],[30.627,-2.06096],[30.62952,-2.05163],[30.63183,-2.04864]],[[30.24618,-2.08772],[30.24479,-2.08883],[30.24531,-2.09098],[30.2491,-2.09057],[30.24553,-2.09176],[30.24412,-2.08906],[30.24618,-2.08772]],[[30.24627,-2.08754],[30.2443,-2.08536],[30.24514,-2.08315],[30.24209,-2.07815],[30.24241,-2.07622],[30.24011,-2.07366],[30.23865,-2.06905],[30.23766,-2.07129],[30.23299,-2.06899],[30.23202,-2.07114],[30.22881,-2.06845],[30.2222,-2.06643],[30.22193,-2.0728],[30.21911,-2.07196],[30.21645,-2.07496],[30.21376,-2.07447],[30.21348,-2.07617],[30.21313,-2.07442],[30.21609,-2.07451],[30.21903,-2.07152],[30.22169,-2.07222],[30.22103,-2.06723],[30.22204,-2.06575],[30.22921,-2.06786],[30.23198,-2.07078],[30.23204,-2.06863],[30.23509,-2.06902],[30.2371,-2.07089],[30.23743,-2.06878],[30.239,-2.06845],[30.24308,-2.07563],[30.24264,-2.07785],[30.2455,-2.08277],[30.24457,-2.085],[30.24627,-2.08754]],[[30.0175,-2.08367],[30.01864,-2.08016],[30.01805,-2.07628],[30.01577,-2.07595],[30.01603,-2.07083],[30.01487,-2.07038],[30.01442,-2.07271],[30.01194,-2.07324],[30.00858,-2.07074],[30.00768,-2.07307],[30.00552,-2.07348],[30.00494,-2.07264],[30.00528,-2.07055],[30.00376,-2.06785],[30.00122,-2.06713],[30.00081,-2.06952],[30.00087,-2.06666],[30.00445,-2.0675],[30.00592,-2.07017],[30.00535,-2.07321],[30.00746,-2.07246],[30.00804,-2.06975],[30.01231,-2.07257],[30.01383,-2.07224],[30.01448,-2.0701],[30.01612,-2.0702],[30.01708,-2.07581],[30.02517,-2.06757],[30.02774,-2.06961],[30.02619,-2.06678],[30.02733,-2.06351],[30.03973,-2.06844],[30.0405,-2.06573],[30.03768,-2.06683],[30.03625,-2.06571],[30.03988,-2.06173],[30.03876,-2.0587],[30.04227,-2.05753],[30.04504,-2.05923],[30.04392,-2.05596],[30.04613,-2.05448],[30.0552,-2.05403],[30.05822,-2.05522],[30.05829,-2.06165],[30.05444,-2.06402],[30.05606,-2.06602],[30.05493,-2.06544],[30.05427,-2.06368],[30.05745,-2.06175],[30.05803,-2.0563],[30.05489,-2.05488],[30.04563,-2.05567],[30.0455,-2.05989],[30.04201,-2.05842],[30.0393,-2.05924],[30.0403,-2.06237],[30.03692,-2.06535],[30.03759,-2.06628],[30.04087,-2.06539],[30.04072,-2.06801],[30.03922,-2.06932],[30.02744,-2.06463],[30.02835,-2.06938],[30.0269,-2.07002],[30.02508,-2.06855],[30.01936,-2.07514],[30.01903,-2.08004],[30.0175,-2.08367]],[[30.00513,-2.07949],[30.00333,-2.0794],[30.00045,-2.07616],[30.0037,-2.07761],[30.00628,-2.07709],[30.00353,-2.07835],[30.00513,-2.07949]],[[30.00015,-2.07014],[29.99677,-2.06667],[29.99862,-2.06708],[30.00015,-2.07014]],[[29.99475,-2.06876],[29.99442,-2.06607],[29.99081,-2.06582],[29.99155,-2.06238],[29.98867,-2.06286],[29.98787,-2.05845],[29.98561,-2.05915],[29.98403,-2.05847],[29.98414,-2.05735],[29.98676,-2.05584],[29.98536,-2.05434],[29.98733,-2.05088],[29.98493,-2.04961],[29.98384,-2.04497],[29.98609,-2.04373],[29.98648,-2.04072],[29.98956,-2.03943],[29.99223,-2.03328],[29.99491,-2.03418],[29.99699,-2.02986],[30.00089,-2.02857],[29.99726,-2.03031],[29.99527,-2.03465],[29.99259,-2.03391],[29.99028,-2.03933],[29.98455,-2.04579],[29.98765,-2.05115],[29.98599,-2.05411],[29.98711,-2.05627],[29.98438,-2.0581],[29.98538,-2.05865],[29.98804,-2.05741],[29.98917,-2.06221],[29.9917,-2.06195],[29.99156,-2.06547],[29.99406,-2.06519],[29.99515,-2.06629],[29.99475,-2.06876]],[[30.16344,-2.03209],[30.16498,-2.03368],[30.1669,-2.03299],[30.16497,-2.03418],[30.16344,-2.03209]],[[30.15393,-2.03426],[30.15568,-2.03601],[30.15265,-2.03448],[30.15194,-2.03725],[30.14799,-2.04033],[30.15163,-2.03684],[30.15231,-2.03418],[30.15393,-2.03426]],[[30.13236,-2.04449],[30.13146,-2.04684],[30.13035,-2.04721],[30.1309,-2.04892],[30.12868,-2.05295],[30.1241,-2.04954],[30.12307,-2.05268],[30.12602,-2.05555],[30.12116,-2.05641],[30.12558,-2.05517],[30.12258,-2.05331],[30.12367,-2.04911],[30.12838,-2.05236],[30.13052,-2.04872],[30.12976,-2.04702],[30.1311,-2.04635],[30.13184,-2.04414],[30.13306,-2.04384],[30.13236,-2.04449]],[[30.11147,-2.05734],[30.11128,-2.0591],[30.10997,-2.05639],[30.10879,-2.05884],[30.10568,-2.05776],[30.10452,-2.05973],[30.10522,-2.05732],[30.10875,-2.05838],[30.10961,-2.05623],[30.11036,-2.05597],[30.11147,-2.05734]],[[30.10438,-2.0599],[30.10223,-2.05585],[30.10255,-2.05735],[30.0994,-2.05798],[30.09904,-2.06113],[30.09693,-2.06322],[30.09868,-2.05762],[30.10184,-2.05735],[30.10179,-2.05555],[30.10389,-2.0561],[30.10438,-2.0599]],[[30.15671,-2.06283],[30.15833,-2.06537],[30.15624,-2.06531],[30.15671,-2.06283]],[[30.20367,-2.06531],[30.20507,-2.0652],[30.20559,-2.06552],[30.20551,-2.0667],[30.20473,-2.06709],[30.20544,-2.06627],[30.20469,-2.06532],[30.20257,-2.06653],[30.20367,-2.06531]],[[30.07871,-2.06724],[30.07811,-2.06858],[30.07678,-2.06943],[30.07525,-2.06662],[30.07582,-2.0651],[30.07293,-2.0645],[30.07251,-2.06818],[30.06884,-2.06837],[30.06638,-2.07177],[30.06338,-2.07074],[30.06227,-2.06669],[30.05727,-2.06598],[30.06293,-2.06676],[30.06347,-2.06973],[30.06596,-2.07097],[30.06886,-2.06741],[30.07203,-2.06799],[30.07209,-2.06459],[30.07308,-2.06391],[30.07627,-2.06472],[30.07582,-2.06731],[30.07732,-2.06883],[30.07839,-2.06568],[30.07772,-2.06288],[30.07997,-2.0621],[30.07807,-2.06322],[30.07871,-2.06724]],[[30.20669,-2.06746],[30.20491,-2.07334],[30.2076,-2.07517],[30.2083,-2.08012],[30.20699,-2.07525],[30.2045,-2.07406],[30.20669,-2.06746]],[[30.20868,-2.07956],[30.21071,-2.07557],[30.21271,-2.07571],[30.21126,-2.07574],[30.20868,-2.07956]],[[30.03628,-2.07508],[30.03466,-2.07339],[30.03719,-2.07307],[30.03628,-2.07508]],[[30.05462,-2.07363],[30.05445,-2.06976],[30.05849,-2.07177],[30.05768,-2.0742],[30.05462,-2.07363]],[[30.08745,-2.06166],[30.09011,-2.05903],[30.09298,-2.06015],[30.09132,-2.06385],[30.09225,-2.06001],[30.09016,-2.05956],[30.08783,-2.06254],[30.08471,-2.06286],[30.08745,-2.06166]],[[30.0751,-2.05901],[30.07537,-2.06044],[30.07312,-2.0583],[30.06764,-2.05728],[30.07326,-2.05739],[30.0751,-2.05901]],[[30.08158,-2.06447],[30.083,-2.06471],[30.08174,-2.0654],[30.08074,-2.06279],[30.08158,-2.06447]],[[30.32485,-2.08308],[30.32658,-2.08143],[30.32636,-2.08301],[30.32485,-2.08308]],[[30.24671,-2.09333],[30.24646,-2.09506],[30.24972,-2.09887],[30.25341,-2.10011],[30.25265,-2.10254],[30.25028,-2.10202],[30.25241,-2.10568],[30.25481,-2.10676],[30.26144,-2.1062],[30.26329,-2.10921],[30.26927,-2.11215],[30.27093,-2.11882],[30.27053,-2.12311],[30.26888,-2.1228],[30.27032,-2.12295],[30.2705,-2.11935],[30.269,-2.11278],[30.26325,-2.11008],[30.26103,-2.10682],[30.25202,-2.10694],[30.24978,-2.10155],[30.25041,-2.10065],[30.25226,-2.10231],[30.25323,-2.10045],[30.2478,-2.09832],[30.24636,-2.09616],[30.24613,-2.09408],[30.24699,-2.09246],[30.24843,-2.09198],[30.24671,-2.09333]],[[30.0208,-2.11206],[30.01855,-2.10757],[30.02012,-2.10848],[30.0208,-2.11206]],[[29.75364,-2.1082],[29.75304,-2.10502],[29.75741,-2.10029],[29.75459,-2.1059],[29.75496,-2.10767],[29.75364,-2.1082]],[[29.78603,-2.09447],[29.78283,-2.09589],[29.78457,-2.09344],[29.78603,-2.09447]],[[29.98891,-2.13191],[29.98998,-2.13021],[29.99396,-2.13198],[29.9965,-2.13557],[29.99375,-2.1326],[29.98891,-2.13191]],[[29.6335,-2.13518],[29.6356,-2.13766],[29.63044,-2.13283],[29.6335,-2.13518]],[[29.76126,-2.13403],[29.76058,-2.13241],[29.76487,-2.13308],[29.7636,-2.13492],[29.76126,-2.13403]],[[30.26693,-2.12688],[30.2684,-2.12829],[30.26815,-2.13244],[30.27003,-2.13187],[30.27071,-2.13322],[30.26711,-2.13739],[30.27024,-2.13293],[30.26651,-2.13369],[30.26805,-2.13157],[30.26693,-2.12688]],[[30.23674,-2.13888],[30.24833,-2.15022],[30.2517,-2.156],[30.25723,-2.15827],[30.25831,-2.1559],[30.26271,-2.15365],[30.25731,-2.15913],[30.25549,-2.15954],[30.25053,-2.1582],[30.2478,-2.15244],[30.24461,-2.15256],[30.24424,-2.15675],[30.24268,-2.15862],[30.24011,-2.14933],[30.2375,-2.14608],[30.23148,-2.14426],[30.22331,-2.1466],[30.22696,-2.1391],[30.22597,-2.13784],[30.23457,-2.13739],[30.23613,-2.13529],[30.23674,-2.13888]],[[30.26788,-2.14139],[30.26958,-2.13804],[30.26774,-2.13793],[30.26988,-2.13754],[30.26654,-2.1454],[30.26788,-2.14139]],[[30.26855,-2.14476],[30.27089,-2.14515],[30.2745,-2.14962],[30.27289,-2.15313],[30.26943,-2.15534],[30.26765,-2.16479],[30.26379,-2.16606],[30.2599,-2.17305],[30.26297,-2.16607],[30.26733,-2.16418],[30.26879,-2.15536],[30.27255,-2.15273],[30.27387,-2.14963],[30.2708,-2.14566],[30.26725,-2.14574],[30.26855,-2.14476]],[[30.30352,-2.16559],[30.31015,-2.16397],[30.31126,-2.16525],[30.30838,-2.1694],[30.3089,-2.1712],[30.31313,-2.1722],[30.31817,-2.17122],[30.31922,-2.17243],[30.31365,-2.17692],[30.30758,-2.17689],[30.30005,-2.17892],[30.29969,-2.18126],[30.30208,-2.18658],[30.30053,-2.18905],[30.29689,-2.18875],[30.29254,-2.18581],[30.28781,-2.17975],[30.27131,-2.18088],[30.27245,-2.17857],[30.2708,-2.1762],[30.28279,-2.17396],[30.29137,-2.16641],[30.2995,-2.16709],[30.30352,-2.16559]],[[30.26867,-2.18652],[30.26806,-2.18197],[30.2694,-2.17843],[30.2626,-2.1756],[30.26092,-2.17297],[30.27029,-2.17864],[30.26838,-2.18205],[30.26867,-2.18652]],[[30.22131,-2.17358],[30.21898,-2.17912],[30.21664,-2.16926],[30.22521,-2.16637],[30.2337,-2.16569],[30.2376,-2.16814],[30.23726,-2.16977],[30.23486,-2.16991],[30.23352,-2.17189],[30.22467,-2.17132],[30.22131,-2.17358]],[[29.98316,-2.17521],[29.98277,-2.17723],[29.98525,-2.18203],[29.98659,-2.18946],[29.98507,-2.19355],[29.98633,-2.19005],[29.98497,-2.18733],[29.98499,-2.1827],[29.98222,-2.17711],[29.98316,-2.17521]],[[29.98414,-2.19273],[29.98303,-2.19385],[29.97672,-2.18244],[29.98414,-2.19273]],[[29.98289,-2.16901],[29.98217,-2.17036],[29.9837,-2.16506],[29.98289,-2.16901]],[[30.01335,-2.16683],[30.01426,-2.16646],[30.01231,-2.16878],[30.01163,-2.16776],[30.01335,-2.16683]],[[30.13424,-2.15356],[30.13457,-2.15448],[30.13111,-2.14862],[30.13371,-2.15096],[30.13424,-2.15356]],[[30.05892,-2.13776],[30.05888,-2.13883],[30.05742,-2.13847],[30.05892,-2.13776]],[[29.98527,-2.19489],[29.98594,-2.19605],[29.98437,-2.19747],[29.98527,-2.19489]],[[29.96837,-2.20078],[29.9674,-2.20035],[29.96936,-2.20073],[29.96837,-2.20078]],[[30.02331,-2.22947],[30.02513,-2.23012],[30.02583,-2.23225],[30.02313,-2.23216],[30.02331,-2.22947]],[[30.34733,-2.3052],[30.35207,-2.30738],[30.35024,-2.30694],[30.34968,-2.3081],[30.34559,-2.30838],[30.34347,-2.30565],[30.34572,-2.30802],[30.34845,-2.308],[30.34886,-2.30672],[30.34536,-2.30601],[30.34836,-2.30307],[30.34733,-2.3052]],[[30.28467,-2.30939],[30.28503,-2.31084],[30.28366,-2.31097],[30.28467,-2.30939]],[[30.30631,-2.30851],[30.30595,-2.30659],[30.30767,-2.30786],[30.30631,-2.30851]],[[30.51863,-2.09195],[30.52055,-2.09066],[30.5195,-2.09296],[30.52241,-2.09512],[30.51478,-2.09391],[30.51487,-2.09273],[30.51863,-2.09195]],[[30.01541,-2.01134],[30.01568,-2.01253],[30.01393,-2.01138],[30.01541,-2.01134]],[[30.01789,-2.00659],[30.01828,-2.00777],[30.01671,-2.00675],[30.01789,-2.00659]],[[30.40734,-2.00327],[30.39982,-1.99806],[30.40186,-1.99744],[30.40356,-2.00017],[30.40348,-1.99905],[30.40782,-2.00132],[30.40734,-2.00327]],[[30.30492,-1.99834],[30.30174,-1.99756],[30.30307,-1.99692],[30.30492,-1.99834]],[[30.17917,-1.99699],[30.17841,-1.99481],[30.18396,-1.98797],[30.19094,-1.98791],[30.17917,-1.99699]],[[30.44282,-1.98755],[30.44364,-1.98668],[30.44494,-1.98976],[30.44366,-1.99092],[30.44587,-1.99069],[30.44393,-1.99158],[30.44139,-1.99618],[30.44282,-1.98755]],[[30.34712,-1.99298],[30.34878,-1.99722],[30.34793,-1.9981],[30.34419,-1.99258],[30.34545,-1.98962],[30.34712,-1.99298]],[[29.64306,-1.97913],[29.63946,-1.97758],[29.64171,-1.97722],[29.64306,-1.97913]],[[29.64638,-1.97731],[29.64895,-1.97731],[29.65141,-1.97534],[29.65069,-1.97695],[29.64413,-1.97902],[29.64638,-1.97731]],[[29.65212,-1.97547],[29.6541,-1.97628],[29.6559,-1.97372],[29.65826,-1.97448],[29.66003,-1.97237],[29.6659,-1.97147],[29.66982,-1.96366],[29.673,-1.96212],[29.67235,-1.95215],[29.67021,-1.94855],[29.66662,-1.94718],[29.6648,-1.94743],[29.66336,-1.94644],[29.66147,-1.94372],[29.6609,-1.93864],[29.66411,-1.93402],[29.66151,-1.92895],[29.6638,-1.92471],[29.66129,-1.92314],[29.66165,-1.91901],[29.66691,-1.91457],[29.6712,-1.91376],[29.67193,-1.90923],[29.66964,-1.90814],[29.66969,-1.90271],[29.67063,-1.90087],[29.6734,-1.90114],[29.67508,-1.89603],[29.67242,-1.89401],[29.67113,-1.8868],[29.66866,-1.88407],[29.67103,-1.88001],[29.67104,-1.87571],[29.66839,-1.87347],[29.669,-1.87217],[29.66712,-1.86837],[29.66789,-1.86584],[29.6647,-1.8643],[29.66327,-1.85999],[29.66466,-1.85809],[29.66368,-1.85256],[29.66556,-1.85032],[29.6639,-1.84778],[29.6639,-1.84355],[29.66589,-1.84076],[29.66672,-1.83593],[29.66461,-1.83313],[29.6651,-1.83021],[29.6674,-1.82891],[29.66596,-1.83071],[29.6674,-1.83565],[29.66661,-1.84075],[29.66475,-1.84352],[29.66627,-1.85095],[29.66425,-1.85302],[29.66551,-1.8582],[29.66443,-1.85999],[29.66516,-1.8633],[29.66839,-1.86552],[29.66808,-1.86985],[29.67233,-1.87722],[29.66943,-1.88405],[29.67183,-1.88624],[29.67297,-1.8935],[29.6755,-1.89643],[29.67328,-1.90181],[29.67095,-1.90129],[29.67032,-1.90237],[29.67027,-1.90751],[29.67276,-1.90961],[29.6718,-1.91335],[29.67063,-1.91443],[29.66719,-1.91485],[29.66185,-1.92004],[29.66179,-1.92209],[29.66448,-1.92412],[29.66224,-1.92862],[29.66452,-1.93446],[29.66147,-1.93913],[29.66189,-1.94401],[29.663,-1.94425],[29.6654,-1.94708],[29.66743,-1.94656],[29.67103,-1.94837],[29.67273,-1.95123],[29.67378,-1.96051],[29.67298,-1.96253],[29.66933,-1.9651],[29.66599,-1.97226],[29.66095,-1.9726],[29.65885,-1.97461],[29.65638,-1.97413],[29.65425,-1.97655],[29.65212,-1.97547]],[[29.62451,-1.9548],[29.62531,-1.95634],[29.6232,-1.95494],[29.62451,-1.9548]],[[29.99947,-1.96558],[29.99845,-1.96446],[30.00035,-1.96295],[29.99884,-1.96443],[29.99947,-1.96558]],[[30.00314,-1.96517],[30.00364,-1.9633],[30.00315,-1.97051],[30.00314,-1.96517]],[[30.09539,-1.93923],[30.09564,-1.93721],[30.09827,-1.93873],[30.09539,-1.93923]],[[29.66915,-1.82635],[29.66736,-1.82868],[29.66758,-1.8264],[29.67225,-1.82253],[29.67082,-1.81779],[29.66946,-1.81786],[29.67081,-1.81723],[29.67252,-1.82289],[29.66915,-1.82635]],[[29.67099,-1.80834],[29.67189,-1.80933],[29.66953,-1.8093],[29.66938,-1.81085],[29.66916,-1.80912],[29.67099,-1.80834]],[[29.6723,-1.80802],[29.67264,-1.80449],[29.66892,-1.80019],[29.66922,-1.79716],[29.66785,-1.79675],[29.66994,-1.79437],[29.66911,-1.78956],[29.67002,-1.78803],[29.672,-1.78871],[29.67018,-1.7884],[29.66955,-1.78965],[29.67042,-1.79217],[29.66938,-1.79945],[29.67306,-1.80439],[29.6723,-1.80802]],[[29.67315,-1.78534],[29.6718,-1.78166],[29.67351,-1.78076],[29.67315,-1.78534]],[[29.67171,-1.77537],[29.67125,-1.77906],[29.67326,-1.77985],[29.67099,-1.77959],[29.67175,-1.77425],[29.66995,-1.77312],[29.66677,-1.76744],[29.66857,-1.76827],[29.66981,-1.77243],[29.67198,-1.77384],[29.67171,-1.77537]],[[30.41303,-1.71154],[30.41183,-1.69353],[30.41532,-1.70016],[30.41601,-1.71296],[30.41249,-1.71436],[30.41466,-1.71222],[30.41303,-1.71154]],[[29.63737,-1.69425],[29.63617,-1.69485],[29.63989,-1.67658],[29.63853,-1.67158],[29.63923,-1.66708],[29.63739,-1.65553],[29.63386,-1.65289],[29.63627,-1.65298],[29.63784,-1.65491],[29.63986,-1.66745],[29.64036,-1.67674],[29.63737,-1.69425]],[[30.2483,-1.66195],[30.24759,-1.65873],[30.24919,-1.66231],[30.2483,-1.66195]],[[30.59495,-1.6607],[30.59792,-1.66332],[30.59694,-1.66501],[30.59808,-1.66742],[30.59278,-1.66413],[30.59495,-1.6607]],[[30.37087,-1.66614],[30.36988,-1.66587],[30.37276,-1.66281],[30.37761,-1.66227],[30.37087,-1.66614]],[[30.54245,-1.68399],[30.54209,-1.68231],[30.54387,-1.68372],[30.54245,-1.68399]],[[30.00786,-1.71447],[30.00113,-1.7231],[29.99881,-1.72421],[29.99839,-1.72265],[30.00363,-1.71799],[30.00534,-1.71402],[30.00786,-1.71447]],[[30.53445,-1.72237],[30.53493,-1.72381],[30.53355,-1.72399],[30.53445,-1.72237]],[[30.75349,-1.68475],[30.75162,-1.68329],[30.75229,-1.68141],[30.75472,-1.68302],[30.75349,-1.68475]],[[29.52529,-1.64826],[29.52385,-1.64844],[29.52296,-1.64448],[29.52079,-1.64494],[29.52052,-1.63883],[29.52324,-1.63928],[29.52315,-1.64354],[29.52755,-1.64032],[29.52846,-1.64168],[29.52529,-1.64826]],[[29.52908,-1.63889],[29.52864,-1.63664],[29.53157,-1.63649],[29.53253,-1.63885],[29.53032,-1.64035],[29.52869,-1.64018],[29.52908,-1.63889]],[[29.52632,-1.63637],[29.52493,-1.63784],[29.52461,-1.63522],[29.52606,-1.63483],[29.52632,-1.63637]],[[29.63393,-1.63607],[29.63485,-1.63547],[29.63357,-1.63867],[29.63393,-1.63607]],[[29.53609,-1.63981],[29.53858,-1.64323],[29.53644,-1.64391],[29.53544,-1.647],[29.53389,-1.64755],[29.53242,-1.64434],[29.53468,-1.6436],[29.53609,-1.63981]],[[30.59608,-1.64539],[30.59191,-1.64749],[30.59257,-1.6461],[30.59608,-1.64539]],[[29.53437,-1.63408],[29.53471,-1.63133],[29.53618,-1.63309],[29.53437,-1.63408]],[[30.75566,-1.63106],[30.75481,-1.62823],[30.75912,-1.62805],[30.76132,-1.63381],[30.75938,-1.63071],[30.75566,-1.63106]],[[29.52056,-1.6236],[29.52183,-1.62271],[29.51954,-1.62529],[29.52056,-1.6236]],[[29.4873,-1.62234],[29.48232,-1.62072],[29.48186,-1.61901],[29.48522,-1.617],[29.48917,-1.62086],[29.4873,-1.62234]],[[29.52124,-1.61709],[29.52286,-1.61592],[29.5227,-1.6182],[29.52169,-1.61741],[29.52061,-1.61986],[29.51945,-1.61826],[29.52124,-1.61709]],[[29.52591,-1.61412],[29.52981,-1.61233],[29.53059,-1.61871],[29.52681,-1.62086],[29.52497,-1.61935],[29.52633,-1.618],[29.52524,-1.61689],[29.52705,-1.61598],[29.5267,-1.61426],[29.52581,-1.61578],[29.52591,-1.61412]],[[29.52875,-1.60752],[29.52578,-1.60748],[29.52546,-1.60424],[29.53032,-1.60281],[29.53115,-1.60632],[29.53035,-1.60709],[29.52881,-1.60582],[29.52875,-1.60752]],[[30.29216,-1.60277],[30.29058,-1.6004],[30.2872,-1.60232],[30.28598,-1.60137],[30.29128,-1.59238],[30.29603,-1.60201],[30.29447,-1.60228],[30.29393,-1.60501],[30.29216,-1.60277]],[[30.50685,-1.6033],[30.50895,-1.60386],[30.50777,-1.60567],[30.50685,-1.6033]],[[30.38541,-1.60357],[30.38527,-1.60522],[30.38442,-1.60232],[30.38541,-1.60357]],[[30.77951,-1.60388],[30.78064,-1.60043],[30.7812,-1.60184],[30.77951,-1.60388]],[[30.80547,-1.61493],[30.80745,-1.61493],[30.80691,-1.61878],[30.8052,-1.61727],[30.80547,-1.61493]],[[30.79437,-1.61811],[30.79299,-1.62017],[30.79573,-1.615],[30.79437,-1.61811]],[[30.73459,-1.59186],[30.73716,-1.59241],[30.73499,-1.59208],[30.73277,-1.59539],[30.73459,-1.59186]],[[29.9726,-1.58057],[29.97208,-1.57937],[29.97332,-1.57956],[29.9726,-1.58057]],[[29.96663,-2.31679],[29.96605,-2.31954],[29.9649,-2.31477],[29.96663,-2.31679]],[[29.72651,-2.32128],[29.72512,-2.32692],[29.72764,-2.33343],[29.72453,-2.33206],[29.72582,-2.32918],[29.724,-2.32692],[29.7256,-2.32045],[29.72651,-2.32128]],[[29.72651,-2.32128],[29.73265,-2.32089],[29.73021,-2.32467],[29.7282,-2.32376],[29.72747,-2.32512],[29.72812,-2.32918],[29.73217,-2.33007],[29.73055,-2.33305],[29.7332,-2.33481],[29.73099,-2.33601],[29.731,-2.33906],[29.73666,-2.34454],[29.73396,-2.34661],[29.73046,-2.34266],[29.72696,-2.34401],[29.72807,-2.34054],[29.72534,-2.34032],[29.72797,-2.33809],[29.72839,-2.3343],[29.72979,-2.34071],[29.73096,-2.33507],[29.7275,-2.32882],[29.72705,-2.32523],[29.72768,-2.32363],[29.72984,-2.32347],[29.73072,-2.32179],[29.72651,-2.32128]],[[29.90318,-2.3339],[29.90415,-2.33482],[29.90321,-2.33529],[29.90318,-2.3339]],[[29.74564,-2.34248],[29.74663,-2.34329],[29.74412,-2.34432],[29.74564,-2.34248]],[[29.69875,-2.36387],[29.70022,-2.36204],[29.70005,-2.37028],[29.69751,-2.36788],[29.69403,-2.36867],[29.69366,-2.366],[29.69875,-2.36387]],[[29.87338,-2.36675],[29.87475,-2.36496],[29.87802,-2.36868],[29.86943,-2.3706],[29.87054,-2.36734],[29.87338,-2.36675]],[[29.85712,-2.42045],[29.85622,-2.41952],[29.85712,-2.41848],[29.86282,-2.42029],[29.86154,-2.42175],[29.85712,-2.42045]],[[29.8211,-2.45423],[29.8158,-2.45256],[29.81508,-2.45099],[29.82337,-2.45145],[29.82394,-2.45345],[29.8211,-2.45423]],[[29.91214,-2.45625],[29.91435,-2.45692],[29.9082,-2.45794],[29.91214,-2.45625]],[[29.96052,-2.46052],[29.95998,-2.45908],[29.96663,-2.45971],[29.96256,-2.46154],[29.96052,-2.46052]],[[29.69565,-2.46155],[29.69898,-2.46775],[29.69309,-2.46141],[29.69565,-2.46155]],[[29.76741,-2.50468],[29.76711,-2.50769],[29.76546,-2.50883],[29.76741,-2.50468]],[[29.82714,-2.53167],[29.82631,-2.53066],[29.82792,-2.52996],[29.83168,-2.53328],[29.83089,-2.53409],[29.82714,-2.53167]],[[29.76742,-2.55039],[29.76796,-2.54932],[29.76841,-2.55252],[29.76742,-2.55039]],[[29.02668,-2.59405],[29.02528,-2.59221],[29.02578,-2.58648],[29.02668,-2.59405]],[[29.75855,-2.60589],[29.75746,-2.60142],[29.76077,-2.60632],[29.75872,-2.60753],[29.75757,-2.60766],[29.75893,-2.60716],[29.75855,-2.60589]],[[29.69453,-2.6144],[29.69408,-2.61314],[29.69866,-2.6161],[29.69884,-2.61754],[29.69557,-2.61911],[29.69645,-2.6168],[29.69453,-2.6144]],[[29.72379,-2.73428],[29.7252,-2.73475],[29.7236,-2.74024],[29.72247,-2.73917],[29.72379,-2.73428]],[[29.79352,-2.74165],[29.79514,-2.74286],[29.79366,-2.74352],[29.79442,-2.74852],[29.79747,-2.74939],[29.79532,-2.75238],[29.79298,-2.75224],[29.79074,-2.74708],[29.79183,-2.74543],[29.79074,-2.74232],[29.79352,-2.74165]],[[29.80678,-2.75476],[29.80927,-2.75251],[29.80748,-2.75555],[29.80678,-2.75476]],[[29.54873,-2.76136],[29.54967,-2.76203],[29.54707,-2.76089],[29.54873,-2.76136]],[[29.55116,-2.76244],[29.55538,-2.76253],[29.55921,-2.76551],[29.55116,-2.76244]],[[29.56953,-2.76706],[29.56966,-2.76837],[29.56666,-2.77007],[29.56984,-2.77295],[29.56562,-2.77079],[29.56953,-2.76706]],[[30.28063,-2.32444],[30.2817,-2.32126],[30.28189,-2.32406],[30.28063,-2.32444]],[[30.01427,-2.33254],[30.01605,-2.33069],[30.01617,-2.33416],[30.01431,-2.33377],[30.01427,-2.33254]],[[30.29438,-2.33698],[30.29505,-2.33561],[30.29424,-2.3387],[30.29438,-2.33698]],[[30.28797,-2.34838],[30.29017,-2.34172],[30.28778,-2.34993],[30.29164,-2.35487],[30.2896,-2.36026],[30.28715,-2.36242],[30.29062,-2.35478],[30.2872,-2.35062],[30.28797,-2.34838]],[[30.35322,-2.31386],[30.35385,-2.31234],[30.35511,-2.31548],[30.35322,-2.31386]],[[30.35816,-2.31521],[30.35745,-2.31394],[30.36202,-2.318],[30.3623,-2.32043],[30.35884,-2.32086],[30.35955,-2.31813],[30.35816,-2.31521]],[[30.36014,-2.32475],[30.36184,-2.32567],[30.36108,-2.32846],[30.36014,-2.32475]],[[30.73266,-2.32419],[30.73027,-2.3198],[30.73446,-2.32337],[30.73266,-2.32419]],[[30.724,-2.33978],[30.72663,-2.33954],[30.72714,-2.34266],[30.72633,-2.34104],[30.72013,-2.34194],[30.72095,-2.34031],[30.724,-2.33978]],[[30.82973,-2.34724],[30.83081,-2.34454],[30.83108,-2.34733],[30.82973,-2.34724]],[[30.72771,-2.34693],[30.72862,-2.34777],[30.72758,-2.34926],[30.72642,-2.3476],[30.72771,-2.34693]],[[30.49852,-2.36143],[30.49814,-2.36287],[30.49574,-2.36197],[30.49852,-2.36143]],[[30.61755,-2.37742],[30.62069,-2.38964],[30.61543,-2.39419],[30.61689,-2.39142],[30.61593,-2.38991],[30.61981,-2.38918],[30.61584,-2.37823],[30.61755,-2.37742]],[[30.63259,-2.38107],[30.63309,-2.37976],[30.63443,-2.38028],[30.63259,-2.38107]],[[30.63942,-2.38592],[30.6405,-2.38609],[30.6357,-2.38956],[30.63806,-2.39168],[30.63749,-2.3926],[30.63542,-2.39144],[30.63398,-2.3922],[30.63457,-2.38862],[30.63942,-2.38592]],[[30.6414,-2.39005],[30.64289,-2.38759],[30.64081,-2.38596],[30.64525,-2.38753],[30.6424,-2.38956],[30.64242,-2.39161],[30.648,-2.39341],[30.64786,-2.39811],[30.64234,-2.4015],[30.63443,-2.40008],[30.64202,-2.40094],[30.64702,-2.39737],[30.64703,-2.39442],[30.64249,-2.39265],[30.6414,-2.39005]],[[30.52849,-2.3991],[30.52932,-2.40172],[30.5269,-2.40124],[30.52722,-2.39768],[30.52849,-2.3991]],[[30.6131,-2.39715],[30.60684,-2.39486],[30.6074,-2.39079],[30.61083,-2.39458],[30.61558,-2.39486],[30.6131,-2.39715]],[[30.62435,-2.3946],[30.62371,-2.3899],[30.6259,-2.3882],[30.62561,-2.39352],[30.62817,-2.39515],[30.62716,-2.39602],[30.62435,-2.3946]],[[30.61488,-2.38716],[30.61455,-2.38802],[30.6143,-2.38493],[30.61488,-2.38716]],[[30.81133,-2.35817],[30.81348,-2.35903],[30.81079,-2.35972],[30.80993,-2.35846],[30.81133,-2.35817]],[[30.75427,-2.37805],[30.75404,-2.3795],[30.75117,-2.37921],[30.75427,-2.37805]],[[30.83605,-2.02278],[30.83617,-2.02675],[30.83196,-2.02943],[30.83235,-2.02474],[30.83605,-2.02278]]],[[[30.61354,-1.35167],[30.61222,-1.35559],[30.6171,-1.35913],[30.61354,-1.35167]]],[[[30.62216,-1.36973],[30.61908,-1.37184],[30.61858,-1.3738],[30.62162,-1.37763],[30.62579,-1.37734],[30.62216,-1.36973]]],[[[30.62613,-1.37806],[30.62621,-1.38043],[30.62823,-1.38245],[30.62613,-1.37806]]],[[[29.79528,-1.39382],[29.79361,-1.39166],[29.79346,-1.39308],[29.79528,-1.39382]]],[[[30.68366,-1.39762],[30.67943,-1.39477],[30.67352,-1.39362],[30.67562,-1.39508],[30.67564,-1.39729],[30.6789,-1.3991],[30.68563,-1.40025],[30.68366,-1.39762]]],[[[29.76014,-1.43559],[29.75957,-1.43904],[29.76109,-1.43931],[29.76014,-1.43559]]],[[[29.78813,-1.43814],[29.78624,-1.43891],[29.78777,-1.44429],[29.78955,-1.44226],[29.78813,-1.43814]]],[[[29.78953,-1.44932],[29.78878,-1.44656],[29.78746,-1.45083],[29.78967,-1.45205],[29.78953,-1.44932]]],[[[29.76754,-1.44951],[29.76685,-1.44825],[29.76307,-1.44936],[29.76285,-1.45469],[29.765,-1.45273],[29.76806,-1.45448],[29.76754,-1.44951]]],[[[29.77066,-1.47582],[29.76897,-1.46347],[29.76699,-1.46409],[29.76689,-1.47235],[29.76869,-1.4769],[29.77066,-1.47582]]],[[[30.74022,-1.46968],[30.73887,-1.47231],[30.74002,-1.4785],[30.73582,-1.48197],[30.73564,-1.48757],[30.73465,-1.48885],[30.73214,-1.48821],[30.73089,-1.49046],[30.72828,-1.49144],[30.72556,-1.49996],[30.72957,-1.50509],[30.73005,-1.51013],[30.73404,-1.51238],[30.7367,-1.51205],[30.74347,-1.51438],[30.74022,-1.46968]]],[[[29.78735,-1.48081],[29.78579,-1.48274],[29.78875,-1.4819],[29.78735,-1.48081]]],[[[29.73203,-1.49909],[29.73322,-1.49835],[29.73247,-1.49545],[29.73055,-1.49389],[29.73023,-1.49629],[29.73203,-1.49909]]],[[[29.73457,-1.50735],[29.73462,-1.50584],[29.73232,-1.50539],[29.73127,-1.5083],[29.73244,-1.50947],[29.73092,-1.51123],[29.73309,-1.51023],[29.73381,-1.50806],[29.73724,-1.50898],[29.73645,-1.50683],[29.73457,-1.50735]]],[[[29.71604,-1.51436],[29.71698,-1.51289],[29.71512,-1.51332],[29.71604,-1.51436]]],[[[30.71933,-1.53175],[30.72064,-1.52761],[30.72401,-1.52394],[30.72328,-1.52071],[30.7201,-1.52329],[30.71933,-1.53175]]],[[[30.78123,-1.57624],[30.77921,-1.57543],[30.77698,-1.57965],[30.77372,-1.58154],[30.77425,-1.58407],[30.78314,-1.59288],[30.79145,-1.59624],[30.79437,-1.60042],[30.79718,-1.59895],[30.8019,-1.60134],[30.78357,-1.57571],[30.78123,-1.57624]]],[[[30.83864,-1.65465],[30.83988,-1.65094],[30.83854,-1.64915],[30.83689,-1.65157],[30.83724,-1.65461],[30.83818,-1.65565],[30.83864,-1.65465]]],[[[30.73162,-1.66132],[30.73238,-1.65976],[30.73037,-1.6581],[30.73162,-1.66132]]],[[[30.83113,-1.67123],[30.82711,-1.6765],[30.82619,-1.6817],[30.82312,-1.68443],[30.82457,-1.68573],[30.83113,-1.67123]]],[[[30.79779,-1.80703],[30.79752,-1.80522],[30.79658,-1.80554],[30.79779,-1.80703]]],[[[30.80337,-1.80865],[30.80386,-1.80611],[30.80175,-1.80924],[30.80337,-1.80865]]],[[[30.76236,-1.81195],[30.76302,-1.81106],[30.76144,-1.81064],[30.75989,-1.81183],[30.76236,-1.81195]]],[[[29.28162,-1.82051],[29.28242,-1.81984],[29.27917,-1.82006],[29.27756,-1.82315],[29.28162,-1.82051]]],[[[29.27093,-1.82733],[29.26908,-1.8242],[29.26927,-1.82653],[29.27093,-1.82733]]],[[[29.28865,-1.82804],[29.28778,-1.82574],[29.28719,-1.82717],[29.28865,-1.82804]]],[[[29.28687,-1.83188],[29.28826,-1.83067],[29.28678,-1.8307],[29.28687,-1.83188]]],[[[30.82795,-1.83053],[30.82547,-1.8335],[30.81846,-1.8364],[30.8199,-1.84231],[30.8249,-1.84334],[30.82795,-1.83053]]],[[[29.28324,-1.84728],[29.28288,-1.85013],[29.28529,-1.84879],[29.2851,-1.84743],[29.28324,-1.84728]]],[[[30.74484,-1.90495],[30.74721,-1.90122],[30.74645,-1.90008],[30.74508,-1.90042],[30.74484,-1.90495]]],[[[30.81379,-1.90012],[30.81154,-1.90327],[30.81223,-1.9059],[30.8084,-1.91009],[30.80654,-1.91801],[30.79859,-1.92016],[30.79709,-1.92803],[30.79309,-1.93252],[30.78904,-1.93337],[30.78729,-1.93672],[30.78774,-1.9424],[30.78463,-1.94634],[30.79024,-1.94536],[30.79276,-1.94202],[30.79328,-1.93777],[30.79905,-1.9377],[30.8043,-1.93451],[30.80807,-1.93645],[30.81379,-1.90012]]],[[[29.26814,-1.90496],[29.26541,-1.90028],[29.26369,-1.90198],[29.26502,-1.90855],[29.2667,-1.90986],[29.26618,-1.9157],[29.26368,-1.917],[29.26087,-1.92177],[29.26464,-1.92643],[29.27033,-1.91166],[29.26814,-1.90496]]],[[[29.28376,-1.92082],[29.28386,-1.91965],[29.28282,-1.92],[29.28376,-1.92082]]],[[[29.15295,-1.92089],[29.15153,-1.91978],[29.14876,-1.92102],[29.1479,-1.92706],[29.14404,-1.92832],[29.14351,-1.9327],[29.14751,-1.94038],[29.15126,-1.94156],[29.15243,-1.93839],[29.14967,-1.9344],[29.15,-1.92915],[29.14826,-1.92768],[29.1497,-1.9227],[29.15296,-1.92503],[29.15407,-1.92805],[29.156,-1.92662],[29.15558,-1.92333],[29.15324,-1.92309],[29.15295,-1.92089]]],[[[30.78773,-1.94712],[30.78872,-1.94597],[30.78411,-1.94667],[30.78571,-1.94785],[30.78773,-1.94712]]],[[[29.32213,-1.95917],[29.32021,-1.95916],[29.32085,-1.96125],[29.32213,-1.95917]]],[[[30.82748,-1.9721],[30.82678,-1.97515],[30.82424,-1.97647],[30.82313,-1.97942],[30.81802,-1.98165],[30.81441,-1.98672],[30.8161,-1.99033],[30.8146,-1.99416],[30.81753,-2.0007],[30.81558,-2.00461],[30.81756,-2.01197],[30.81567,-2.01492],[30.81644,-2.02223],[30.82131,-2.02353],[30.8267,-2.01979],[30.82697,-2.01645],[30.83374,-2.0131],[30.83763,-2.00882],[30.84067,-2.00836],[30.84829,-2.0103],[30.84997,-2.01561],[30.85339,-2.01984],[30.85565,-2.01994],[30.82748,-1.9721]]],[[[29.30304,-1.97921],[29.30202,-1.97882],[29.30318,-1.98013],[29.30304,-1.97921]]],[[[29.30776,-1.98723],[29.30614,-1.98708],[29.30565,-1.9916],[29.30606,-1.98856],[29.30776,-1.98723]]],[[[29.33336,-1.9992],[29.32842,-1.99972],[29.32749,-2.00169],[29.3252,-2.00118],[29.32521,-2.00242],[29.32417,-2.00157],[29.32307,-2.00257],[29.32797,-2.00697],[29.32951,-2.00603],[29.3307,-2.00835],[29.33296,-2.0083],[29.33336,-1.9992]]],[[[29.34081,-2.00323],[29.34055,-2.00041],[29.3397,-2.00224],[29.34081,-2.00323]]],[[[29.33857,-2.00483],[29.33692,-2.00539],[29.33871,-2.00741],[29.33965,-2.00644],[29.33857,-2.00483]]],[[[29.30087,-2.01068],[29.29934,-2.01096],[29.30213,-2.01316],[29.30281,-2.01216],[29.30087,-2.01068]]],[[[29.33964,-2.01364],[29.33977,-2.01231],[29.33869,-2.01247],[29.33964,-2.01364]]],[[[29.31041,-2.01828],[29.30766,-2.01563],[29.30488,-2.01704],[29.3068,-2.01913],[29.31175,-2.01921],[29.31041,-2.01828]]],[[[30.85701,-2.02169],[30.85932,-2.02818],[30.86191,-2.02993],[30.85701,-2.02169]]],[[[30.81962,-2.02336],[30.81687,-2.02341],[30.81976,-2.02465],[30.81962,-2.02336]]],[[[30.71755,-2.0382],[30.71616,-2.03506],[30.71407,-2.03666],[30.71476,-2.0388],[30.71755,-2.0382]]],[[[29.33412,-2.03606],[29.33319,-2.03676],[29.33449,-2.03718],[29.33412,-2.03606]]],[[[29.3383,-2.03916],[29.33671,-2.03932],[29.3366,-2.04144],[29.33992,-2.04302],[29.34002,-2.0465],[29.34044,-2.0443],[29.3436,-2.04355],[29.34188,-2.0404],[29.3383,-2.03916]]],[[[29.35195,-2.03984],[29.35,-2.03912],[29.35123,-2.04052],[29.35492,-2.04065],[29.35195,-2.03984]]],[[[30.75907,-2.0459],[30.75905,-2.04213],[30.75719,-2.04648],[30.75907,-2.0459]]],[[[29.33673,-2.04648],[29.33328,-2.04712],[29.33406,-2.04845],[29.33673,-2.04648]]],[[[29.34317,-2.05991],[29.34208,-2.05997],[29.34551,-2.06048],[29.34317,-2.05991]]],[[[29.33335,-2.06589],[29.33416,-2.06548],[29.33219,-2.06526],[29.33335,-2.06589]]],[[[29.31979,-2.07619],[29.31852,-2.07555],[29.31874,-2.07684],[29.31979,-2.07619]]],[[[30.74994,-2.08213],[30.74866,-2.08221],[30.7492,-2.08598],[30.75122,-2.08664],[30.75404,-2.08353],[30.74994,-2.08213]]],[[[29.61411,-2.10725],[29.61337,-2.10384],[29.6131,-2.10702],[29.61411,-2.10725]]],[[[29.25744,-2.14659],[29.25639,-2.14545],[29.25602,-2.14655],[29.25744,-2.14659]]],[[[29.21138,-2.1595],[29.2131,-2.15646],[29.21189,-2.1555],[29.20986,-2.15936],[29.21138,-2.1595]]],[[[29.21155,-2.16257],[29.21547,-2.16777],[29.21624,-2.16408],[29.21401,-2.16438],[29.21155,-2.16257]]],[[[29.22534,-2.17101],[29.22378,-2.16646],[29.22471,-2.17198],[29.22534,-2.17101]]],[[[29.21093,-2.19948],[29.20986,-2.19917],[29.21043,-2.20036],[29.21093,-2.19948]]],[[[29.19444,-2.2028],[29.19436,-2.19988],[29.19239,-2.20041],[29.19444,-2.2028]]],[[[29.18207,-2.20239],[29.18047,-2.20284],[29.18273,-2.20453],[29.18404,-2.20283],[29.18207,-2.20239]]],[[[29.18603,-2.2234],[29.18819,-2.22117],[29.18515,-2.22165],[29.18494,-2.22376],[29.18603,-2.2234]]],[[[29.17443,-2.22978],[29.1732,-2.22907],[29.17912,-2.23982],[29.18219,-2.23992],[29.18327,-2.23715],[29.18177,-2.23342],[29.17958,-2.23114],[29.17443,-2.22978]]],[[[29.18655,-2.24841],[29.18336,-2.24729],[29.18373,-2.24913],[29.18535,-2.24896],[29.18454,-2.25097],[29.18553,-2.25263],[29.18671,-2.24953],[29.19012,-2.25098],[29.18655,-2.24841]]],[[[29.1633,-2.2589],[29.16313,-2.25724],[29.16122,-2.25719],[29.16452,-2.26229],[29.16447,-2.25926],[29.1633,-2.2589]]],[[[29.13735,-2.2721],[29.13797,-2.27088],[29.13629,-2.272],[29.13735,-2.2721]]],[[[30.32212,-2.27828],[30.32196,-2.27535],[30.32106,-2.27784],[30.32212,-2.27828]]],[[[29.14691,-2.2769],[29.14633,-2.27597],[29.14656,-2.27991],[29.14875,-2.27738],[29.14691,-2.2769]]],[[[29.14644,-2.28157],[29.14521,-2.28103],[29.14539,-2.28615],[29.14283,-2.28679],[29.1453,-2.28732],[29.14346,-2.29166],[29.14728,-2.29458],[29.1466,-2.29113],[29.15002,-2.28682],[29.1487,-2.28644],[29.14966,-2.28403],[29.1481,-2.28074],[29.14644,-2.28157]]],[[[29.13763,-2.28322],[29.13536,-2.28243],[29.13476,-2.28461],[29.13982,-2.28516],[29.13763,-2.28322]]],[[[29.15859,-2.29226],[29.15915,-2.2891],[29.15793,-2.29053],[29.15859,-2.29226]]],[[[30.85365,-2.31487],[30.85187,-2.31528],[30.85183,-2.31733],[30.85365,-2.31487]]],[[[30.84845,-2.32069],[30.84988,-2.3191],[30.84802,-2.31907],[30.84845,-2.32069]]],[[[30.33615,-2.33372],[30.33731,-2.33161],[30.33585,-2.33049],[30.33466,-2.33211],[30.33615,-2.33372]]],[[[29.07918,-2.33909],[29.07801,-2.33619],[29.07453,-2.33971],[29.06819,-2.33669],[29.06746,-2.33925],[29.07444,-2.34189],[29.0757,-2.34055],[29.08085,-2.3409],[29.07918,-2.33909]]],[[[30.31459,-2.35222],[30.31548,-2.35148],[30.31441,-2.34432],[30.31213,-2.34307],[30.31192,-2.34882],[30.31459,-2.35222]]],[[[30.31413,-2.35435],[30.31378,-2.35628],[30.31541,-2.35671],[30.31593,-2.35566],[30.3145,-2.35576],[30.31413,-2.35435]]],[[[28.93239,-2.3745],[28.93035,-2.3742],[28.92683,-2.37679],[28.92226,-2.37428],[28.91479,-2.37536],[28.91324,-2.37425],[28.91124,-2.37559],[28.90792,-2.38501],[28.90796,-2.39108],[28.90664,-2.39192],[28.90268,-2.38897],[28.90379,-2.39502],[28.90159,-2.39665],[28.89971,-2.39535],[28.90018,-2.39984],[28.89821,-2.40009],[28.897,-2.40275],[28.89365,-2.40244],[28.89333,-2.40957],[28.88694,-2.41604],[28.88392,-2.43033],[28.88195,-2.4319],[28.88006,-2.42939],[28.87899,-2.43153],[28.88033,-2.43298],[28.88255,-2.43356],[28.88629,-2.43026],[28.88943,-2.41902],[28.8962,-2.41389],[28.89886,-2.41339],[28.89899,-2.40968],[28.90166,-2.40962],[28.90697,-2.4041],[28.91033,-2.40431],[28.91018,-2.40268],[28.91161,-2.40196],[28.91093,-2.40006],[28.91901,-2.39736],[28.92081,-2.39857],[28.92123,-2.39631],[28.92512,-2.39373],[28.9235,-2.38955],[28.92516,-2.38851],[28.91877,-2.38548],[28.9201,-2.38266],[28.91387,-2.38494],[28.9121,-2.37967],[28.91677,-2.37778],[28.92261,-2.37859],[28.92702,-2.38118],[28.92988,-2.37787],[28.93493,-2.37726],[28.93518,-2.37501],[28.93239,-2.3745]]],[[[28.9386,-2.38434],[28.94124,-2.37955],[28.93525,-2.38467],[28.93423,-2.38205],[28.93207,-2.38176],[28.92969,-2.38364],[28.92988,-2.38793],[28.92832,-2.3912],[28.93036,-2.39343],[28.93337,-2.39234],[28.9386,-2.38434]]],[[[29.06036,-2.38429],[29.06228,-2.38343],[29.06079,-2.38241],[29.06036,-2.38429]]],[[[30.76654,-2.38815],[30.7659,-2.3905],[30.76775,-2.39184],[30.76876,-2.39076],[30.76654,-2.38815]]],[[[28.89498,-2.44709],[28.8996,-2.43672],[28.8983,-2.43343],[28.8943,-2.44475],[28.89498,-2.44709]]],[[[28.88741,-2.45238],[28.88998,-2.44648],[28.89147,-2.43386],[28.88825,-2.43814],[28.88748,-2.44318],[28.88501,-2.44479],[28.8875,-2.44907],[28.88607,-2.4525],[28.88741,-2.45238]]],[[[28.97902,-2.69482],[28.98181,-2.69413],[28.97493,-2.69572],[28.97902,-2.69482]]],[[[29.02287,-2.72367],[29.02213,-2.72283],[29.0237,-2.72474],[29.02287,-2.72367]]]]}}]}