{"type":"FeatureCollection","features":[{"type":"Feature","properties":{"d":"Nyarugenge","s":"Gitega"},"geometry":{"type":"Polygon","coordinates":[[[30.05468,-1.94517],[30.04692,-1.94076],[30.04571,-1.94133],[30.04942,-1.94397],[30.05587,-1.96015],[30.05603,-1.96409],[30.0588,-1.9661],[30.05997,-1.96115],[30.05468,-1.94517]]]}},{"type":"Feature","properties":{"d":"Nyarugenge","s":"Kanyinya"},"geometry":{"type":"Polygon","coordinates":[[[30.03369,-1.9379],[30.03189,-1.93994],[30.03011,-1.93952],[30.02856,-1.93505],[30.03048,-1.93351],[30.03112,-1.92948],[30.0241,-1.92529],[30.02201,-1.92246],[30.022,-1.91856],[30.01426,-1.92069],[30.01471,-1.91639],[30.01859,-1.91622],[30.01963,-1.91387],[30.00412,-1.90573],[29.99541,-1.89349],[29.99344,-1.88389],[29.99341,-1.87396],[29.98955,-1.8692],[29.98943,-1.86677],[29.98,-1.87136],[29.97752,-1.88104],[29.98037,-1.88675],[29.97803,-1.89068],[29.98077,-1.89135],[29.98426,-1.89581],[29.98617,-1.89634],[29.9925,-1.90735],[29.98284,-1.91338],[29.98493,-1.92135],[29.98857,-1.92532],[29.98549,-1.92919],[29.9899,-1.92972],[29.98704,-1.93157],[29.98783,-1.93328],[29.99176,-1.93629],[29.99189,-1.93874],[29.99403,-1.9406],[29.99495,-1.93837],[29.99656,-1.94206],[29.99868,-1.94062],[29.99779,-1.94482],[29.99557,-1.94584],[29.9984,-1.94766],[29.99906,-1.95205],[30.00034,-1.95026],[30.00289,-1.95098],[30.00506,-1.94797],[30.01034,-1.94792],[30.01143,-1.94631],[30.02007,-1.94897],[30.02249,-1.94657],[30.0246,-1.94788],[30.02725,-1.94715],[30.02882,-1.94496],[30.03201,-1.94479],[30.03405,-1.94297],[30.03491,-1.94081],[30.03369,-1.9379]]]}},{"type":"Feature","properties":{"d":"Nyarugenge","s":"Kigali"},"geometry":{"type":"Polygon","coordinates":[[[29.99906,-1.95205],[30.00005,-1.95497],[29.99871,-1.95691],[30.00114,-1.95738],[30.00207,-1.95491],[30.00331,-1.95486],[30.00367,-1.96969],[29.99807,-1.97122],[30.0006,-1.97427],[29.99846,-1.9757],[30.00226,-1.98336],[29.99951,-1.98464],[29.9957,-1.98366],[29.99575,-1.98616],[29.99803,-1.98773],[29.9929,-1.99255],[29.99444,-1.99405],[29.99712,-1.99262],[29.99511,-1.9975],[30.00088,-1.99844],[30.00144,-1.99943],[29.99936,-2.00097],[30.00356,-2.00202],[30.00302,-2.00423],[30.00538,-2.00567],[30.00447,-2.00766],[30.00862,-2.00716],[30.00733,-2.0092],[30.01035,-2.01298],[30.01506,-2.01186],[30.01424,-2.0154],[30.02681,-2.01926],[30.03134,-2.01938],[30.03555,-2.01617],[30.03106,-2.00613],[30.03221,-2.00319],[30.03109,-1.99224],[30.03238,-1.98486],[30.0355,-1.98145],[30.03535,-1.97701],[30.03647,-1.97746],[30.04018,-1.9621],[30.03838,-1.95919],[30.03993,-1.95709],[30.03797,-1.95142],[30.04104,-1.94835],[30.04047,-1.94185],[30.03405,-1.94297],[30.03201,-1.94479],[30.02882,-1.94496],[30.02725,-1.94715],[30.0246,-1.94788],[30.02249,-1.94657],[30.02007,-1.94897],[30.01143,-1.94631],[30.01034,-1.94792],[30.00506,-1.94797],[30.00289,-1.95098],[30.00034,-1.95026],[29.99906,-1.95205]]]}},{"type":"Feature","properties":{"d":"Nyarugenge","s":"Kimisagara"},"geometry":{"type":"Polygon","coordinates":[[[30.04571,-1.94133],[30.04486,-1.93911],[30.04379,-1.93934],[30.04154,-1.94235],[30.04047,-1.94185],[30.04104,-1.94835],[30.03797,-1.95142],[30.03993,-1.95709],[30.03838,-1.95919],[30.04018,-1.9621],[30.05053,-1.96332],[30.0552,-1.96061],[30.05587,-1.96015],[30.04942,-1.94397],[30.04571,-1.94133]]]}},{"type":"Feature","properties":{"d":"Nyarugenge","s":"Mageregere"},"geometry":{"type":"Polygon","coordinates":[[[30.01424,-2.0154],[30.01339,-2.01892],[30.0118,-2.01762],[30.00823,-2.01821],[30.00773,-2.02055],[30.00583,-2.0198],[30.0052,-2.02408],[30.00837,-2.0257],[30.00891,-2.02814],[30.00214,-2.03149],[30.00268,-2.02831],[29.99743,-2.03001],[29.99554,-2.03441],[29.99244,-2.0338],[29.98625,-2.04394],[29.98336,-2.04368],[29.98743,-2.05098],[29.9858,-2.05357],[29.98723,-2.05536],[29.98365,-2.05784],[29.98759,-2.05744],[29.98891,-2.06247],[29.99148,-2.06212],[29.99107,-2.06535],[29.9942,-2.06529],[29.9936,-2.068],[29.99706,-2.0667],[30.00003,-2.06997],[30.00093,-2.06669],[30.00235,-2.06678],[30.00512,-2.06963],[30.00433,-2.07247],[30.00545,-2.07307],[30.00725,-2.07299],[30.00823,-2.07014],[30.01335,-2.07298],[30.01501,-2.07024],[30.01643,-2.07122],[30.01623,-2.07571],[30.01935,-2.07418],[30.02451,-2.06817],[30.02782,-2.06945],[30.02655,-2.06625],[30.0272,-2.06393],[30.03935,-2.06891],[30.04029,-2.06566],[30.03659,-2.06563],[30.03985,-2.06188],[30.03849,-2.05923],[30.04206,-2.05804],[30.04523,-2.05955],[30.04413,-2.05659],[30.04671,-2.05467],[30.05239,-2.05536],[30.05435,-2.05434],[30.05799,-2.05577],[30.05786,-2.06052],[30.05448,-2.06454],[30.05566,-2.06596],[30.06229,-2.0667],[30.0646,-2.07109],[30.06656,-2.0712],[30.06861,-2.06828],[30.07142,-2.06851],[30.07264,-2.06429],[30.0758,-2.06472],[30.07688,-2.06925],[30.07833,-2.06709],[30.0776,-2.06392],[30.0791,-2.0624],[30.08164,-2.06479],[30.08679,-2.06248],[30.08684,-2.06013],[30.08235,-2.05742],[30.08173,-2.04008],[30.07915,-2.03795],[30.07835,-2.0318],[30.07429,-2.0283],[30.07283,-2.02124],[30.06534,-2.01697],[30.06437,-2.00795],[30.05834,-2.00616],[30.05293,-2.00187],[30.04853,-2.00277],[30.04237,-2.01386],[30.03555,-2.01617],[30.03134,-2.01938],[30.02681,-2.01926],[30.01424,-2.0154]]]}},{"type":"Feature","properties":{"d":"Nyarugenge","s":"Muhima"},"geometry":{"type":"Polygon","coordinates":[[[30.05468,-1.94517],[30.05634,-1.94235],[30.06049,-1.94162],[30.06236,-1.9445],[30.07131,-1.94832],[30.07446,-1.95576],[30.07689,-1.95482],[30.07429,-1.94504],[30.07209,-1.94244],[30.06692,-1.93779],[30.05873,-1.9337],[30.0492,-1.93449],[30.04651,-1.93852],[30.04379,-1.93934],[30.04486,-1.93911],[30.04571,-1.94133],[30.04692,-1.94076],[30.05468,-1.94517]]]}},{"type":"Feature","properties":{"d":"Nyarugenge","s":"Nyakabanda"},"geometry":{"type":"Polygon","coordinates":[[[30.03647,-1.97746],[30.04091,-1.97863],[30.04175,-1.9776],[30.04356,-1.97931],[30.04757,-1.97836],[30.04652,-1.97511],[30.04909,-1.97328],[30.04736,-1.97152],[30.05338,-1.96771],[30.05551,-1.96401],[30.0552,-1.96061],[30.05053,-1.96332],[30.04018,-1.9621],[30.03647,-1.97746]]]}},{"type":"Feature","properties":{"d":"Nyarugenge","s":"Nyamirambo"},"geometry":{"type":"Polygon","coordinates":[[[30.03555,-2.01617],[30.04237,-2.01386],[30.04853,-2.00277],[30.05037,-1.99553],[30.04878,-1.99251],[30.06092,-1.97955],[30.0612,-1.97267],[30.05716,-1.97237],[30.05662,-1.97101],[30.05231,-1.97678],[30.04757,-1.97836],[30.04356,-1.97931],[30.04175,-1.9776],[30.04091,-1.97863],[30.03647,-1.97746],[30.03535,-1.97701],[30.0355,-1.98145],[30.03238,-1.98486],[30.03109,-1.99224],[30.03221,-2.00319],[30.03106,-2.00613],[30.03555,-2.01617]]]}},{"type":"Feature","properties":{"d":"Nyarugenge","s":"Nyarugenge"},"geometry":{"type":"Polygon","coordinates":[[[30.0588,-1.9661],[30.05662,-1.97101],[30.05716,-1.97237],[30.0612,-1.97267],[30.06596,-1.97187],[30.06927,-1.96914],[30.0713,-1.96566],[30.07166,-1.95931],[30.07446,-1.95576],[30.07131,-1.94832],[30.06236,-1.9445],[30.06049,-1.94162],[30.05634,-1.94235],[30.05468,-1.94517],[30.05997,-1.96115],[30.0588,-1.9661]]]}},{"type":"Feature","properties":{"d":"Nyarugenge","s":"Rwezamenyo"},"geometry":{"type":"Polygon","coordinates":[[[30.05587,-1.96015],[30.0552,-1.96061],[30.05551,-1.96401],[30.05338,-1.96771],[30.04736,-1.97152],[30.04909,-1.97328],[30.04652,-1.97511],[30.04757,-1.97836],[30.05231,-1.97678],[30.05662,-1.97101],[30.0588,-1.9661],[30.05603,-1.96409],[30.05587,-1.96015]]]}},{"type":"Feature","properties":{"d":"Gasabo","s":"Bumbogo"},"geometry":{"type":"Polygon","coordinates":[[[30.18755,-1.86366],[30.18365,-1.85498],[30.17441,-1.8475],[30.16396,-1.84511],[30.16055,-1.83831],[30.16015,-1.83173],[30.15546,-1.82606],[30.14644,-1.82269],[30.14502,-1.82097],[30.14002,-1.83147],[30.1397,-1.8542],[30.14086,-1.86127],[30.13465,-1.87952],[30.13241,-1.88179],[30.12367,-1.88305],[30.11277,-1.88963],[30.10772,-1.89073],[30.11666,-1.89378],[30.1196,-1.89619],[30.12031,-1.89879],[30.1171,-1.90216],[30.12191,-1.90198],[30.12835,-1.906],[30.12691,-1.91992],[30.13042,-1.92014],[30.13381,-1.9232],[30.13817,-1.92374],[30.13876,-1.92869],[30.14756,-1.9363],[30.15466,-1.93879],[30.16286,-1.94625],[30.16423,-1.94965],[30.16669,-1.94749],[30.17249,-1.93253],[30.17455,-1.93435],[30.18407,-1.92372],[30.18501,-1.91922],[30.18248,-1.91118],[30.17691,-1.90882],[30.17369,-1.90266],[30.16791,-1.88092],[30.16867,-1.87783],[30.16688,-1.86982],[30.16948,-1.86977],[30.1729,-1.87316],[30.1779,-1.87295],[30.18441,-1.87796],[30.19122,-1.88665],[30.19447,-1.89581],[30.19983,-1.88683],[30.19826,-1.88141],[30.18755,-1.86366]]]}},{"type":"Feature","properties":{"d":"Gasabo","s":"Gatsata"},"geometry":{"type":"Polygon","coordinates":[[[30.03405,-1.94297],[30.04047,-1.94185],[30.04154,-1.94235],[30.04379,-1.93934],[30.04651,-1.93852],[30.0492,-1.93449],[30.04942,-1.91024],[30.05226,-1.90577],[30.05155,-1.9035],[30.04997,-1.90445],[30.04923,-1.90305],[30.04619,-1.90758],[30.04568,-1.90488],[30.04338,-1.90382],[30.0405,-1.9069],[30.03761,-1.90509],[30.03542,-1.90909],[30.03484,-1.90733],[30.03375,-1.91979],[30.039,-1.93477],[30.03789,-1.93662],[30.03554,-1.93497],[30.03369,-1.9379],[30.03491,-1.94081],[30.03405,-1.94297]]]}},{"type":"Feature","properties":{"d":"Gasabo","s":"Gikomero"},"geometry":{"type":"Polygon","coordinates":[[[30.19447,-1.89581],[30.19901,-1.89988],[30.20459,-1.90226],[30.21159,-1.89811],[30.21527,-1.89828],[30.21932,-1.89639],[30.24376,-1.8997],[30.24996,-1.89693],[30.25684,-1.89712],[30.25809,-1.8944],[30.25817,-1.87566],[30.2603,-1.87362],[30.26082,-1.86869],[30.26523,-1.86494],[30.26321,-1.86237],[30.25057,-1.85717],[30.24757,-1.85742],[30.24916,-1.85236],[30.24777,-1.84575],[30.23736,-1.84603],[30.22161,-1.8423],[30.21873,-1.84519],[30.21758,-1.84877],[30.21741,-1.85676],[30.21239,-1.86233],[30.2006,-1.86769],[30.1915,-1.86592],[30.18755,-1.86366],[30.19826,-1.88141],[30.19983,-1.88683],[30.19447,-1.89581]]]}},{"type":"Feature","properties":{"d":"Gasabo","s":"Gisozi"},"geometry":{"type":"Polygon","coordinates":[[[30.05873,-1.9337],[30.06798,-1.9269],[30.07375,-1.92641],[30.07637,-1.92322],[30.07484,-1.92005],[30.07619,-1.9146],[30.07389,-1.908],[30.06819,-1.90306],[30.06139,-1.90319],[30.058,-1.90122],[30.05226,-1.90577],[30.04942,-1.91024],[30.0492,-1.93449],[30.05873,-1.9337]]]}},{"type":"Feature","properties":{"d":"Gasabo","s":"Jabana"},"geometry":{"type":"Polygon","coordinates":[[[30.05226,-1.90577],[30.058,-1.90122],[30.0722,-1.89246],[30.07116,-1.89127],[30.08767,-1.87072],[30.08943,-1.86246],[30.09088,-1.86166],[30.09118,-1.86268],[30.09523,-1.85958],[30.09845,-1.85481],[30.0966,-1.8476],[30.09715,-1.84485],[30.09376,-1.84218],[30.08692,-1.84232],[30.08507,-1.84056],[30.07928,-1.83198],[30.07905,-1.82762],[30.08029,-1.82638],[30.06957,-1.82687],[30.06329,-1.82893],[30.05949,-1.83223],[30.05655,-1.83753],[30.05577,-1.84023],[30.05703,-1.84427],[30.05244,-1.84433],[30.04552,-1.8539],[30.04219,-1.85509],[30.03876,-1.85961],[30.03439,-1.86049],[30.02935,-1.8652],[30.03271,-1.87095],[30.03304,-1.87607],[30.0416,-1.88511],[30.04145,-1.89305],[30.04393,-1.89553],[30.04478,-1.89925],[30.04857,-1.90008],[30.05155,-1.9035],[30.05226,-1.90577]]]}},{"type":"Feature","properties":{"d":"Gasabo","s":"Jali"},"geometry":{"type":"Polygon","coordinates":[[[30.03369,-1.9379],[30.03554,-1.93497],[30.03789,-1.93662],[30.039,-1.93477],[30.03375,-1.91979],[30.03484,-1.90733],[30.03542,-1.90909],[30.03761,-1.90509],[30.0405,-1.9069],[30.04338,-1.90382],[30.04568,-1.90488],[30.04619,-1.90758],[30.04923,-1.90305],[30.04997,-1.90445],[30.05155,-1.9035],[30.04857,-1.90008],[30.04478,-1.89925],[30.04393,-1.89553],[30.04145,-1.89305],[30.0416,-1.88511],[30.03304,-1.87607],[30.03271,-1.87095],[30.02935,-1.8652],[30.02689,-1.85703],[30.02162,-1.85255],[30.0199,-1.84401],[30.01537,-1.83609],[30.01321,-1.83812],[30.00641,-1.83867],[29.99883,-1.8416],[29.99455,-1.84663],[29.99122,-1.84787],[29.99298,-1.85542],[29.98943,-1.86677],[29.98955,-1.8692],[29.99341,-1.87396],[29.99344,-1.88389],[29.99541,-1.89349],[30.00412,-1.90573],[30.01963,-1.91387],[30.01859,-1.91622],[30.01471,-1.91639],[30.01426,-1.92069],[30.022,-1.91856],[30.02201,-1.92246],[30.0241,-1.92529],[30.03112,-1.92948],[30.03048,-1.93351],[30.02856,-1.93505],[30.03011,-1.93952],[30.03189,-1.93994],[30.03369,-1.9379]]]}},{"type":"Feature","properties":{"d":"Gasabo","s":"Kacyiru"},"geometry":{"type":"Polygon","coordinates":[[[30.07209,-1.94244],[30.08015,-1.94391],[30.08754,-1.94807],[30.09437,-1.94961],[30.09826,-1.94354],[30.09852,-1.93976],[30.09394,-1.93831],[30.0928,-1.93681],[30.0943,-1.93514],[30.09198,-1.93334],[30.09091,-1.9348],[30.08038,-1.93064],[30.07768,-1.9283],[30.0746,-1.92799],[30.07375,-1.92641],[30.06798,-1.9269],[30.05873,-1.9337],[30.06692,-1.93779],[30.07209,-1.94244]]]}},{"type":"Feature","properties":{"d":"Gasabo","s":"Kimihurura"},"geometry":{"type":"Polygon","coordinates":[[[30.07689,-1.95482],[30.08022,-1.96114],[30.08397,-1.96309],[30.08343,-1.96387],[30.08459,-1.96438],[30.08561,-1.96297],[30.08622,-1.9639],[30.09224,-1.96511],[30.09781,-1.96281],[30.10086,-1.95924],[30.10146,-1.95584],[30.10035,-1.95405],[30.1021,-1.95308],[30.10164,-1.94916],[30.09826,-1.94354],[30.09437,-1.94961],[30.08754,-1.94807],[30.08015,-1.94391],[30.07209,-1.94244],[30.07429,-1.94504],[30.07689,-1.95482]]]}},{"type":"Feature","properties":{"d":"Gasabo","s":"Kimironko"},"geometry":{"type":"Polygon","coordinates":[[[30.12691,-1.91992],[30.12549,-1.92411],[30.12235,-1.92693],[30.1106,-1.92276],[30.10477,-1.92374],[30.10431,-1.92835],[30.10663,-1.93588],[30.10789,-1.93776],[30.11515,-1.94098],[30.1121,-1.94418],[30.11204,-1.9461],[30.1166,-1.95083],[30.11793,-1.94993],[30.11976,-1.95653],[30.12405,-1.95814],[30.12518,-1.95709],[30.12536,-1.96072],[30.13907,-1.9528],[30.13774,-1.93733],[30.13876,-1.92869],[30.13817,-1.92374],[30.13381,-1.9232],[30.13042,-1.92014],[30.12691,-1.91992]]]}},{"type":"Feature","properties":{"d":"Gasabo","s":"Kinyinya"},"geometry":{"type":"Polygon","coordinates":[[[30.10772,-1.89073],[30.09887,-1.8881],[30.08955,-1.89191],[30.08456,-1.8885],[30.0722,-1.89246],[30.058,-1.90122],[30.06139,-1.90319],[30.06819,-1.90306],[30.07389,-1.908],[30.07619,-1.9146],[30.07484,-1.92005],[30.07637,-1.92322],[30.07375,-1.92641],[30.0746,-1.92799],[30.07768,-1.9283],[30.08038,-1.93064],[30.09091,-1.9348],[30.09198,-1.93334],[30.09169,-1.93196],[30.09623,-1.92635],[30.1005,-1.92681],[30.10477,-1.92374],[30.1106,-1.92276],[30.12235,-1.92693],[30.12549,-1.92411],[30.12691,-1.91992],[30.12835,-1.906],[30.12191,-1.90198],[30.1171,-1.90216],[30.12031,-1.89879],[30.1196,-1.89619],[30.11666,-1.89378],[30.10772,-1.89073]]]}},{"type":"Feature","properties":{"d":"Gasabo","s":"Ndera"},"geometry":{"type":"Polygon","coordinates":[[[30.13876,-1.92869],[30.13774,-1.93733],[30.13907,-1.9528],[30.14958,-1.95551],[30.16356,-1.96569],[30.17864,-1.97111],[30.18349,-1.97859],[30.19416,-1.96842],[30.20247,-1.96683],[30.21479,-1.9671],[30.21436,-1.96122],[30.21242,-1.95694],[30.22083,-1.95338],[30.22944,-1.95217],[30.22633,-1.94329],[30.2212,-1.93603],[30.22005,-1.93033],[30.21055,-1.9235],[30.20844,-1.91783],[30.20781,-1.9089],[30.21527,-1.89828],[30.21159,-1.89811],[30.20459,-1.90226],[30.19901,-1.89988],[30.19447,-1.89581],[30.19122,-1.88665],[30.18441,-1.87796],[30.1779,-1.87295],[30.1729,-1.87316],[30.16948,-1.86977],[30.16688,-1.86982],[30.16867,-1.87783],[30.16791,-1.88092],[30.17369,-1.90266],[30.17691,-1.90882],[30.18248,-1.91118],[30.18501,-1.91922],[30.18407,-1.92372],[30.17455,-1.93435],[30.17249,-1.93253],[30.16669,-1.94749],[30.16423,-1.94965],[30.16286,-1.94625],[30.15466,-1.93879],[30.14756,-1.9363],[30.13876,-1.92869]]]}},{"type":"Feature","properties":{"d":"Gasabo","s":"Nduba"},"geometry":{"type":"Polygon","coordinates":[[[30.14502,-1.82097],[30.13781,-1.81225],[30.13056,-1.80942],[30.12636,-1.81052],[30.12287,-1.81244],[30.11864,-1.81926],[30.1141,-1.82072],[30.10046,-1.81276],[30.09878,-1.81326],[30.09854,-1.81558],[30.09472,-1.82058],[30.08029,-1.82638],[30.07905,-1.82762],[30.07928,-1.83198],[30.08507,-1.84056],[30.08692,-1.84232],[30.09376,-1.84218],[30.09715,-1.84485],[30.0966,-1.8476],[30.09845,-1.85481],[30.09523,-1.85958],[30.09118,-1.86268],[30.09088,-1.86166],[30.08943,-1.86246],[30.08767,-1.87072],[30.07116,-1.89127],[30.0722,-1.89246],[30.08456,-1.8885],[30.08955,-1.89191],[30.09887,-1.8881],[30.10772,-1.89073],[30.11277,-1.88963],[30.12367,-1.88305],[30.13241,-1.88179],[30.13465,-1.87952],[30.14086,-1.86127],[30.1397,-1.8542],[30.14002,-1.83147],[30.14502,-1.82097]]]}},{"type":"Feature","properties":{"d":"Gasabo","s":"Remera"},"geometry":{"type":"Polygon","coordinates":[[[30.09826,-1.94354],[30.10164,-1.94916],[30.1021,-1.95308],[30.10035,-1.95405],[30.10146,-1.95584],[30.10086,-1.95924],[30.09781,-1.96281],[30.09224,-1.96511],[30.09737,-1.96693],[30.09845,-1.96418],[30.10135,-1.96786],[30.10077,-1.9689],[30.10276,-1.96698],[30.10388,-1.96495],[30.11662,-1.95982],[30.12373,-1.96225],[30.12536,-1.96072],[30.12518,-1.95709],[30.12405,-1.95814],[30.11976,-1.95653],[30.11793,-1.94993],[30.1166,-1.95083],[30.11204,-1.9461],[30.1121,-1.94418],[30.11515,-1.94098],[30.10789,-1.93776],[30.10663,-1.93588],[30.10431,-1.92835],[30.10477,-1.92374],[30.1005,-1.92681],[30.09623,-1.92635],[30.09169,-1.93196],[30.09198,-1.93334],[30.0943,-1.93514],[30.0928,-1.93681],[30.09394,-1.93831],[30.09852,-1.93976],[30.09826,-1.94354]]]}},{"type":"Feature","properties":{"d":"Gasabo","s":"Rusororo"},"geometry":{"type":"Polygon","coordinates":[[[30.21527,-1.89828],[30.20781,-1.9089],[30.20844,-1.91783],[30.21055,-1.9235],[30.22005,-1.93033],[30.2212,-1.93603],[30.22633,-1.94329],[30.22944,-1.95217],[30.22083,-1.95338],[30.21242,-1.95694],[30.21436,-1.96122],[30.21479,-1.9671],[30.20247,-1.96683],[30.19416,-1.96842],[30.18349,-1.97859],[30.18457,-1.98745],[30.21066,-1.9876],[30.21919,-1.98282],[30.23591,-1.98124],[30.23283,-1.97632],[30.23177,-1.96847],[30.23426,-1.9612],[30.2431,-1.95473],[30.25406,-1.95138],[30.26522,-1.95337],[30.26742,-1.94788],[30.27706,-1.93504],[30.27662,-1.92655],[30.27068,-1.9084],[30.27105,-1.90296],[30.27294,-1.90011],[30.26651,-1.89651],[30.25809,-1.8944],[30.25684,-1.89712],[30.24996,-1.89693],[30.24376,-1.8997],[30.21932,-1.89639],[30.21527,-1.89828]]]}},{"type":"Feature","properties":{"d":"Gasabo","s":"Rutunga"},"geometry":{"type":"Polygon","coordinates":[[[30.18755,-1.86366],[30.1915,-1.86592],[30.2006,-1.86769],[30.21239,-1.86233],[30.21741,-1.85676],[30.21758,-1.84877],[30.21873,-1.84519],[30.22161,-1.8423],[30.21737,-1.84084],[30.21331,-1.83538],[30.20353,-1.83074],[30.19681,-1.82115],[30.1919,-1.81738],[30.1899,-1.81334],[30.18197,-1.8054],[30.17478,-1.80144],[30.17258,-1.79716],[30.16392,-1.7908],[30.16055,-1.78993],[30.15593,-1.79195],[30.1467,-1.79197],[30.14243,-1.78058],[30.13811,-1.77966],[30.13288,-1.78386],[30.13028,-1.79004],[30.13059,-1.79968],[30.12803,-1.80898],[30.12636,-1.81052],[30.13056,-1.80942],[30.13781,-1.81225],[30.14502,-1.82097],[30.14644,-1.82269],[30.15546,-1.82606],[30.16015,-1.83173],[30.16055,-1.83831],[30.16396,-1.84511],[30.17441,-1.8475],[30.18365,-1.85498],[30.18755,-1.86366]]]}},{"type":"Feature","properties":{"d":"Kicukiro","s":"Gahanga"},"geometry":{"type":"Polygon","coordinates":[[[30.08679,-2.06248],[30.09084,-2.05936],[30.09206,-2.06011],[30.09134,-2.06401],[30.09409,-2.06325],[30.09498,-2.06106],[30.09624,-2.06446],[30.09929,-2.05764],[30.10176,-2.05782],[30.10168,-2.05589],[30.10367,-2.05657],[30.10427,-2.05997],[30.10553,-2.05743],[30.10871,-2.05885],[30.11012,-2.05627],[30.11103,-2.05916],[30.11338,-2.05809],[30.11372,-2.06027],[30.11817,-2.05469],[30.11815,-2.05906],[30.11996,-2.05939],[30.11982,-2.05633],[30.1257,-2.05537],[30.1229,-2.05299],[30.12361,-2.04957],[30.12792,-2.05282],[30.13014,-2.04972],[30.12899,-2.04801],[30.1329,-2.04386],[30.13473,-2.04765],[30.13712,-2.04609],[30.13469,-2.04295],[30.1382,-2.04333],[30.13725,-2.03955],[30.13966,-2.04075],[30.14174,-2.0383],[30.14269,-2.04106],[30.14612,-2.03941],[30.14722,-2.04094],[30.15293,-2.03439],[30.15107,-2.02848],[30.14868,-2.02685],[30.14494,-2.02852],[30.14092,-2.0279],[30.13539,-2.013],[30.13359,-2.01309],[30.12633,-2.01032],[30.12183,-2.00451],[30.11123,-1.99802],[30.10302,-2.00195],[30.10547,-2.00495],[30.10463,-2.00812],[30.10248,-2.00866],[30.09641,-2.00786],[30.09179,-2.00265],[30.09029,-2.00556],[30.08819,-2.00519],[30.08253,-2.01469],[30.0781,-2.02797],[30.07835,-2.0318],[30.07915,-2.03795],[30.08173,-2.04008],[30.08235,-2.05742],[30.08684,-2.06013],[30.08679,-2.06248]]]}},{"type":"Feature","properties":{"d":"Kicukiro","s":"Gatenga"},"geometry":{"type":"Polygon","coordinates":[[[30.07835,-2.0318],[30.0781,-2.02797],[30.08253,-2.01469],[30.08819,-2.00519],[30.09029,-2.00556],[30.09179,-2.00265],[30.09204,-2.00066],[30.09599,-1.99687],[30.09693,-1.99064],[30.10078,-1.98955],[30.10121,-1.98646],[30.10368,-1.98355],[30.1043,-1.98217],[30.0892,-1.97175],[30.08824,-1.96886],[30.08603,-1.9694],[30.08183,-1.98243],[30.07782,-1.98736],[30.07844,-1.9932],[30.07757,-1.99431],[30.07445,-1.9935],[30.07196,-1.99523],[30.06949,-2.00304],[30.06755,-2.00342],[30.06437,-2.00795],[30.06534,-2.01697],[30.07283,-2.02124],[30.07429,-2.0283],[30.07835,-2.0318]]]}},{"type":"Feature","properties":{"d":"Kicukiro","s":"Gikondo"},"geometry":{"type":"Polygon","coordinates":[[[30.07446,-1.95576],[30.07166,-1.95931],[30.07191,-1.96253],[30.07502,-1.96316],[30.07743,-1.96869],[30.07599,-1.97749],[30.07707,-1.98041],[30.07508,-1.98604],[30.06949,-1.98885],[30.06859,-1.99148],[30.0722,-1.99114],[30.07445,-1.9935],[30.07757,-1.99431],[30.07844,-1.9932],[30.07782,-1.98736],[30.08183,-1.98243],[30.08603,-1.9694],[30.08824,-1.96886],[30.08622,-1.9639],[30.08561,-1.96297],[30.08459,-1.96438],[30.08343,-1.96387],[30.08397,-1.96309],[30.08022,-1.96114],[30.07689,-1.95482],[30.07446,-1.95576]]]}},{"type":"Feature","properties":{"d":"Kicukiro","s":"Kagarama"},"geometry":{"type":"Polygon","coordinates":[[[30.13359,-2.01309],[30.135,-2.01096],[30.13451,-2.00509],[30.12818,-1.99297],[30.11354,-1.98501],[30.10368,-1.98355],[30.10121,-1.98646],[30.10078,-1.98955],[30.09693,-1.99064],[30.09599,-1.99687],[30.09204,-2.00066],[30.09179,-2.00265],[30.09641,-2.00786],[30.10248,-2.00866],[30.10463,-2.00812],[30.10547,-2.00495],[30.10302,-2.00195],[30.11123,-1.99802],[30.12183,-2.00451],[30.12633,-2.01032],[30.13359,-2.01309]]]}},{"type":"Feature","properties":{"d":"Kicukiro","s":"Kanombe"},"geometry":{"type":"Polygon","coordinates":[[[30.11662,-1.95982],[30.11738,-1.96336],[30.11422,-1.96693],[30.11547,-1.96693],[30.12517,-1.98178],[30.12818,-1.99297],[30.13451,-2.00509],[30.135,-2.01096],[30.13359,-2.01309],[30.13539,-2.013],[30.14092,-2.0279],[30.14494,-2.02852],[30.14868,-2.02685],[30.15107,-2.02848],[30.15293,-2.03439],[30.15719,-2.03586],[30.15796,-2.0308],[30.1616,-2.03202],[30.16233,-2.0295],[30.16147,-2.02396],[30.16443,-2.00938],[30.16989,-2.00113],[30.16176,-1.99279],[30.15894,-1.98609],[30.15915,-1.98318],[30.15099,-1.97682],[30.1505,-1.97324],[30.12085,-1.96766],[30.12042,-1.96336],[30.12795,-1.96437],[30.12373,-1.96225],[30.11662,-1.95982]]]}},{"type":"Feature","properties":{"d":"Kicukiro","s":"Kicukiro"},"geometry":{"type":"Polygon","coordinates":[[[30.08622,-1.9639],[30.08824,-1.96886],[30.0892,-1.97175],[30.1043,-1.98217],[30.10516,-1.97905],[30.10276,-1.96698],[30.10077,-1.9689],[30.10135,-1.96786],[30.09845,-1.96418],[30.09737,-1.96693],[30.09224,-1.96511],[30.08622,-1.9639]]]}},{"type":"Feature","properties":{"d":"Kicukiro","s":"Kigarama"},"geometry":{"type":"Polygon","coordinates":[[[30.06437,-2.00795],[30.06755,-2.00342],[30.06949,-2.00304],[30.07196,-1.99523],[30.07445,-1.9935],[30.0722,-1.99114],[30.06859,-1.99148],[30.06949,-1.98885],[30.07508,-1.98604],[30.07707,-1.98041],[30.07599,-1.97749],[30.07743,-1.96869],[30.07502,-1.96316],[30.07191,-1.96253],[30.07166,-1.95931],[30.0713,-1.96566],[30.06927,-1.96914],[30.06596,-1.97187],[30.0612,-1.97267],[30.06092,-1.97955],[30.04878,-1.99251],[30.05037,-1.99553],[30.04853,-2.00277],[30.05293,-2.00187],[30.05834,-2.00616],[30.06437,-2.00795]]]}},{"type":"Feature","properties":{"d":"Kicukiro","s":"Masaka"},"geometry":{"type":"Polygon","coordinates":[[[30.18457,-1.98745],[30.18444,-1.99052],[30.18105,-1.99452],[30.16989,-2.00113],[30.16443,-2.00938],[30.16147,-2.02396],[30.16233,-2.0295],[30.16519,-2.03384],[30.16654,-2.03331],[30.16667,-2.03005],[30.17195,-2.03131],[30.1726,-2.02822],[30.17483,-2.03062],[30.17537,-2.03519],[30.17825,-2.03596],[30.17902,-2.03302],[30.18099,-2.03362],[30.18316,-2.03633],[30.1829,-2.03834],[30.18545,-2.03819],[30.19012,-2.04319],[30.18934,-2.04563],[30.19066,-2.04664],[30.1916,-2.05206],[30.19378,-2.05358],[30.19075,-2.05574],[30.1929,-2.06088],[30.19545,-2.06156],[30.19913,-2.05704],[30.19882,-2.06198],[30.20154,-2.06267],[30.20095,-2.06647],[30.20483,-2.06531],[30.20392,-2.06794],[30.2066,-2.06757],[30.20466,-2.07355],[30.20686,-2.07475],[30.20807,-2.07974],[30.21087,-2.07563],[30.21268,-2.07628],[30.21354,-2.07433],[30.21617,-2.07461],[30.21878,-2.07193],[30.2218,-2.07243],[30.22205,-2.0662],[30.22059,-2.06065],[30.22388,-2.05566],[30.2232,-2.05418],[30.22628,-2.05161],[30.22866,-2.04331],[30.22997,-2.01206],[30.23426,-1.99829],[30.23682,-1.98312],[30.23591,-1.98124],[30.21919,-1.98282],[30.21066,-1.9876],[30.18457,-1.98745]]]}},{"type":"Feature","properties":{"d":"Kicukiro","s":"Niboye"},"geometry":{"type":"Polygon","coordinates":[[[30.10276,-1.96698],[30.10516,-1.97905],[30.1043,-1.98217],[30.10368,-1.98355],[30.11354,-1.98501],[30.12818,-1.99297],[30.12517,-1.98178],[30.11547,-1.96693],[30.11422,-1.96693],[30.11738,-1.96336],[30.11662,-1.95982],[30.10388,-1.96495],[30.10276,-1.96698]]]}},{"type":"Feature","properties":{"d":"Kicukiro","s":"Nyarugunga"},"geometry":{"type":"Polygon","coordinates":[[[30.12536,-1.96072],[30.12373,-1.96225],[30.12795,-1.96437],[30.12042,-1.96336],[30.12085,-1.96766],[30.1505,-1.97324],[30.15099,-1.97682],[30.15915,-1.98318],[30.15894,-1.98609],[30.16176,-1.99279],[30.16989,-2.00113],[30.18105,-1.99452],[30.18444,-1.99052],[30.18457,-1.98745],[30.18349,-1.97859],[30.17864,-1.97111],[30.16356,-1.96569],[30.14958,-1.95551],[30.13907,-1.9528],[30.12536,-1.96072]]]}},{"type":"Feature","properties":{"d":"Nyanza","s":"Busasamana"},"geometry":{"type":"Polygon","coordinates":[[[29.79973,-2.3371],[29.79391,-2.33377],[29.78754,-2.33761],[29.78136,-2.33593],[29.77935,-2.33659],[29.77328,-2.33069],[29.75917,-2.32383],[29.75706,-2.3195],[29.75614,-2.31807],[29.7493,-2.32087],[29.74502,-2.3285],[29.73898,-2.3254],[29.73726,-2.32778],[29.73165,-2.33029],[29.72718,-2.33044],[29.72952,-2.33931],[29.73328,-2.34521],[29.73155,-2.35238],[29.72766,-2.3588],[29.72296,-2.35971],[29.7194,-2.36318],[29.7145,-2.36532],[29.71282,-2.36859],[29.7169,-2.37274],[29.7206,-2.38082],[29.7228,-2.38215],[29.72476,-2.38834],[29.72377,-2.39368],[29.7198,-2.40032],[29.72461,-2.40047],[29.73122,-2.40309],[29.73418,-2.40209],[29.73846,-2.39377],[29.74818,-2.39135],[29.75032,-2.38888],[29.76198,-2.38748],[29.7699,-2.38126],[29.77286,-2.37643],[29.77839,-2.37643],[29.78042,-2.37421],[29.78353,-2.37388],[29.7844,-2.3715],[29.79135,-2.36862],[29.79132,-2.35659],[29.7943,-2.35071],[29.79918,-2.34553],[29.79973,-2.3371]]]}},{"type":"Feature","properties":{"d":"Nyanza","s":"Busoro"},"geometry":{"type":"Polygon","coordinates":[[[29.98355,-2.23274],[29.97277,-2.23567],[29.96318,-2.23188],[29.95245,-2.23358],[29.9459,-2.23166],[29.93027,-2.23464],[29.92232,-2.23994],[29.91047,-2.23255],[29.90287,-2.23411],[29.90124,-2.23674],[29.89887,-2.24668],[29.90462,-2.24629],[29.90722,-2.24938],[29.90641,-2.25919],[29.91108,-2.26581],[29.91214,-2.27294],[29.91594,-2.27809],[29.90846,-2.28413],[29.90676,-2.28406],[29.90601,-2.28815],[29.89762,-2.30184],[29.89398,-2.3011],[29.89049,-2.30528],[29.88765,-2.30616],[29.89071,-2.30886],[29.894,-2.31893],[29.89642,-2.32151],[29.90298,-2.32312],[29.90894,-2.32985],[29.91512,-2.33335],[29.92071,-2.33318],[29.92415,-2.33033],[29.92567,-2.32598],[29.9326,-2.31933],[29.96497,-2.31264],[29.96056,-2.29956],[29.96153,-2.29023],[29.96286,-2.28834],[29.9669,-2.28724],[29.97122,-2.27696],[29.97329,-2.27479],[29.97447,-2.27014],[29.97327,-2.26397],[29.97617,-2.25825],[29.97924,-2.25592],[29.97823,-2.25064],[29.98453,-2.24325],[29.98472,-2.23524],[29.98355,-2.23274]]]}},{"type":"Feature","properties":{"d":"Nyanza","s":"Cyabakamyi"},"geometry":{"type":"Polygon","coordinates":[[[29.67989,-2.27279],[29.67513,-2.26655],[29.66515,-2.2582],[29.66473,-2.25598],[29.65984,-2.25274],[29.65918,-2.25085],[29.65797,-2.25127],[29.65239,-2.25941],[29.64911,-2.2612],[29.64779,-2.26044],[29.64702,-2.26195],[29.6459,-2.25794],[29.64322,-2.25633],[29.64324,-2.25329],[29.63914,-2.25178],[29.63572,-2.25234],[29.63376,-2.26072],[29.62984,-2.26328],[29.62325,-2.26211],[29.62073,-2.2578],[29.61,-2.25325],[29.60566,-2.2548],[29.60108,-2.25286],[29.5955,-2.25721],[29.59833,-2.26014],[29.59938,-2.2596],[29.60099,-2.26233],[29.60446,-2.27849],[29.60872,-2.28115],[29.61083,-2.28574],[29.61706,-2.28799],[29.61568,-2.29475],[29.62102,-2.30214],[29.62575,-2.30441],[29.62738,-2.30824],[29.63212,-2.31284],[29.63328,-2.31733],[29.6384,-2.31836],[29.63948,-2.32119],[29.64262,-2.32215],[29.64238,-2.32426],[29.63959,-2.32569],[29.64036,-2.32901],[29.64482,-2.33105],[29.64704,-2.33461],[29.65418,-2.33688],[29.65661,-2.33619],[29.6574,-2.33166],[29.65931,-2.33076],[29.65985,-2.32831],[29.66693,-2.33022],[29.6688,-2.32954],[29.66953,-2.33321],[29.6733,-2.3358],[29.67404,-2.33455],[29.67538,-2.33576],[29.68022,-2.33517],[29.68378,-2.33184],[29.68423,-2.3284],[29.68895,-2.32389],[29.69256,-2.31932],[29.69311,-2.31136],[29.6878,-2.30657],[29.68675,-2.30257],[29.68248,-2.29864],[29.68058,-2.2913],[29.68417,-2.29069],[29.68488,-2.28867],[29.68033,-2.27972],[29.67989,-2.27279]]]}},{"type":"Feature","properties":{"d":"Nyanza","s":"Kibilizi"},"geometry":{"type":"Polygon","coordinates":[[[29.90894,-2.32985],[29.89941,-2.33697],[29.89571,-2.35116],[29.88812,-2.36295],[29.88146,-2.36759],[29.8723,-2.36788],[29.86325,-2.37992],[29.84775,-2.38486],[29.84542,-2.39051],[29.84443,-2.40249],[29.84804,-2.40609],[29.85144,-2.41508],[29.85741,-2.41934],[29.86668,-2.42204],[29.8695,-2.42169],[29.87663,-2.41547],[29.88001,-2.41554],[29.89041,-2.41013],[29.89515,-2.41072],[29.90034,-2.40923],[29.91013,-2.41299],[29.92287,-2.41219],[29.92676,-2.40943],[29.92881,-2.40478],[29.93774,-2.39765],[29.95551,-2.39405],[29.95527,-2.38989],[29.95095,-2.37958],[29.94488,-2.37344],[29.94414,-2.3704],[29.94503,-2.36387],[29.95748,-2.34903],[29.95784,-2.34538],[29.9557,-2.33789],[29.95677,-2.33582],[29.95613,-2.33093],[29.95963,-2.32725],[29.96376,-2.32044],[29.96603,-2.31956],[29.96497,-2.31264],[29.9326,-2.31933],[29.92567,-2.32598],[29.92415,-2.33033],[29.92071,-2.33318],[29.91512,-2.33335],[29.90894,-2.32985]]]}},{"type":"Feature","properties":{"d":"Nyanza","s":"Kigoma"},"geometry":{"type":"Polygon","coordinates":[[[29.79973,-2.3371],[29.80058,-2.33519],[29.80595,-2.33403],[29.80885,-2.33617],[29.81462,-2.33563],[29.82174,-2.33825],[29.81968,-2.33467],[29.81961,-2.329],[29.8166,-2.31781],[29.81899,-2.3142],[29.81825,-2.30875],[29.82314,-2.30666],[29.83291,-2.30812],[29.84009,-2.3111],[29.84876,-2.30963],[29.85056,-2.30765],[29.85888,-2.30845],[29.86373,-2.30588],[29.87317,-2.30533],[29.87914,-2.30161],[29.88423,-2.30184],[29.88765,-2.30616],[29.89049,-2.30528],[29.89398,-2.3011],[29.89762,-2.30184],[29.90601,-2.28815],[29.90676,-2.28406],[29.90262,-2.28162],[29.89124,-2.28077],[29.88612,-2.27728],[29.87089,-2.27921],[29.86519,-2.28391],[29.85366,-2.28646],[29.8507,-2.28291],[29.84413,-2.28343],[29.83959,-2.27918],[29.83785,-2.27402],[29.83177,-2.27067],[29.82715,-2.26269],[29.81853,-2.25937],[29.81298,-2.26318],[29.80645,-2.26133],[29.80037,-2.26424],[29.79785,-2.26984],[29.7988,-2.27387],[29.79373,-2.28107],[29.77956,-2.27973],[29.78033,-2.29336],[29.77766,-2.29482],[29.77527,-2.30072],[29.77073,-2.30647],[29.76396,-2.31101],[29.76537,-2.31255],[29.76435,-2.31675],[29.75941,-2.31959],[29.75706,-2.3195],[29.75917,-2.32383],[29.77328,-2.33069],[29.77935,-2.33659],[29.78136,-2.33593],[29.78754,-2.33761],[29.79391,-2.33377],[29.79973,-2.3371]]]}},{"type":"Feature","properties":{"d":"Nyanza","s":"Mukingo"},"geometry":{"type":"Polygon","coordinates":[[[29.75706,-2.3195],[29.75941,-2.31959],[29.76435,-2.31675],[29.76537,-2.31255],[29.76396,-2.31101],[29.77073,-2.30647],[29.77527,-2.30072],[29.77766,-2.29482],[29.78033,-2.29336],[29.77956,-2.27973],[29.7708,-2.26895],[29.753,-2.25805],[29.74922,-2.24556],[29.74149,-2.24043],[29.73935,-2.24637],[29.73727,-2.24797],[29.73358,-2.24621],[29.72336,-2.24718],[29.71351,-2.24172],[29.71052,-2.2426],[29.71168,-2.24715],[29.70955,-2.24755],[29.70302,-2.24778],[29.69986,-2.24584],[29.69346,-2.24522],[29.69468,-2.25184],[29.69355,-2.25588],[29.69583,-2.26348],[29.69556,-2.2676],[29.69405,-2.2698],[29.68918,-2.27194],[29.68725,-2.27195],[29.68632,-2.26983],[29.6811,-2.27116],[29.67989,-2.27279],[29.68033,-2.27972],[29.68488,-2.28867],[29.68417,-2.29069],[29.68058,-2.2913],[29.68248,-2.29864],[29.68675,-2.30257],[29.6878,-2.30657],[29.69311,-2.31136],[29.69256,-2.31932],[29.68895,-2.32389],[29.69268,-2.32798],[29.70525,-2.33118],[29.70685,-2.3279],[29.70422,-2.32537],[29.70676,-2.32324],[29.70644,-2.32032],[29.70901,-2.31846],[29.71141,-2.32165],[29.71558,-2.32138],[29.72081,-2.31023],[29.7244,-2.31376],[29.72718,-2.33044],[29.73165,-2.33029],[29.73726,-2.32778],[29.73898,-2.3254],[29.74502,-2.3285],[29.7493,-2.32087],[29.75614,-2.31807],[29.75706,-2.3195]]]}},{"type":"Feature","properties":{"d":"Nyanza","s":"Muyira"},"geometry":{"type":"Polygon","coordinates":[[[29.79135,-2.36862],[29.79861,-2.38078],[29.80381,-2.3812],[29.80856,-2.38426],[29.81092,-2.38946],[29.81391,-2.38706],[29.81738,-2.37467],[29.82015,-2.38083],[29.82299,-2.38136],[29.82744,-2.37917],[29.82781,-2.38215],[29.83036,-2.38511],[29.838,-2.387],[29.84775,-2.38486],[29.86325,-2.37992],[29.8723,-2.36788],[29.88146,-2.36759],[29.88812,-2.36295],[29.89571,-2.35116],[29.89941,-2.33697],[29.90894,-2.32985],[29.90298,-2.32312],[29.89642,-2.32151],[29.894,-2.31893],[29.89071,-2.30886],[29.88765,-2.30616],[29.88423,-2.30184],[29.87914,-2.30161],[29.87317,-2.30533],[29.86373,-2.30588],[29.85888,-2.30845],[29.85056,-2.30765],[29.84876,-2.30963],[29.84009,-2.3111],[29.83291,-2.30812],[29.82314,-2.30666],[29.81825,-2.30875],[29.81899,-2.3142],[29.8166,-2.31781],[29.81961,-2.329],[29.81968,-2.33467],[29.82174,-2.33825],[29.81462,-2.33563],[29.80885,-2.33617],[29.80595,-2.33403],[29.80058,-2.33519],[29.79973,-2.3371],[29.79918,-2.34553],[29.7943,-2.35071],[29.79132,-2.35659],[29.79135,-2.36862]]]}},{"type":"Feature","properties":{"d":"Nyanza","s":"Ntyazo"},"geometry":{"type":"Polygon","coordinates":[[[29.84775,-2.38486],[29.838,-2.387],[29.83036,-2.38511],[29.82781,-2.38215],[29.82744,-2.37917],[29.82299,-2.38136],[29.82015,-2.38083],[29.81738,-2.37467],[29.81391,-2.38706],[29.81092,-2.38946],[29.81408,-2.39505],[29.82538,-2.39954],[29.83408,-2.40481],[29.83123,-2.41051],[29.83542,-2.41839],[29.82817,-2.41602],[29.82409,-2.41807],[29.82101,-2.42179],[29.81649,-2.42342],[29.81839,-2.44205],[29.82692,-2.44995],[29.82933,-2.45026],[29.83493,-2.45069],[29.84089,-2.45354],[29.84603,-2.45362],[29.85244,-2.45577],[29.86782,-2.45119],[29.88415,-2.45198],[29.89342,-2.44727],[29.9021,-2.44746],[29.92321,-2.4408],[29.9341,-2.43174],[29.9425,-2.41451],[29.95559,-2.39686],[29.95551,-2.39405],[29.93774,-2.39765],[29.92881,-2.40478],[29.92676,-2.40943],[29.92287,-2.41219],[29.91013,-2.41299],[29.90034,-2.40923],[29.89515,-2.41072],[29.89041,-2.41013],[29.88001,-2.41554],[29.87663,-2.41547],[29.8695,-2.42169],[29.86668,-2.42204],[29.85741,-2.41934],[29.85144,-2.41508],[29.84804,-2.40609],[29.84443,-2.40249],[29.84542,-2.39051],[29.84775,-2.38486]]]}},{"type":"Feature","properties":{"d":"Nyanza","s":"Nyagisozi"},"geometry":{"type":"Polygon","coordinates":[[[29.61568,-2.29475],[29.61152,-2.30453],[29.60118,-2.31211],[29.59994,-2.3117],[29.59613,-2.31835],[29.59032,-2.32111],[29.58931,-2.33048],[29.58242,-2.33104],[29.58197,-2.33422],[29.58368,-2.33638],[29.58422,-2.34198],[29.58306,-2.34757],[29.59225,-2.35602],[29.59543,-2.36075],[29.59521,-2.36505],[29.59897,-2.36796],[29.5995,-2.37114],[29.60159,-2.37168],[29.60647,-2.36977],[29.6111,-2.36583],[29.61136,-2.36288],[29.61235,-2.36317],[29.61405,-2.36018],[29.61968,-2.35525],[29.62376,-2.35442],[29.62146,-2.35868],[29.62167,-2.36229],[29.62574,-2.37327],[29.62933,-2.37669],[29.63103,-2.38144],[29.62949,-2.38336],[29.63098,-2.3838],[29.63184,-2.38852],[29.63635,-2.38932],[29.63586,-2.39787],[29.64132,-2.40674],[29.64148,-2.40956],[29.65447,-2.41228],[29.66603,-2.41849],[29.67765,-2.40999],[29.67639,-2.40503],[29.68015,-2.39479],[29.68761,-2.39059],[29.68712,-2.38757],[29.681,-2.37793],[29.68018,-2.37537],[29.68156,-2.37198],[29.67476,-2.36905],[29.67431,-2.36217],[29.66654,-2.35177],[29.66603,-2.3484],[29.65418,-2.33688],[29.64704,-2.33461],[29.64482,-2.33105],[29.64036,-2.32901],[29.63959,-2.32569],[29.64238,-2.32426],[29.64262,-2.32215],[29.63948,-2.32119],[29.6384,-2.31836],[29.63328,-2.31733],[29.63212,-2.31284],[29.62738,-2.30824],[29.62575,-2.30441],[29.62102,-2.30214],[29.61568,-2.29475]]]}},{"type":"Feature","properties":{"d":"Nyanza","s":"Rwabicuma"},"geometry":{"type":"Polygon","coordinates":[[[29.72718,-2.33044],[29.7244,-2.31376],[29.72081,-2.31023],[29.71558,-2.32138],[29.71141,-2.32165],[29.70901,-2.31846],[29.70644,-2.32032],[29.70676,-2.32324],[29.70422,-2.32537],[29.70685,-2.3279],[29.70525,-2.33118],[29.69268,-2.32798],[29.68895,-2.32389],[29.68423,-2.3284],[29.68378,-2.33184],[29.68022,-2.33517],[29.67538,-2.33576],[29.67404,-2.33455],[29.6733,-2.3358],[29.66953,-2.33321],[29.6688,-2.32954],[29.66693,-2.33022],[29.65985,-2.32831],[29.65931,-2.33076],[29.6574,-2.33166],[29.65661,-2.33619],[29.65418,-2.33688],[29.66603,-2.3484],[29.66654,-2.35177],[29.67431,-2.36217],[29.67476,-2.36905],[29.68156,-2.37198],[29.68018,-2.37537],[29.681,-2.37793],[29.68712,-2.38757],[29.68761,-2.39059],[29.69203,-2.39278],[29.69338,-2.39948],[29.69668,-2.40524],[29.7042,-2.40557],[29.70992,-2.40258],[29.71326,-2.40319],[29.7198,-2.40032],[29.72377,-2.39368],[29.72476,-2.38834],[29.7228,-2.38215],[29.7206,-2.38082],[29.7169,-2.37274],[29.71282,-2.36859],[29.7145,-2.36532],[29.7194,-2.36318],[29.72296,-2.35971],[29.72766,-2.3588],[29.73155,-2.35238],[29.73328,-2.34521],[29.72952,-2.33931],[29.72718,-2.33044]]]}},{"type":"Feature","properties":{"d":"Gisagara","s":"Gikonko"},"geometry":{"type":"Polygon","coordinates":[[[29.84603,-2.45362],[29.84083,-2.45729],[29.83969,-2.4598],[29.83342,-2.46307],[29.82231,-2.47697],[29.81282,-2.48231],[29.80429,-2.48991],[29.80369,-2.49745],[29.80522,-2.50014],[29.80523,-2.50431],[29.80798,-2.51141],[29.81151,-2.51421],[29.81936,-2.51105],[29.82207,-2.51178],[29.82213,-2.5084],[29.83495,-2.50081],[29.84397,-2.4834],[29.846,-2.49293],[29.85202,-2.49358],[29.85886,-2.49167],[29.8613,-2.49334],[29.86936,-2.49283],[29.87801,-2.49421],[29.88619,-2.50025],[29.88922,-2.4974],[29.89579,-2.49553],[29.8998,-2.49262],[29.90689,-2.48189],[29.90753,-2.47973],[29.90442,-2.47041],[29.90484,-2.45968],[29.91611,-2.45309],[29.92321,-2.4408],[29.9021,-2.44746],[29.89342,-2.44727],[29.88415,-2.45198],[29.86782,-2.45119],[29.85244,-2.45577],[29.84603,-2.45362]]]}},{"type":"Feature","properties":{"d":"Gisagara","s":"Gishubi"},"geometry":{"type":"Polygon","coordinates":[[[29.92624,-2.54968],[29.91901,-2.53871],[29.90884,-2.53547],[29.90449,-2.5409],[29.89957,-2.54308],[29.89061,-2.53792],[29.88079,-2.52622],[29.86961,-2.53708],[29.86823,-2.5409],[29.86382,-2.54583],[29.86308,-2.54987],[29.86587,-2.55541],[29.8698,-2.57583],[29.86609,-2.58182],[29.86627,-2.5881],[29.8594,-2.59525],[29.85463,-2.60328],[29.86066,-2.60466],[29.86139,-2.60624],[29.87045,-2.60133],[29.87861,-2.59483],[29.88522,-2.59831],[29.89063,-2.59826],[29.88915,-2.60941],[29.89675,-2.61458],[29.89775,-2.61668],[29.90269,-2.61706],[29.90516,-2.61498],[29.90502,-2.61738],[29.90744,-2.6195],[29.9068,-2.62401],[29.91005,-2.62738],[29.91021,-2.63012],[29.91735,-2.6369],[29.92374,-2.6463],[29.92898,-2.64577],[29.93021,-2.63537],[29.9288,-2.63246],[29.93151,-2.62351],[29.93078,-2.6084],[29.93201,-2.58924],[29.92992,-2.58075],[29.92614,-2.57732],[29.92704,-2.57573],[29.92437,-2.56776],[29.92223,-2.56588],[29.92259,-2.56207],[29.92121,-2.56047],[29.92143,-2.55757],[29.92525,-2.55318],[29.92624,-2.54968]]]}},{"type":"Feature","properties":{"d":"Gisagara","s":"Kansi"},"geometry":{"type":"Polygon","coordinates":[[[29.82471,-2.66674],[29.82337,-2.66384],[29.81853,-2.66347],[29.80655,-2.65811],[29.79766,-2.65691],[29.79503,-2.65395],[29.79143,-2.65641],[29.7893,-2.66405],[29.78517,-2.66598],[29.78202,-2.66559],[29.77265,-2.66996],[29.76681,-2.66995],[29.76416,-2.67715],[29.75785,-2.68666],[29.74689,-2.69566],[29.74465,-2.7073],[29.7555,-2.70311],[29.76918,-2.7001],[29.7723,-2.70461],[29.77235,-2.70686],[29.77882,-2.70795],[29.78408,-2.71116],[29.78489,-2.7184],[29.78958,-2.73211],[29.7869,-2.74013],[29.79002,-2.74166],[29.7897,-2.74019],[29.79227,-2.74239],[29.79451,-2.74061],[29.80145,-2.73598],[29.80405,-2.73567],[29.80563,-2.73097],[29.8044,-2.72893],[29.80857,-2.72399],[29.80802,-2.71914],[29.81123,-2.71653],[29.81056,-2.71161],[29.8126,-2.70965],[29.8103,-2.70682],[29.81288,-2.70231],[29.81179,-2.69866],[29.8185,-2.6936],[29.82427,-2.68107],[29.82471,-2.66674]]]}},{"type":"Feature","properties":{"d":"Gisagara","s":"Kibirizi"},"geometry":{"type":"Polygon","coordinates":[[[29.82471,-2.66674],[29.82581,-2.66048],[29.82874,-2.65516],[29.82854,-2.65004],[29.82633,-2.64221],[29.82821,-2.63569],[29.82752,-2.63411],[29.82082,-2.62847],[29.82097,-2.62671],[29.81746,-2.62516],[29.81605,-2.62204],[29.81353,-2.62093],[29.81044,-2.61578],[29.81057,-2.61357],[29.80396,-2.61162],[29.80331,-2.60863],[29.80142,-2.61025],[29.79058,-2.61198],[29.7908,-2.60584],[29.7891,-2.60228],[29.78384,-2.59959],[29.78415,-2.59456],[29.77917,-2.59352],[29.77496,-2.59442],[29.77354,-2.59267],[29.7691,-2.59259],[29.7659,-2.58961],[29.76263,-2.59105],[29.75925,-2.59041],[29.75771,-2.60021],[29.76532,-2.61186],[29.77322,-2.62225],[29.76925,-2.63364],[29.76938,-2.64396],[29.76681,-2.66995],[29.77265,-2.66996],[29.78202,-2.66559],[29.78517,-2.66598],[29.7893,-2.66405],[29.79143,-2.65641],[29.79503,-2.65395],[29.79766,-2.65691],[29.80655,-2.65811],[29.81853,-2.66347],[29.82337,-2.66384],[29.82471,-2.66674]]]}},{"type":"Feature","properties":{"d":"Gisagara","s":"Kigembe"},"geometry":{"type":"Polygon","coordinates":[[[29.74465,-2.7073],[29.7438,-2.71131],[29.73709,-2.71777],[29.7337,-2.7245],[29.72342,-2.73264],[29.72324,-2.74128],[29.7205,-2.74455],[29.71852,-2.74477],[29.71945,-2.74852],[29.71669,-2.7542],[29.72118,-2.75481],[29.72825,-2.75256],[29.73038,-2.75318],[29.73107,-2.76066],[29.73597,-2.7633],[29.73852,-2.7678],[29.73824,-2.76999],[29.74376,-2.7743],[29.75446,-2.77149],[29.7516,-2.75912],[29.76125,-2.75546],[29.77014,-2.76161],[29.77217,-2.76631],[29.77461,-2.76756],[29.78679,-2.76685],[29.79308,-2.76245],[29.79555,-2.75871],[29.79917,-2.75897],[29.80719,-2.76078],[29.80704,-2.76361],[29.81035,-2.76699],[29.81117,-2.77095],[29.81096,-2.76703],[29.80922,-2.76402],[29.80986,-2.7617],[29.80619,-2.75503],[29.7958,-2.75094],[29.79706,-2.75104],[29.79719,-2.74965],[29.79465,-2.74941],[29.79345,-2.74667],[29.79451,-2.74061],[29.79227,-2.74239],[29.7897,-2.74019],[29.79002,-2.74166],[29.7869,-2.74013],[29.78958,-2.73211],[29.78489,-2.7184],[29.78408,-2.71116],[29.77882,-2.70795],[29.77235,-2.70686],[29.7723,-2.70461],[29.76918,-2.7001],[29.7555,-2.70311],[29.74465,-2.7073]]]}},{"type":"Feature","properties":{"d":"Gisagara","s":"Mamba"},"geometry":{"type":"Polygon","coordinates":[[[29.92321,-2.4408],[29.91611,-2.45309],[29.90484,-2.45968],[29.90442,-2.47041],[29.90753,-2.47973],[29.90689,-2.48189],[29.8998,-2.49262],[29.89579,-2.49553],[29.88922,-2.4974],[29.88619,-2.50025],[29.88208,-2.51139],[29.88079,-2.52622],[29.89061,-2.53792],[29.89957,-2.54308],[29.90449,-2.5409],[29.90884,-2.53547],[29.91901,-2.53871],[29.92624,-2.54968],[29.93004,-2.54601],[29.9295,-2.54162],[29.9345,-2.53473],[29.93603,-2.52577],[29.93461,-2.52049],[29.93664,-2.51992],[29.93921,-2.51549],[29.93842,-2.5121],[29.94178,-2.50268],[29.94371,-2.50082],[29.94317,-2.49911],[29.95095,-2.49675],[29.95349,-2.49197],[29.95623,-2.49012],[29.96419,-2.48987],[29.96841,-2.4848],[29.96923,-2.47534],[29.96723,-2.47138],[29.9708,-2.46067],[29.96862,-2.45746],[29.96876,-2.45271],[29.96623,-2.45014],[29.96812,-2.44614],[29.96298,-2.43597],[29.96137,-2.42476],[29.96266,-2.42355],[29.96162,-2.41923],[29.96266,-2.41427],[29.95559,-2.39686],[29.9425,-2.41451],[29.9341,-2.43174],[29.92321,-2.4408]]]}},{"type":"Feature","properties":{"d":"Gisagara","s":"Muganza"},"geometry":{"type":"Polygon","coordinates":[[[29.88915,-2.60941],[29.88842,-2.6119],[29.88257,-2.61096],[29.881,-2.61396],[29.87636,-2.61699],[29.87124,-2.61622],[29.86611,-2.62299],[29.86389,-2.6235],[29.86304,-2.62603],[29.85828,-2.62943],[29.85547,-2.62885],[29.85358,-2.62624],[29.84885,-2.62822],[29.84609,-2.6327],[29.84717,-2.63681],[29.83899,-2.63929],[29.83011,-2.64972],[29.82854,-2.65004],[29.82874,-2.65516],[29.83838,-2.6569],[29.84152,-2.65577],[29.84947,-2.65808],[29.85295,-2.65383],[29.86193,-2.65775],[29.86232,-2.66184],[29.86481,-2.66829],[29.86684,-2.66921],[29.86753,-2.67404],[29.8756,-2.68236],[29.86821,-2.68903],[29.86745,-2.70069],[29.88079,-2.69891],[29.88513,-2.69654],[29.89078,-2.7],[29.893,-2.70406],[29.89825,-2.70878],[29.90778,-2.70698],[29.91485,-2.70059],[29.91885,-2.6992],[29.91981,-2.69382],[29.92468,-2.68687],[29.92897,-2.67234],[29.93116,-2.66282],[29.9294,-2.65801],[29.93437,-2.65104],[29.93663,-2.64214],[29.93532,-2.63809],[29.93021,-2.63537],[29.92898,-2.64577],[29.92374,-2.6463],[29.91735,-2.6369],[29.91021,-2.63012],[29.91005,-2.62738],[29.9068,-2.62401],[29.90744,-2.6195],[29.90502,-2.61738],[29.90516,-2.61498],[29.90269,-2.61706],[29.89775,-2.61668],[29.89675,-2.61458],[29.88915,-2.60941]]]}},{"type":"Feature","properties":{"d":"Gisagara","s":"Mugombwa"},"geometry":{"type":"Polygon","coordinates":[[[29.79451,-2.74061],[29.79345,-2.74667],[29.79465,-2.74941],[29.79719,-2.74965],[29.79706,-2.75104],[29.7958,-2.75094],[29.80619,-2.75503],[29.81189,-2.75124],[29.81427,-2.74719],[29.8238,-2.74019],[29.82799,-2.73525],[29.83636,-2.73361],[29.84563,-2.72774],[29.86087,-2.72085],[29.86423,-2.70746],[29.86745,-2.70069],[29.86821,-2.68903],[29.8756,-2.68236],[29.86753,-2.67404],[29.86684,-2.66921],[29.86481,-2.66829],[29.86232,-2.66184],[29.86193,-2.65775],[29.85295,-2.65383],[29.84947,-2.65808],[29.84152,-2.65577],[29.83838,-2.6569],[29.82874,-2.65516],[29.82581,-2.66048],[29.82471,-2.66674],[29.82427,-2.68107],[29.8185,-2.6936],[29.81179,-2.69866],[29.81288,-2.70231],[29.8103,-2.70682],[29.8126,-2.70965],[29.81056,-2.71161],[29.81123,-2.71653],[29.80802,-2.71914],[29.80857,-2.72399],[29.8044,-2.72893],[29.80563,-2.73097],[29.80405,-2.73567],[29.80145,-2.73598],[29.79451,-2.74061]]]}},{"type":"Feature","properties":{"d":"Gisagara","s":"Mukindo"},"geometry":{"type":"Polygon","coordinates":[[[29.81117,-2.77095],[29.81373,-2.77482],[29.81654,-2.77577],[29.81811,-2.77489],[29.82115,-2.77703],[29.82503,-2.77613],[29.83208,-2.78224],[29.83384,-2.77532],[29.83569,-2.77534],[29.83998,-2.76963],[29.84197,-2.77073],[29.84416,-2.76894],[29.85209,-2.7677],[29.85461,-2.76387],[29.85915,-2.7649],[29.86422,-2.76116],[29.86701,-2.76054],[29.87136,-2.7623],[29.87843,-2.76068],[29.88166,-2.75669],[29.87966,-2.75267],[29.88245,-2.75295],[29.88806,-2.75055],[29.89004,-2.75143],[29.89397,-2.74724],[29.89366,-2.7455],[29.89187,-2.74491],[29.89387,-2.74272],[29.89446,-2.73972],[29.89313,-2.73775],[29.89442,-2.73525],[29.89658,-2.73444],[29.89663,-2.73227],[29.90089,-2.7288],[29.90315,-2.7219],[29.91057,-2.71521],[29.91307,-2.70829],[29.91893,-2.70279],[29.91885,-2.6992],[29.91485,-2.70059],[29.90778,-2.70698],[29.89825,-2.70878],[29.893,-2.70406],[29.89078,-2.7],[29.88513,-2.69654],[29.88079,-2.69891],[29.86745,-2.70069],[29.86423,-2.70746],[29.86087,-2.72085],[29.84563,-2.72774],[29.83636,-2.73361],[29.82799,-2.73525],[29.8238,-2.74019],[29.81427,-2.74719],[29.81189,-2.75124],[29.80619,-2.75503],[29.80986,-2.7617],[29.80922,-2.76402],[29.81096,-2.76703],[29.81117,-2.77095]]]}},{"type":"Feature","properties":{"d":"Gisagara","s":"Musha"},"geometry":{"type":"Polygon","coordinates":[[[29.80523,-2.50431],[29.79833,-2.51005],[29.79947,-2.51891],[29.80193,-2.51973],[29.79962,-2.52511],[29.8006,-2.52738],[29.79808,-2.52802],[29.79902,-2.53756],[29.795,-2.5444],[29.79535,-2.5472],[29.80091,-2.54189],[29.80753,-2.53937],[29.8134,-2.54578],[29.8156,-2.54702],[29.81862,-2.54643],[29.82318,-2.55295],[29.82776,-2.55316],[29.8332,-2.5626],[29.84094,-2.56315],[29.846,-2.56171],[29.85233,-2.55352],[29.86382,-2.54583],[29.86823,-2.5409],[29.86961,-2.53708],[29.88079,-2.52622],[29.88208,-2.51139],[29.88619,-2.50025],[29.87801,-2.49421],[29.86936,-2.49283],[29.8613,-2.49334],[29.85886,-2.49167],[29.85202,-2.49358],[29.846,-2.49293],[29.84397,-2.4834],[29.83495,-2.50081],[29.82213,-2.5084],[29.82207,-2.51178],[29.81936,-2.51105],[29.81151,-2.51421],[29.80798,-2.51141],[29.80523,-2.50431]]]}},{"type":"Feature","properties":{"d":"Gisagara","s":"Ndora"},"geometry":{"type":"Polygon","coordinates":[[[29.86382,-2.54583],[29.85233,-2.55352],[29.846,-2.56171],[29.84094,-2.56315],[29.8332,-2.5626],[29.82649,-2.56688],[29.81749,-2.56678],[29.80952,-2.5692],[29.80277,-2.57689],[29.80042,-2.58662],[29.79315,-2.58882],[29.79021,-2.59287],[29.78415,-2.59456],[29.78384,-2.59959],[29.7891,-2.60228],[29.7908,-2.60584],[29.79058,-2.61198],[29.80142,-2.61025],[29.80331,-2.60863],[29.80396,-2.61162],[29.81057,-2.61357],[29.81044,-2.61578],[29.81353,-2.62093],[29.81605,-2.62204],[29.81746,-2.62516],[29.82097,-2.62671],[29.82082,-2.62847],[29.82752,-2.63411],[29.82821,-2.63569],[29.82633,-2.64221],[29.82854,-2.65004],[29.83011,-2.64972],[29.83899,-2.63929],[29.84717,-2.63681],[29.84609,-2.6327],[29.84885,-2.62822],[29.85358,-2.62624],[29.85547,-2.62885],[29.85828,-2.62943],[29.86304,-2.62603],[29.86389,-2.6235],[29.86611,-2.62299],[29.87124,-2.61622],[29.87636,-2.61699],[29.881,-2.61396],[29.88257,-2.61096],[29.88842,-2.6119],[29.88915,-2.60941],[29.89063,-2.59826],[29.88522,-2.59831],[29.87861,-2.59483],[29.87045,-2.60133],[29.86139,-2.60624],[29.86066,-2.60466],[29.85463,-2.60328],[29.8594,-2.59525],[29.86627,-2.5881],[29.86609,-2.58182],[29.8698,-2.57583],[29.86587,-2.55541],[29.86308,-2.54987],[29.86382,-2.54583]]]}},{"type":"Feature","properties":{"d":"Gisagara","s":"Nyanza"},"geometry":{"type":"Polygon","coordinates":[[[29.71669,-2.7542],[29.71673,-2.75673],[29.71362,-2.75742],[29.7146,-2.76024],[29.71221,-2.7621],[29.71436,-2.76404],[29.71213,-2.77307],[29.70683,-2.77754],[29.70569,-2.78219],[29.70304,-2.78288],[29.70143,-2.78952],[29.69954,-2.79174],[29.69941,-2.79653],[29.69794,-2.79755],[29.6987,-2.80034],[29.70056,-2.80047],[29.70186,-2.80477],[29.70088,-2.81086],[29.70527,-2.81279],[29.70468,-2.81589],[29.70889,-2.82008],[29.71517,-2.81627],[29.71931,-2.81881],[29.72212,-2.81627],[29.72352,-2.81889],[29.73252,-2.81156],[29.73875,-2.8118],[29.74513,-2.80794],[29.75098,-2.81206],[29.75396,-2.81163],[29.76438,-2.79493],[29.76626,-2.78122],[29.76971,-2.77834],[29.76895,-2.77223],[29.76995,-2.76797],[29.77217,-2.76631],[29.77014,-2.76161],[29.76125,-2.75546],[29.7516,-2.75912],[29.75446,-2.77149],[29.74376,-2.7743],[29.73824,-2.76999],[29.73852,-2.7678],[29.73597,-2.7633],[29.73107,-2.76066],[29.73038,-2.75318],[29.72825,-2.75256],[29.72118,-2.75481],[29.71669,-2.7542]]]}},{"type":"Feature","properties":{"d":"Gisagara","s":"Save"},"geometry":{"type":"Polygon","coordinates":[[[29.78415,-2.59456],[29.79021,-2.59287],[29.79315,-2.58882],[29.80042,-2.58662],[29.80277,-2.57689],[29.80952,-2.5692],[29.81749,-2.56678],[29.82649,-2.56688],[29.8332,-2.5626],[29.82776,-2.55316],[29.82318,-2.55295],[29.81862,-2.54643],[29.8156,-2.54702],[29.8134,-2.54578],[29.80753,-2.53937],[29.80091,-2.54189],[29.79535,-2.5472],[29.795,-2.5444],[29.79902,-2.53756],[29.79808,-2.52802],[29.8006,-2.52738],[29.79962,-2.52511],[29.80193,-2.51973],[29.79947,-2.51891],[29.79833,-2.51005],[29.79268,-2.50957],[29.78634,-2.50596],[29.78458,-2.50966],[29.78738,-2.51472],[29.7866,-2.51647],[29.783,-2.51995],[29.77597,-2.52269],[29.77103,-2.53034],[29.76401,-2.53386],[29.76287,-2.53613],[29.76414,-2.54003],[29.76712,-2.54595],[29.76788,-2.55466],[29.76656,-2.56224],[29.75995,-2.57078],[29.75923,-2.58679],[29.75925,-2.59041],[29.76263,-2.59105],[29.7659,-2.58961],[29.7691,-2.59259],[29.77354,-2.59267],[29.77496,-2.59442],[29.77917,-2.59352],[29.78415,-2.59456]]]}},{"type":"Feature","properties":{"d":"Nyaruguru","s":"Busanze"},"geometry":{"type":"Polygon","coordinates":[[[29.52205,-2.73624],[29.51959,-2.73598],[29.51869,-2.73798],[29.51202,-2.74154],[29.5075,-2.74165],[29.4943,-2.75035],[29.49221,-2.75566],[29.49441,-2.76566],[29.48118,-2.77275],[29.47996,-2.77614],[29.48094,-2.7797],[29.47915,-2.78239],[29.48073,-2.78697],[29.47953,-2.78889],[29.48213,-2.79515],[29.48436,-2.79625],[29.48599,-2.80257],[29.49205,-2.80954],[29.49745,-2.81113],[29.50245,-2.81467],[29.50673,-2.81934],[29.50766,-2.82236],[29.51292,-2.82334],[29.51494,-2.82769],[29.52139,-2.83033],[29.53255,-2.82764],[29.53726,-2.82907],[29.538,-2.82805],[29.54247,-2.83024],[29.54433,-2.82641],[29.54257,-2.81924],[29.54354,-2.8177],[29.55161,-2.81843],[29.56588,-2.8121],[29.57398,-2.81218],[29.58276,-2.80525],[29.58163,-2.80055],[29.57848,-2.80079],[29.57445,-2.7938],[29.57133,-2.79335],[29.57116,-2.79126],[29.56852,-2.79055],[29.56252,-2.78352],[29.5626,-2.78067],[29.56674,-2.77893],[29.56404,-2.77598],[29.56984,-2.77308],[29.56983,-2.772],[29.56636,-2.77103],[29.5629,-2.768],[29.56015,-2.76947],[29.55897,-2.76558],[29.55578,-2.76432],[29.5555,-2.76276],[29.55139,-2.76312],[29.54872,-2.76099],[29.54524,-2.76189],[29.54057,-2.75942],[29.5372,-2.75547],[29.53571,-2.75602],[29.53378,-2.7523],[29.5345,-2.7503],[29.53099,-2.74788],[29.53304,-2.74463],[29.53082,-2.74377],[29.52895,-2.74055],[29.52233,-2.73854],[29.52205,-2.73624]]]}},{"type":"Feature","properties":{"d":"Nyaruguru","s":"Cyahinda"},"geometry":{"type":"Polygon","coordinates":[[[29.58276,-2.80525],[29.58863,-2.80321],[29.5897,-2.80766],[29.59151,-2.80854],[29.5938,-2.80725],[29.59694,-2.8083],[29.59839,-2.80663],[29.60108,-2.80806],[29.60588,-2.80701],[29.60838,-2.8082],[29.60898,-2.81053],[29.61202,-2.81153],[29.61705,-2.80967],[29.61643,-2.80756],[29.6123,-2.80514],[29.61211,-2.8024],[29.61373,-2.8002],[29.61298,-2.79827],[29.61564,-2.79238],[29.61128,-2.77913],[29.60843,-2.77564],[29.60805,-2.77027],[29.60506,-2.76331],[29.60632,-2.75813],[29.60911,-2.75784],[29.61098,-2.75534],[29.6118,-2.74861],[29.61649,-2.74157],[29.61772,-2.73713],[29.62328,-2.7303],[29.62612,-2.72803],[29.62821,-2.72849],[29.63083,-2.72208],[29.63386,-2.72084],[29.63058,-2.71603],[29.6254,-2.71317],[29.62541,-2.7057],[29.62253,-2.70255],[29.62362,-2.69913],[29.6181,-2.70117],[29.59716,-2.71743],[29.59347,-2.713],[29.59189,-2.70693],[29.58612,-2.70194],[29.58194,-2.70629],[29.57511,-2.70553],[29.57225,-2.71349],[29.57251,-2.71861],[29.57573,-2.72256],[29.5743,-2.72849],[29.57665,-2.7309],[29.57822,-2.73643],[29.5766,-2.7407],[29.57757,-2.7426],[29.57594,-2.74342],[29.57501,-2.74665],[29.57695,-2.75077],[29.574,-2.75191],[29.57491,-2.75654],[29.57689,-2.75727],[29.57546,-2.76112],[29.57149,-2.76133],[29.56842,-2.76354],[29.56639,-2.76289],[29.56973,-2.76806],[29.56666,-2.76926],[29.56636,-2.77103],[29.56983,-2.772],[29.56984,-2.77308],[29.56404,-2.77598],[29.56674,-2.77893],[29.5626,-2.78067],[29.56252,-2.78352],[29.56852,-2.79055],[29.57116,-2.79126],[29.57133,-2.79335],[29.57445,-2.7938],[29.57848,-2.80079],[29.58163,-2.80055],[29.58276,-2.80525]]]}},{"type":"Feature","properties":{"d":"Nyaruguru","s":"Kibeho"},"geometry":{"type":"Polygon","coordinates":[[[29.61318,-2.61634],[29.60539,-2.61313],[29.60003,-2.60547],[29.59642,-2.60533],[29.59559,-2.60403],[29.59746,-2.60221],[29.59694,-2.6009],[29.57982,-2.60014],[29.5792,-2.60396],[29.57139,-2.61585],[29.57159,-2.62432],[29.5729,-2.62685],[29.56146,-2.62736],[29.55183,-2.62571],[29.54496,-2.633],[29.53512,-2.64992],[29.52977,-2.64574],[29.52547,-2.63971],[29.52071,-2.64059],[29.51411,-2.645],[29.51198,-2.6485],[29.51435,-2.6496],[29.51274,-2.65177],[29.51534,-2.65668],[29.51226,-2.66198],[29.51323,-2.66381],[29.51211,-2.66682],[29.51542,-2.67191],[29.51314,-2.67765],[29.51513,-2.68301],[29.51845,-2.68586],[29.51968,-2.68494],[29.52174,-2.68751],[29.52364,-2.6862],[29.52671,-2.68727],[29.52612,-2.68903],[29.52766,-2.68985],[29.52775,-2.69241],[29.5335,-2.69537],[29.53601,-2.70036],[29.54001,-2.69942],[29.53973,-2.69689],[29.54108,-2.69709],[29.54119,-2.69526],[29.54803,-2.69946],[29.55239,-2.69605],[29.55298,-2.69721],[29.55536,-2.69694],[29.5595,-2.70162],[29.55879,-2.70374],[29.56465,-2.70405],[29.57371,-2.69898],[29.58229,-2.6971],[29.58223,-2.69494],[29.59194,-2.68021],[29.59235,-2.67551],[29.60116,-2.67148],[29.60026,-2.66755],[29.60313,-2.6622],[29.60301,-2.65808],[29.60525,-2.65519],[29.60512,-2.65111],[29.60882,-2.6495],[29.61061,-2.64658],[29.60755,-2.63969],[29.6238,-2.63295],[29.61845,-2.62832],[29.61551,-2.62969],[29.60986,-2.62956],[29.60765,-2.62499],[29.61193,-2.62179],[29.61318,-2.61634]]]}},{"type":"Feature","properties":{"d":"Nyaruguru","s":"Kivu"},"geometry":{"type":"Polygon","coordinates":[[[29.47403,-2.59021],[29.47317,-2.58731],[29.47121,-2.58666],[29.46837,-2.58669],[29.46602,-2.5887],[29.46421,-2.58707],[29.46172,-2.58773],[29.4596,-2.5906],[29.45901,-2.59894],[29.45164,-2.59983],[29.44584,-2.59489],[29.44344,-2.59061],[29.44458,-2.58859],[29.44337,-2.58159],[29.43609,-2.58107],[29.43365,-2.57652],[29.43097,-2.57883],[29.42835,-2.57729],[29.42835,-2.5707],[29.42452,-2.56985],[29.42228,-2.5596],[29.41314,-2.55606],[29.40804,-2.55851],[29.40207,-2.55766],[29.39925,-2.55596],[29.39893,-2.55369],[29.39083,-2.55319],[29.3801,-2.5581],[29.37425,-2.55392],[29.36315,-2.55477],[29.36327,-2.56116],[29.36197,-2.56265],[29.36113,-2.56993],[29.34904,-2.57731],[29.34544,-2.5754],[29.33974,-2.58125],[29.34128,-2.58389],[29.34501,-2.58527],[29.34505,-2.58824],[29.3424,-2.5904],[29.34254,-2.59316],[29.34525,-2.59699],[29.35043,-2.59523],[29.35294,-2.59585],[29.35626,-2.60797],[29.36305,-2.6151],[29.36212,-2.6179],[29.36447,-2.62021],[29.36334,-2.62414],[29.36793,-2.63138],[29.3651,-2.6378],[29.35798,-2.64405],[29.36262,-2.64352],[29.36423,-2.64483],[29.37351,-2.64156],[29.38131,-2.64369],[29.38514,-2.64188],[29.40452,-2.63871],[29.40964,-2.63392],[29.41403,-2.63534],[29.4206,-2.63431],[29.42152,-2.63726],[29.42505,-2.63549],[29.42958,-2.63942],[29.43357,-2.63955],[29.43498,-2.63808],[29.44096,-2.63901],[29.4443,-2.64762],[29.4502,-2.6449],[29.45627,-2.64782],[29.46272,-2.64517],[29.46392,-2.64339],[29.4737,-2.64509],[29.47446,-2.64414],[29.47741,-2.64558],[29.47765,-2.64713],[29.48105,-2.64811],[29.48128,-2.65252],[29.48337,-2.65264],[29.48606,-2.65517],[29.49349,-2.6511],[29.49731,-2.64546],[29.50081,-2.64548],[29.50664,-2.64238],[29.50912,-2.64174],[29.50938,-2.63761],[29.51241,-2.63428],[29.50964,-2.63159],[29.51061,-2.62834],[29.50739,-2.62651],[29.50796,-2.6226],[29.50964,-2.62125],[29.50927,-2.61894],[29.51048,-2.61885],[29.51056,-2.6169],[29.50884,-2.61747],[29.51004,-2.61568],[29.5086,-2.61202],[29.50405,-2.61054],[29.5008,-2.6061],[29.49756,-2.60498],[29.49496,-2.60241],[29.49387,-2.59762],[29.49031,-2.59844],[29.48822,-2.59612],[29.48569,-2.59603],[29.48561,-2.59769],[29.48112,-2.59955],[29.47516,-2.59803],[29.47403,-2.59021]]]}},{"type":"Feature","properties":{"d":"Nyaruguru","s":"Mata"},"geometry":{"type":"Polygon","coordinates":[[[29.61318,-2.61634],[29.61327,-2.61008],[29.61059,-2.60718],[29.60926,-2.60276],[29.61665,-2.59406],[29.61851,-2.58933],[29.61831,-2.58616],[29.6132,-2.57548],[29.60956,-2.57176],[29.60518,-2.57057],[29.60254,-2.56098],[29.60278,-2.55711],[29.59805,-2.55719],[29.59612,-2.55205],[29.59174,-2.55453],[29.58805,-2.55384],[29.57711,-2.55006],[29.57531,-2.54788],[29.57049,-2.54871],[29.56657,-2.54544],[29.5583,-2.54794],[29.55709,-2.55232],[29.55291,-2.55602],[29.55364,-2.57171],[29.54918,-2.57472],[29.54701,-2.5781],[29.54763,-2.57924],[29.54075,-2.57818],[29.53673,-2.58101],[29.53657,-2.58568],[29.5397,-2.58798],[29.54294,-2.59497],[29.54114,-2.60427],[29.53735,-2.61085],[29.53719,-2.61471],[29.53863,-2.61721],[29.5303,-2.61802],[29.52273,-2.62102],[29.51775,-2.62076],[29.51316,-2.61806],[29.51048,-2.61885],[29.50927,-2.61894],[29.50964,-2.62125],[29.50796,-2.6226],[29.50739,-2.62651],[29.51061,-2.62834],[29.50964,-2.63159],[29.51241,-2.63428],[29.50938,-2.63761],[29.50912,-2.64174],[29.50664,-2.64238],[29.50944,-2.64303],[29.50967,-2.64758],[29.51198,-2.6485],[29.51411,-2.645],[29.52071,-2.64059],[29.52547,-2.63971],[29.52977,-2.64574],[29.53512,-2.64992],[29.54496,-2.633],[29.55183,-2.62571],[29.56146,-2.62736],[29.5729,-2.62685],[29.57159,-2.62432],[29.57139,-2.61585],[29.5792,-2.60396],[29.57982,-2.60014],[29.59694,-2.6009],[29.59746,-2.60221],[29.59559,-2.60403],[29.59642,-2.60533],[29.60003,-2.60547],[29.60539,-2.61313],[29.61318,-2.61634]]]}},{"type":"Feature","properties":{"d":"Nyaruguru","s":"Muganza"},"geometry":{"type":"Polygon","coordinates":[[[29.51198,-2.6485],[29.50967,-2.64758],[29.50944,-2.64303],[29.50664,-2.64238],[29.50081,-2.64548],[29.49731,-2.64546],[29.49349,-2.6511],[29.48606,-2.65517],[29.48337,-2.65264],[29.48128,-2.65252],[29.48105,-2.64811],[29.47765,-2.64713],[29.47741,-2.64558],[29.47446,-2.64414],[29.4737,-2.64509],[29.46392,-2.64339],[29.46272,-2.64517],[29.45627,-2.64782],[29.4502,-2.6449],[29.4443,-2.64762],[29.44096,-2.63901],[29.43498,-2.63808],[29.43357,-2.63955],[29.42958,-2.63942],[29.42505,-2.63549],[29.42152,-2.63726],[29.4206,-2.63431],[29.41403,-2.63534],[29.40964,-2.63392],[29.40452,-2.63871],[29.38514,-2.64188],[29.38131,-2.64369],[29.37351,-2.64156],[29.36423,-2.64483],[29.36262,-2.64352],[29.35798,-2.64405],[29.35592,-2.65392],[29.35207,-2.66024],[29.35424,-2.66612],[29.34679,-2.6789],[29.35009,-2.68161],[29.36873,-2.68483],[29.37133,-2.68697],[29.37984,-2.68878],[29.38103,-2.69034],[29.38418,-2.68989],[29.38522,-2.69212],[29.39341,-2.6896],[29.39599,-2.68735],[29.39823,-2.6879],[29.40407,-2.68603],[29.40571,-2.68589],[29.40682,-2.68883],[29.40891,-2.68969],[29.41122,-2.68651],[29.41583,-2.68538],[29.41738,-2.68326],[29.42757,-2.68574],[29.43125,-2.68446],[29.43335,-2.68599],[29.43713,-2.68532],[29.44594,-2.68793],[29.45363,-2.68708],[29.46207,-2.67941],[29.46454,-2.68233],[29.46538,-2.68073],[29.46895,-2.68013],[29.47186,-2.68528],[29.47427,-2.68676],[29.47507,-2.6857],[29.47823,-2.68612],[29.4816,-2.68882],[29.48136,-2.6912],[29.48436,-2.69118],[29.48791,-2.69405],[29.48747,-2.69534],[29.49006,-2.6957],[29.49238,-2.69959],[29.491,-2.70042],[29.49311,-2.7008],[29.49504,-2.71042],[29.49744,-2.71264],[29.49983,-2.71227],[29.50284,-2.71514],[29.50418,-2.71403],[29.50653,-2.71763],[29.50665,-2.71563],[29.50599,-2.70625],[29.5094,-2.70384],[29.51264,-2.69766],[29.51044,-2.68657],[29.51513,-2.68301],[29.51314,-2.67765],[29.51542,-2.67191],[29.51211,-2.66682],[29.51323,-2.66381],[29.51226,-2.66198],[29.51534,-2.65668],[29.51274,-2.65177],[29.51435,-2.6496],[29.51198,-2.6485]]]}},{"type":"Feature","properties":{"d":"Nyaruguru","s":"Munini"},"geometry":{"type":"Polygon","coordinates":[[[29.56636,-2.77103],[29.56666,-2.76926],[29.56973,-2.76806],[29.56639,-2.76289],[29.56842,-2.76354],[29.57149,-2.76133],[29.57546,-2.76112],[29.57689,-2.75727],[29.57491,-2.75654],[29.574,-2.75191],[29.57695,-2.75077],[29.57501,-2.74665],[29.57594,-2.74342],[29.57757,-2.7426],[29.5766,-2.7407],[29.57822,-2.73643],[29.57665,-2.7309],[29.5743,-2.72849],[29.57573,-2.72256],[29.57251,-2.71861],[29.57225,-2.71349],[29.57511,-2.70553],[29.58194,-2.70629],[29.58612,-2.70194],[29.58304,-2.69985],[29.58229,-2.6971],[29.57371,-2.69898],[29.56465,-2.70405],[29.55879,-2.70374],[29.5595,-2.70162],[29.55536,-2.69694],[29.55298,-2.69721],[29.55239,-2.69605],[29.54803,-2.69946],[29.54119,-2.69526],[29.54108,-2.69709],[29.53973,-2.69689],[29.54001,-2.69942],[29.53601,-2.70036],[29.5335,-2.69537],[29.52775,-2.69241],[29.52766,-2.68985],[29.52612,-2.68903],[29.52671,-2.68727],[29.52364,-2.6862],[29.52174,-2.68751],[29.51968,-2.68494],[29.51845,-2.68586],[29.51513,-2.68301],[29.51044,-2.68657],[29.51264,-2.69766],[29.5094,-2.70384],[29.50599,-2.70625],[29.50665,-2.71563],[29.50977,-2.71807],[29.50805,-2.71943],[29.50975,-2.72143],[29.51192,-2.72157],[29.5115,-2.72309],[29.51541,-2.72497],[29.51691,-2.73167],[29.52117,-2.73347],[29.52205,-2.73624],[29.52233,-2.73854],[29.52895,-2.74055],[29.53082,-2.74377],[29.53304,-2.74463],[29.53099,-2.74788],[29.5345,-2.7503],[29.53378,-2.7523],[29.53571,-2.75602],[29.5372,-2.75547],[29.54057,-2.75942],[29.54524,-2.76189],[29.54872,-2.76099],[29.55139,-2.76312],[29.5555,-2.76276],[29.55578,-2.76432],[29.55897,-2.76558],[29.56015,-2.76947],[29.5629,-2.768],[29.56636,-2.77103]]]}},{"type":"Feature","properties":{"d":"Nyaruguru","s":"Ngera"},"geometry":{"type":"Polygon","coordinates":[[[29.74689,-2.69566],[29.73694,-2.69065],[29.72873,-2.68232],[29.72646,-2.68253],[29.72453,-2.67987],[29.71548,-2.68293],[29.70397,-2.68277],[29.68888,-2.67447],[29.68277,-2.67412],[29.67614,-2.67525],[29.67414,-2.67321],[29.66915,-2.67301],[29.66673,-2.6761],[29.66611,-2.67069],[29.6639,-2.66933],[29.65984,-2.6702],[29.65591,-2.66921],[29.6519,-2.67107],[29.65139,-2.67582],[29.65402,-2.68106],[29.65359,-2.68445],[29.6598,-2.69296],[29.65922,-2.6961],[29.66232,-2.69849],[29.66079,-2.70796],[29.64878,-2.70816],[29.64459,-2.71762],[29.63953,-2.72111],[29.6458,-2.7211],[29.64669,-2.72315],[29.6537,-2.72597],[29.6568,-2.73032],[29.66031,-2.73021],[29.66318,-2.73239],[29.67137,-2.74404],[29.67442,-2.73215],[29.67796,-2.7292],[29.68287,-2.73258],[29.68951,-2.7342],[29.69365,-2.7377],[29.70597,-2.73243],[29.72324,-2.74128],[29.72342,-2.73264],[29.7337,-2.7245],[29.73709,-2.71777],[29.7438,-2.71131],[29.74465,-2.7073],[29.74689,-2.69566]]]}},{"type":"Feature","properties":{"d":"Nyaruguru","s":"Ngoma"},"geometry":{"type":"Polygon","coordinates":[[[29.72324,-2.74128],[29.70597,-2.73243],[29.69365,-2.7377],[29.68951,-2.7342],[29.68287,-2.73258],[29.67796,-2.7292],[29.67442,-2.73215],[29.67137,-2.74404],[29.66318,-2.73239],[29.66031,-2.73021],[29.6568,-2.73032],[29.65193,-2.73384],[29.64915,-2.74159],[29.64915,-2.74969],[29.64688,-2.7534],[29.64927,-2.7577],[29.64942,-2.76232],[29.6511,-2.76378],[29.6499,-2.76875],[29.65293,-2.77505],[29.65214,-2.78284],[29.65371,-2.78844],[29.66061,-2.78826],[29.6653,-2.79212],[29.66908,-2.79195],[29.67922,-2.80016],[29.68531,-2.80052],[29.6885,-2.80359],[29.68981,-2.80711],[29.69445,-2.80918],[29.6958,-2.80727],[29.70088,-2.81086],[29.70186,-2.80477],[29.70056,-2.80047],[29.6987,-2.80034],[29.69794,-2.79755],[29.69941,-2.79653],[29.69954,-2.79174],[29.70143,-2.78952],[29.70304,-2.78288],[29.70569,-2.78219],[29.70683,-2.77754],[29.71213,-2.77307],[29.71436,-2.76404],[29.71221,-2.7621],[29.7146,-2.76024],[29.71362,-2.75742],[29.71673,-2.75673],[29.71669,-2.7542],[29.71945,-2.74852],[29.71852,-2.74477],[29.7205,-2.74455],[29.72324,-2.74128]]]}},{"type":"Feature","properties":{"d":"Nyaruguru","s":"Nyabimata"},"geometry":{"type":"Polygon","coordinates":[[[29.34679,-2.6789],[29.33939,-2.68043],[29.3353,-2.67963],[29.32906,-2.68262],[29.32811,-2.69032],[29.33191,-2.69351],[29.33515,-2.69156],[29.33724,-2.69351],[29.33929,-2.69944],[29.34338,-2.70163],[29.34476,-2.70432],[29.34431,-2.70717],[29.34667,-2.7106],[29.34583,-2.71183],[29.34933,-2.71419],[29.34805,-2.71593],[29.34874,-2.72242],[29.35209,-2.7253],[29.35476,-2.73073],[29.34752,-2.73853],[29.33872,-2.74339],[29.33532,-2.74381],[29.33308,-2.74705],[29.34081,-2.75319],[29.34015,-2.7588],[29.33803,-2.76088],[29.33822,-2.76459],[29.34355,-2.76525],[29.34686,-2.76932],[29.3505,-2.76889],[29.34797,-2.77706],[29.35366,-2.78386],[29.35636,-2.79098],[29.36607,-2.78602],[29.37085,-2.78598],[29.38033,-2.78183],[29.38563,-2.77405],[29.38605,-2.7714],[29.38869,-2.76956],[29.39021,-2.77026],[29.39549,-2.76604],[29.39942,-2.76556],[29.40279,-2.76778],[29.40884,-2.7665],[29.41544,-2.76284],[29.41959,-2.75889],[29.41962,-2.75625],[29.42169,-2.75355],[29.42454,-2.75249],[29.429,-2.74708],[29.43747,-2.74502],[29.44012,-2.74627],[29.44174,-2.74946],[29.44797,-2.75201],[29.45094,-2.75509],[29.45494,-2.75567],[29.4525,-2.74658],[29.45072,-2.74612],[29.45169,-2.7427],[29.45069,-2.74078],[29.45576,-2.73744],[29.45461,-2.73445],[29.45582,-2.73022],[29.45866,-2.72763],[29.4624,-2.72684],[29.46553,-2.72315],[29.4643,-2.71886],[29.46544,-2.71501],[29.47027,-2.71161],[29.47274,-2.71162],[29.47506,-2.71405],[29.47839,-2.71215],[29.48484,-2.71336],[29.48684,-2.7156],[29.49133,-2.7172],[29.49559,-2.71519],[29.49744,-2.71264],[29.49504,-2.71042],[29.49311,-2.7008],[29.491,-2.70042],[29.49238,-2.69959],[29.49006,-2.6957],[29.48747,-2.69534],[29.48791,-2.69405],[29.48436,-2.69118],[29.48136,-2.6912],[29.4816,-2.68882],[29.47823,-2.68612],[29.47507,-2.6857],[29.47427,-2.68676],[29.47186,-2.68528],[29.46895,-2.68013],[29.46538,-2.68073],[29.46454,-2.68233],[29.46207,-2.67941],[29.45363,-2.68708],[29.44594,-2.68793],[29.43713,-2.68532],[29.43335,-2.68599],[29.43125,-2.68446],[29.42757,-2.68574],[29.41738,-2.68326],[29.41583,-2.68538],[29.41122,-2.68651],[29.40891,-2.68969],[29.40682,-2.68883],[29.40571,-2.68589],[29.40407,-2.68603],[29.39823,-2.6879],[29.39599,-2.68735],[29.39341,-2.6896],[29.38522,-2.69212],[29.38418,-2.68989],[29.38103,-2.69034],[29.37984,-2.68878],[29.37133,-2.68697],[29.36873,-2.68483],[29.35009,-2.68161],[29.34679,-2.6789]]]}},{"type":"Feature","properties":{"d":"Nyaruguru","s":"Nyagisozi"},"geometry":{"type":"Polygon","coordinates":[[[29.61705,-2.80967],[29.6213,-2.80585],[29.62397,-2.80711],[29.63034,-2.80387],[29.63927,-2.78969],[29.64817,-2.78767],[29.65371,-2.78844],[29.65214,-2.78284],[29.65293,-2.77505],[29.6499,-2.76875],[29.6511,-2.76378],[29.64942,-2.76232],[29.64927,-2.7577],[29.64688,-2.7534],[29.64915,-2.74969],[29.64915,-2.74159],[29.65193,-2.73384],[29.6568,-2.73032],[29.6537,-2.72597],[29.64669,-2.72315],[29.6458,-2.7211],[29.63953,-2.72111],[29.63386,-2.72084],[29.63083,-2.72208],[29.62821,-2.72849],[29.62612,-2.72803],[29.62328,-2.7303],[29.61772,-2.73713],[29.61649,-2.74157],[29.6118,-2.74861],[29.61098,-2.75534],[29.60911,-2.75784],[29.60632,-2.75813],[29.60506,-2.76331],[29.60805,-2.77027],[29.60843,-2.77564],[29.61128,-2.77913],[29.61564,-2.79238],[29.61298,-2.79827],[29.61373,-2.8002],[29.61211,-2.8024],[29.6123,-2.80514],[29.61643,-2.80756],[29.61705,-2.80967]]]}},{"type":"Feature","properties":{"d":"Nyaruguru","s":"Ruheru"},"geometry":{"type":"Polygon","coordinates":[[[29.52205,-2.73624],[29.52117,-2.73347],[29.51691,-2.73167],[29.51541,-2.72497],[29.5115,-2.72309],[29.51192,-2.72157],[29.50975,-2.72143],[29.50805,-2.71943],[29.50977,-2.71807],[29.50665,-2.71563],[29.50653,-2.71763],[29.50418,-2.71403],[29.50284,-2.71514],[29.49983,-2.71227],[29.49744,-2.71264],[29.49559,-2.71519],[29.49133,-2.7172],[29.48684,-2.7156],[29.48484,-2.71336],[29.47839,-2.71215],[29.47506,-2.71405],[29.47274,-2.71162],[29.47027,-2.71161],[29.46544,-2.71501],[29.4643,-2.71886],[29.46553,-2.72315],[29.4624,-2.72684],[29.45866,-2.72763],[29.45582,-2.73022],[29.45461,-2.73445],[29.45576,-2.73744],[29.45069,-2.74078],[29.45169,-2.7427],[29.45072,-2.74612],[29.4525,-2.74658],[29.45494,-2.75567],[29.45094,-2.75509],[29.44797,-2.75201],[29.44174,-2.74946],[29.44012,-2.74627],[29.43747,-2.74502],[29.429,-2.74708],[29.42454,-2.75249],[29.42169,-2.75355],[29.41962,-2.75625],[29.41959,-2.75889],[29.41544,-2.76284],[29.40884,-2.7665],[29.40279,-2.76778],[29.39942,-2.76556],[29.39549,-2.76604],[29.39021,-2.77026],[29.38869,-2.76956],[29.38605,-2.7714],[29.38563,-2.77405],[29.38033,-2.78183],[29.37085,-2.78598],[29.36607,-2.78602],[29.35636,-2.79098],[29.35428,-2.79735],[29.35171,-2.79792],[29.35259,-2.80242],[29.35161,-2.8039],[29.35625,-2.80749],[29.36158,-2.81851],[29.36111,-2.82448],[29.3648,-2.82855],[29.36168,-2.83288],[29.36765,-2.83271],[29.36868,-2.83726],[29.3712,-2.84023],[29.37324,-2.83852],[29.37741,-2.83845],[29.37715,-2.83338],[29.38093,-2.83119],[29.38509,-2.82205],[29.38897,-2.82086],[29.38933,-2.81927],[29.39552,-2.81717],[29.39649,-2.82015],[29.40037,-2.82227],[29.40118,-2.82022],[29.40775,-2.81532],[29.40939,-2.81596],[29.41312,-2.81444],[29.41941,-2.80908],[29.4314,-2.8047],[29.43271,-2.80106],[29.43756,-2.79821],[29.44115,-2.79999],[29.44753,-2.79873],[29.45086,-2.80097],[29.45676,-2.80099],[29.45729,-2.80535],[29.46338,-2.80999],[29.47033,-2.80825],[29.47401,-2.81003],[29.47606,-2.80763],[29.47815,-2.80887],[29.48277,-2.80302],[29.48599,-2.80257],[29.48436,-2.79625],[29.48213,-2.79515],[29.47953,-2.78889],[29.48073,-2.78697],[29.47915,-2.78239],[29.48094,-2.7797],[29.47996,-2.77614],[29.48118,-2.77275],[29.49441,-2.76566],[29.49221,-2.75566],[29.4943,-2.75035],[29.5075,-2.74165],[29.51202,-2.74154],[29.51869,-2.73798],[29.51959,-2.73598],[29.52205,-2.73624]]]}},{"type":"Feature","properties":{"d":"Nyaruguru","s":"Ruramba"},"geometry":{"type":"Polygon","coordinates":[[[29.51048,-2.61885],[29.51316,-2.61806],[29.51775,-2.62076],[29.52273,-2.62102],[29.5303,-2.61802],[29.53863,-2.61721],[29.53719,-2.61471],[29.53735,-2.61085],[29.54114,-2.60427],[29.54294,-2.59497],[29.5397,-2.58798],[29.53657,-2.58568],[29.53673,-2.58101],[29.54075,-2.57818],[29.54763,-2.57924],[29.54701,-2.5781],[29.54918,-2.57472],[29.55364,-2.57171],[29.55291,-2.55602],[29.55709,-2.55232],[29.5583,-2.54794],[29.55025,-2.54388],[29.54187,-2.53689],[29.54025,-2.53702],[29.54044,-2.53248],[29.53414,-2.5336],[29.5329,-2.53684],[29.53144,-2.53701],[29.53116,-2.54212],[29.52696,-2.54389],[29.52642,-2.54589],[29.52283,-2.545],[29.52037,-2.54601],[29.51883,-2.5521],[29.51258,-2.55157],[29.50476,-2.55568],[29.49996,-2.55593],[29.4982,-2.55904],[29.49463,-2.56051],[29.4923,-2.56397],[29.49185,-2.56871],[29.48456,-2.56886],[29.47967,-2.57305],[29.48634,-2.58319],[29.48316,-2.58591],[29.48054,-2.58454],[29.47574,-2.58747],[29.47403,-2.59021],[29.47516,-2.59803],[29.48112,-2.59955],[29.48561,-2.59769],[29.48569,-2.59603],[29.48822,-2.59612],[29.49031,-2.59844],[29.49387,-2.59762],[29.49496,-2.60241],[29.49756,-2.60498],[29.5008,-2.6061],[29.50405,-2.61054],[29.5086,-2.61202],[29.51004,-2.61568],[29.50884,-2.61747],[29.51056,-2.6169],[29.51048,-2.61885]]]}},{"type":"Feature","properties":{"d":"Nyaruguru","s":"Rusenge"},"geometry":{"type":"Polygon","coordinates":[[[29.63386,-2.72084],[29.63953,-2.72111],[29.64459,-2.71762],[29.64878,-2.70816],[29.66079,-2.70796],[29.66232,-2.69849],[29.65922,-2.6961],[29.6598,-2.69296],[29.65359,-2.68445],[29.65402,-2.68106],[29.65139,-2.67582],[29.6519,-2.67107],[29.65591,-2.66921],[29.65984,-2.6702],[29.6639,-2.66933],[29.66611,-2.67069],[29.66673,-2.6761],[29.66915,-2.67301],[29.67414,-2.67321],[29.67614,-2.67525],[29.68277,-2.67412],[29.68271,-2.66864],[29.67833,-2.66707],[29.67557,-2.66288],[29.66867,-2.65696],[29.67218,-2.64698],[29.66995,-2.64191],[29.65184,-2.64593],[29.6416,-2.65493],[29.63913,-2.65068],[29.64069,-2.63901],[29.63753,-2.63578],[29.63663,-2.63263],[29.63032,-2.63119],[29.62607,-2.63366],[29.6238,-2.63295],[29.60755,-2.63969],[29.61061,-2.64658],[29.60882,-2.6495],[29.60512,-2.65111],[29.60525,-2.65519],[29.60301,-2.65808],[29.60313,-2.6622],[29.60026,-2.66755],[29.60116,-2.67148],[29.59235,-2.67551],[29.59194,-2.68021],[29.58223,-2.69494],[29.58229,-2.6971],[29.58304,-2.69985],[29.58612,-2.70194],[29.59189,-2.70693],[29.59347,-2.713],[29.59716,-2.71743],[29.6181,-2.70117],[29.62362,-2.69913],[29.62253,-2.70255],[29.62541,-2.7057],[29.6254,-2.71317],[29.63058,-2.71603],[29.63386,-2.72084]]]}},{"type":"Feature","properties":{"d":"Huye","s":"Gishamvu"},"geometry":{"type":"Polygon","coordinates":[[[29.70397,-2.68277],[29.70768,-2.67498],[29.713,-2.67009],[29.71495,-2.66496],[29.72119,-2.65821],[29.7186,-2.6446],[29.72173,-2.64284],[29.72494,-2.64303],[29.71891,-2.63825],[29.71576,-2.62992],[29.71303,-2.63037],[29.71228,-2.63409],[29.70498,-2.63448],[29.7,-2.63702],[29.69303,-2.62975],[29.69141,-2.63211],[29.68967,-2.63068],[29.68987,-2.63377],[29.68755,-2.63631],[29.67797,-2.63403],[29.67512,-2.63959],[29.66995,-2.64191],[29.67218,-2.64698],[29.66867,-2.65696],[29.67557,-2.66288],[29.67833,-2.66707],[29.68271,-2.66864],[29.68277,-2.67412],[29.68888,-2.67447],[29.70397,-2.68277]]]}},{"type":"Feature","properties":{"d":"Huye","s":"Huye"},"geometry":{"type":"Polygon","coordinates":[[[29.74021,-2.58433],[29.73308,-2.57038],[29.72551,-2.56555],[29.7193,-2.55714],[29.71748,-2.5584],[29.71379,-2.55561],[29.70716,-2.55573],[29.70102,-2.54824],[29.6959,-2.54772],[29.68351,-2.54307],[29.68722,-2.54688],[29.68745,-2.54915],[29.68118,-2.55807],[29.68247,-2.56315],[29.68587,-2.56498],[29.67901,-2.5669],[29.67555,-2.56633],[29.67288,-2.56939],[29.67292,-2.58063],[29.67007,-2.58575],[29.67442,-2.59023],[29.6648,-2.602],[29.67153,-2.60936],[29.67579,-2.61131],[29.67422,-2.61501],[29.67581,-2.61795],[29.67458,-2.62498],[29.67562,-2.62619],[29.68058,-2.6239],[29.68595,-2.61804],[29.68882,-2.61069],[29.69132,-2.60799],[29.69699,-2.61629],[29.71307,-2.61883],[29.70822,-2.61399],[29.70106,-2.61075],[29.6992,-2.60712],[29.69808,-2.60176],[29.70183,-2.59442],[29.70363,-2.59503],[29.7097,-2.59173],[29.71164,-2.59219],[29.71083,-2.59092],[29.71438,-2.59021],[29.71642,-2.58745],[29.72344,-2.58593],[29.7319,-2.58662],[29.74021,-2.58433]]]}},{"type":"Feature","properties":{"d":"Huye","s":"Karama"},"geometry":{"type":"Polygon","coordinates":[[[29.6238,-2.63295],[29.62607,-2.63366],[29.63032,-2.63119],[29.63663,-2.63263],[29.63753,-2.63578],[29.64069,-2.63901],[29.63913,-2.65068],[29.6416,-2.65493],[29.65184,-2.64593],[29.66995,-2.64191],[29.67512,-2.63959],[29.67797,-2.63403],[29.68098,-2.63132],[29.67562,-2.62619],[29.67458,-2.62498],[29.67581,-2.61795],[29.67422,-2.61501],[29.67579,-2.61131],[29.67153,-2.60936],[29.6648,-2.602],[29.67442,-2.59023],[29.67007,-2.58575],[29.67292,-2.58063],[29.67288,-2.56939],[29.67555,-2.56633],[29.674,-2.56517],[29.67051,-2.56843],[29.66923,-2.56795],[29.66909,-2.56481],[29.66176,-2.56464],[29.65642,-2.56059],[29.65111,-2.56323],[29.64895,-2.56102],[29.64576,-2.56374],[29.64191,-2.56459],[29.64135,-2.57],[29.63062,-2.56832],[29.62198,-2.57278],[29.61906,-2.57648],[29.6132,-2.57548],[29.61831,-2.58616],[29.61851,-2.58933],[29.61665,-2.59406],[29.60926,-2.60276],[29.61059,-2.60718],[29.61327,-2.61008],[29.61318,-2.61634],[29.61193,-2.62179],[29.60765,-2.62499],[29.60986,-2.62956],[29.61551,-2.62969],[29.61845,-2.62832],[29.6238,-2.63295]]]}},{"type":"Feature","properties":{"d":"Huye","s":"Kigoma"},"geometry":{"type":"Polygon","coordinates":[[[29.69296,-2.45825],[29.69675,-2.45729],[29.69804,-2.45487],[29.69877,-2.44913],[29.69749,-2.44331],[29.68867,-2.44521],[29.68081,-2.44913],[29.67349,-2.44145],[29.67131,-2.44243],[29.671,-2.43891],[29.6648,-2.43763],[29.66305,-2.43556],[29.6581,-2.43427],[29.65813,-2.42828],[29.64787,-2.43246],[29.64219,-2.43756],[29.64198,-2.44431],[29.63411,-2.45642],[29.63205,-2.46292],[29.61571,-2.47051],[29.61229,-2.47692],[29.61045,-2.47796],[29.60578,-2.47733],[29.60087,-2.47375],[29.59509,-2.4788],[29.5981,-2.4902],[29.59667,-2.49448],[29.59943,-2.50134],[29.60392,-2.50518],[29.60413,-2.50783],[29.61012,-2.50885],[29.61292,-2.51351],[29.61609,-2.51511],[29.61777,-2.51335],[29.62387,-2.51311],[29.63327,-2.51433],[29.63491,-2.51347],[29.64121,-2.51614],[29.64657,-2.51457],[29.64756,-2.51097],[29.64427,-2.50802],[29.6432,-2.50431],[29.64723,-2.49912],[29.65467,-2.49684],[29.65917,-2.49248],[29.65715,-2.48594],[29.65865,-2.48215],[29.66475,-2.47734],[29.6721,-2.47399],[29.67238,-2.47242],[29.68209,-2.46847],[29.6855,-2.46357],[29.69296,-2.45825]]]}},{"type":"Feature","properties":{"d":"Huye","s":"Kinazi"},"geometry":{"type":"Polygon","coordinates":[[[29.73418,-2.40209],[29.73862,-2.40609],[29.73979,-2.41755],[29.74491,-2.41918],[29.74515,-2.42551],[29.74196,-2.43392],[29.74612,-2.43756],[29.75846,-2.43243],[29.76228,-2.42672],[29.76784,-2.4255],[29.77857,-2.43498],[29.77951,-2.4341],[29.78113,-2.44223],[29.79099,-2.44856],[29.79871,-2.45944],[29.80334,-2.45954],[29.8047,-2.45684],[29.81072,-2.45276],[29.81655,-2.45156],[29.82463,-2.45326],[29.82933,-2.45026],[29.82692,-2.44995],[29.81839,-2.44205],[29.81649,-2.42342],[29.82101,-2.42179],[29.82409,-2.41807],[29.82817,-2.41602],[29.83542,-2.41839],[29.83123,-2.41051],[29.83408,-2.40481],[29.82538,-2.39954],[29.81408,-2.39505],[29.81092,-2.38946],[29.80856,-2.38426],[29.80381,-2.3812],[29.79861,-2.38078],[29.79135,-2.36862],[29.7844,-2.3715],[29.78353,-2.37388],[29.78042,-2.37421],[29.77839,-2.37643],[29.77286,-2.37643],[29.7699,-2.38126],[29.76198,-2.38748],[29.75032,-2.38888],[29.74818,-2.39135],[29.73846,-2.39377],[29.73418,-2.40209]]]}},{"type":"Feature","properties":{"d":"Huye","s":"Maraba"},"geometry":{"type":"Polygon","coordinates":[[[29.6132,-2.57548],[29.61906,-2.57648],[29.62198,-2.57278],[29.63062,-2.56832],[29.64135,-2.57],[29.64191,-2.56459],[29.64576,-2.56374],[29.64895,-2.56102],[29.65111,-2.56323],[29.65642,-2.56059],[29.66176,-2.56464],[29.66909,-2.56481],[29.66923,-2.56795],[29.67051,-2.56843],[29.674,-2.56517],[29.67555,-2.56633],[29.67901,-2.5669],[29.68587,-2.56498],[29.68247,-2.56315],[29.68118,-2.55807],[29.68745,-2.54915],[29.68722,-2.54688],[29.68351,-2.54307],[29.67211,-2.54372],[29.67055,-2.53921],[29.66793,-2.5373],[29.66293,-2.53769],[29.66021,-2.53596],[29.65707,-2.52936],[29.65758,-2.52649],[29.65391,-2.52294],[29.64894,-2.52168],[29.64657,-2.51457],[29.64121,-2.51614],[29.63491,-2.51347],[29.63327,-2.51433],[29.62387,-2.51311],[29.61777,-2.51335],[29.61609,-2.51511],[29.61292,-2.51351],[29.61012,-2.50885],[29.60413,-2.50783],[29.5921,-2.51606],[29.58974,-2.51621],[29.58722,-2.52256],[29.58508,-2.52186],[29.58339,-2.5244],[29.58699,-2.53245],[29.59136,-2.53698],[29.58906,-2.54629],[29.58979,-2.55099],[29.58805,-2.55384],[29.59174,-2.55453],[29.59612,-2.55205],[29.59805,-2.55719],[29.60278,-2.55711],[29.60254,-2.56098],[29.60518,-2.57057],[29.60956,-2.57176],[29.6132,-2.57548]]]}},{"type":"Feature","properties":{"d":"Huye","s":"Mbazi"},"geometry":{"type":"Polygon","coordinates":[[[29.76414,-2.54003],[29.75997,-2.54294],[29.75488,-2.54346],[29.75412,-2.5363],[29.7506,-2.53032],[29.74897,-2.52939],[29.7463,-2.53112],[29.74662,-2.52836],[29.7436,-2.52712],[29.73668,-2.52789],[29.73332,-2.51892],[29.72133,-2.50972],[29.71863,-2.51394],[29.71215,-2.51863],[29.7106,-2.51807],[29.71087,-2.5166],[29.7083,-2.51744],[29.7072,-2.51944],[29.70639,-2.51772],[29.70402,-2.51859],[29.70403,-2.52402],[29.6954,-2.53317],[29.69429,-2.5329],[29.69278,-2.52641],[29.69021,-2.52495],[29.68945,-2.52933],[29.68701,-2.53218],[29.68351,-2.53338],[29.67643,-2.53233],[29.66793,-2.5373],[29.67055,-2.53921],[29.67211,-2.54372],[29.68351,-2.54307],[29.6959,-2.54772],[29.70102,-2.54824],[29.70716,-2.55573],[29.71379,-2.55561],[29.71748,-2.5584],[29.7193,-2.55714],[29.72551,-2.56555],[29.73308,-2.57038],[29.74021,-2.58433],[29.75923,-2.58679],[29.75995,-2.57078],[29.76656,-2.56224],[29.76788,-2.55466],[29.76712,-2.54595],[29.76414,-2.54003]]]}},{"type":"Feature","properties":{"d":"Huye","s":"Mukura"},"geometry":{"type":"Polygon","coordinates":[[[29.76681,-2.66995],[29.76938,-2.64396],[29.75935,-2.64255],[29.75028,-2.63716],[29.74454,-2.64028],[29.74029,-2.64469],[29.73219,-2.64615],[29.72494,-2.64303],[29.72173,-2.64284],[29.7186,-2.6446],[29.72119,-2.65821],[29.71495,-2.66496],[29.713,-2.67009],[29.70768,-2.67498],[29.70397,-2.68277],[29.71548,-2.68293],[29.72453,-2.67987],[29.72646,-2.68253],[29.72873,-2.68232],[29.73694,-2.69065],[29.74689,-2.69566],[29.75785,-2.68666],[29.76416,-2.67715],[29.76681,-2.66995]]]}},{"type":"Feature","properties":{"d":"Huye","s":"Ngoma"},"geometry":{"type":"Polygon","coordinates":[[[29.75925,-2.59041],[29.75923,-2.58679],[29.74021,-2.58433],[29.7319,-2.58662],[29.72344,-2.58593],[29.71642,-2.58745],[29.71438,-2.59021],[29.71083,-2.59092],[29.71164,-2.59219],[29.7097,-2.59173],[29.70363,-2.59503],[29.70183,-2.59442],[29.69808,-2.60176],[29.6992,-2.60712],[29.70106,-2.61075],[29.70822,-2.61399],[29.72292,-2.60735],[29.72844,-2.61218],[29.7328,-2.6211],[29.73783,-2.6194],[29.75906,-2.61829],[29.76363,-2.61644],[29.76532,-2.61186],[29.75771,-2.60021],[29.75925,-2.59041]]]}},{"type":"Feature","properties":{"d":"Huye","s":"Ruhashya"},"geometry":{"type":"MultiPolygon","coordinates":[[[[29.71576,-2.62992],[29.71664,-2.62334],[29.71307,-2.61883],[29.69699,-2.61629],[29.69132,-2.60799],[29.68882,-2.61069],[29.68595,-2.61804],[29.68058,-2.6239],[29.67562,-2.62619],[29.68098,-2.63132],[29.67797,-2.63403],[29.68755,-2.63631],[29.68987,-2.63377],[29.68967,-2.63068],[29.69141,-2.63211],[29.69303,-2.62975],[29.7,-2.63702],[29.70498,-2.63448],[29.71228,-2.63409],[29.71303,-2.63037],[29.71576,-2.62992]]],[[[29.78634,-2.50596],[29.77808,-2.50236],[29.77456,-2.49891],[29.77004,-2.49838],[29.769,-2.49411],[29.76136,-2.4845],[29.75095,-2.47716],[29.74728,-2.47282],[29.74037,-2.46892],[29.73365,-2.46211],[29.73288,-2.46085],[29.73116,-2.46205],[29.72617,-2.46841],[29.71516,-2.46829],[29.71501,-2.47089],[29.71154,-2.47087],[29.70666,-2.47425],[29.70078,-2.47439],[29.70712,-2.48976],[29.71253,-2.49743],[29.71717,-2.50003],[29.72133,-2.50972],[29.73332,-2.51892],[29.73668,-2.52789],[29.7436,-2.52712],[29.74662,-2.52836],[29.7463,-2.53112],[29.74897,-2.52939],[29.7506,-2.53032],[29.75412,-2.5363],[29.75488,-2.54346],[29.75997,-2.54294],[29.76414,-2.54003],[29.76287,-2.53613],[29.76401,-2.53386],[29.77103,-2.53034],[29.77597,-2.52269],[29.783,-2.51995],[29.7866,-2.51647],[29.78738,-2.51472],[29.78458,-2.50966],[29.78634,-2.50596]]]]}},{"type":"Feature","properties":{"d":"Huye","s":"Rusatira"},"geometry":{"type":"Polygon","coordinates":[[[29.82933,-2.45026],[29.82463,-2.45326],[29.81655,-2.45156],[29.81072,-2.45276],[29.8047,-2.45684],[29.80334,-2.45954],[29.79871,-2.45944],[29.79099,-2.44856],[29.78113,-2.44223],[29.77951,-2.4341],[29.77857,-2.43498],[29.76784,-2.4255],[29.76228,-2.42672],[29.75846,-2.43243],[29.74612,-2.43756],[29.74268,-2.44066],[29.74482,-2.44199],[29.74788,-2.44789],[29.74945,-2.4478],[29.74952,-2.45299],[29.74072,-2.46001],[29.73365,-2.46211],[29.74037,-2.46892],[29.74728,-2.47282],[29.75095,-2.47716],[29.76136,-2.4845],[29.769,-2.49411],[29.77004,-2.49838],[29.77456,-2.49891],[29.77808,-2.50236],[29.78634,-2.50596],[29.79268,-2.50957],[29.79833,-2.51005],[29.80523,-2.50431],[29.80522,-2.50014],[29.80369,-2.49745],[29.80429,-2.48991],[29.81282,-2.48231],[29.82231,-2.47697],[29.83342,-2.46307],[29.83969,-2.4598],[29.84083,-2.45729],[29.84603,-2.45362],[29.84089,-2.45354],[29.83493,-2.45069],[29.82933,-2.45026]]]}},{"type":"Feature","properties":{"d":"Huye","s":"Rwaniro"},"geometry":{"type":"Polygon","coordinates":[[[29.7198,-2.40032],[29.71326,-2.40319],[29.70992,-2.40258],[29.7042,-2.40557],[29.69668,-2.40524],[29.69338,-2.39948],[29.69203,-2.39278],[29.68761,-2.39059],[29.68015,-2.39479],[29.67639,-2.40503],[29.67765,-2.40999],[29.66603,-2.41849],[29.66466,-2.4226],[29.66192,-2.4231],[29.65813,-2.42828],[29.6581,-2.43427],[29.66305,-2.43556],[29.6648,-2.43763],[29.671,-2.43891],[29.67131,-2.44243],[29.67349,-2.44145],[29.68081,-2.44913],[29.68867,-2.44521],[29.69749,-2.44331],[29.69877,-2.44913],[29.69804,-2.45487],[29.69675,-2.45729],[29.69296,-2.45825],[29.70078,-2.47439],[29.70666,-2.47425],[29.71154,-2.47087],[29.71501,-2.47089],[29.71516,-2.46829],[29.72617,-2.46841],[29.73116,-2.46205],[29.73288,-2.46085],[29.73365,-2.46211],[29.74072,-2.46001],[29.74952,-2.45299],[29.74945,-2.4478],[29.74788,-2.44789],[29.74482,-2.44199],[29.74268,-2.44066],[29.74612,-2.43756],[29.74196,-2.43392],[29.74515,-2.42551],[29.74491,-2.41918],[29.73979,-2.41755],[29.73862,-2.40609],[29.73418,-2.40209],[29.73122,-2.40309],[29.72461,-2.40047],[29.7198,-2.40032]]]}},{"type":"Feature","properties":{"d":"Huye","s":"Simbi"},"geometry":{"type":"Polygon","coordinates":[[[29.64657,-2.51457],[29.64894,-2.52168],[29.65391,-2.52294],[29.65758,-2.52649],[29.65707,-2.52936],[29.66021,-2.53596],[29.66293,-2.53769],[29.66793,-2.5373],[29.67643,-2.53233],[29.68351,-2.53338],[29.68701,-2.53218],[29.68945,-2.52933],[29.69021,-2.52495],[29.69278,-2.52641],[29.69429,-2.5329],[29.6954,-2.53317],[29.70403,-2.52402],[29.70402,-2.51859],[29.70639,-2.51772],[29.7072,-2.51944],[29.7083,-2.51744],[29.71087,-2.5166],[29.7106,-2.51807],[29.71215,-2.51863],[29.71863,-2.51394],[29.72133,-2.50972],[29.71717,-2.50003],[29.71253,-2.49743],[29.70712,-2.48976],[29.70078,-2.47439],[29.69296,-2.45825],[29.6855,-2.46357],[29.68209,-2.46847],[29.67238,-2.47242],[29.6721,-2.47399],[29.66475,-2.47734],[29.65865,-2.48215],[29.65715,-2.48594],[29.65917,-2.49248],[29.65467,-2.49684],[29.64723,-2.49912],[29.6432,-2.50431],[29.64427,-2.50802],[29.64756,-2.51097],[29.64657,-2.51457]]]}},{"type":"Feature","properties":{"d":"Huye","s":"Tumba"},"geometry":{"type":"Polygon","coordinates":[[[29.76532,-2.61186],[29.76363,-2.61644],[29.75906,-2.61829],[29.73783,-2.6194],[29.7328,-2.6211],[29.72844,-2.61218],[29.72292,-2.60735],[29.70822,-2.61399],[29.71307,-2.61883],[29.71664,-2.62334],[29.71576,-2.62992],[29.71891,-2.63825],[29.72494,-2.64303],[29.73219,-2.64615],[29.74029,-2.64469],[29.74454,-2.64028],[29.75028,-2.63716],[29.75935,-2.64255],[29.76938,-2.64396],[29.76925,-2.63364],[29.77322,-2.62225],[29.76532,-2.61186]]]}},{"type":"Feature","properties":{"d":"Nyamagabe","s":"Buruhukiro"},"geometry":{"type":"Polygon","coordinates":[[[29.43478,-2.39259],[29.43335,-2.39566],[29.42784,-2.39517],[29.42399,-2.39875],[29.41924,-2.4003],[29.41692,-2.39804],[29.415,-2.39805],[29.40984,-2.39258],[29.40761,-2.39265],[29.40709,-2.40008],[29.40918,-2.40144],[29.40845,-2.40274],[29.40788,-2.40162],[29.39838,-2.40564],[29.38984,-2.40386],[29.3873,-2.40506],[29.3853,-2.40075],[29.37672,-2.4007],[29.36769,-2.40711],[29.36174,-2.40803],[29.36134,-2.39914],[29.35791,-2.39635],[29.35235,-2.3954],[29.35011,-2.39721],[29.34875,-2.40162],[29.34475,-2.40283],[29.34132,-2.40634],[29.32855,-2.41097],[29.32721,-2.4134],[29.3294,-2.41619],[29.32746,-2.42007],[29.32867,-2.42165],[29.32591,-2.42299],[29.32594,-2.42794],[29.32352,-2.43247],[29.31753,-2.43134],[29.30993,-2.43571],[29.30717,-2.43409],[29.30313,-2.43409],[29.29912,-2.4404],[29.28031,-2.44186],[29.27948,-2.44803],[29.27738,-2.4489],[29.27327,-2.45655],[29.27242,-2.46382],[29.26866,-2.46649],[29.26623,-2.47074],[29.26562,-2.47232],[29.26939,-2.47547],[29.26465,-2.48202],[29.26975,-2.48299],[29.27715,-2.48748],[29.27791,-2.48676],[29.27982,-2.48917],[29.28277,-2.49009],[29.28873,-2.48962],[29.29087,-2.49113],[29.29296,-2.48325],[29.30534,-2.48198],[29.30871,-2.48307],[29.3149,-2.48143],[29.31918,-2.48198],[29.32291,-2.48025],[29.32664,-2.48853],[29.33101,-2.4898],[29.33374,-2.49281],[29.33447,-2.49181],[29.33883,-2.49308],[29.34484,-2.49654],[29.35076,-2.49481],[29.35231,-2.49253],[29.35622,-2.49235],[29.35667,-2.48908],[29.35831,-2.48835],[29.36277,-2.48971],[29.36306,-2.48784],[29.3692,-2.48802],[29.37303,-2.48606],[29.37467,-2.4883],[29.384,-2.4864],[29.38973,-2.48831],[29.38977,-2.4896],[29.39495,-2.49044],[29.39694,-2.4898],[29.39903,-2.48632],[29.40357,-2.48762],[29.40461,-2.48636],[29.40727,-2.48832],[29.41183,-2.48543],[29.41568,-2.48761],[29.41664,-2.48511],[29.41951,-2.48387],[29.4187,-2.4781],[29.42121,-2.47646],[29.42272,-2.4728],[29.42674,-2.47347],[29.42671,-2.47053],[29.42946,-2.46795],[29.42901,-2.46594],[29.43141,-2.46384],[29.43243,-2.46041],[29.43855,-2.45856],[29.44005,-2.45613],[29.44182,-2.45642],[29.44454,-2.4543],[29.45689,-2.45421],[29.46245,-2.45132],[29.46216,-2.44778],[29.46343,-2.44713],[29.46458,-2.44649],[29.46361,-2.44438],[29.46477,-2.44195],[29.46278,-2.43928],[29.46351,-2.42664],[29.45996,-2.42564],[29.45899,-2.42254],[29.44795,-2.42817],[29.44135,-2.42608],[29.44223,-2.41892],[29.43951,-2.408],[29.44187,-2.4061],[29.44212,-2.40039],[29.43814,-2.39824],[29.43783,-2.39454],[29.43539,-2.39456],[29.43478,-2.39259]]]}},{"type":"Feature","properties":{"d":"Nyamagabe","s":"Cyanika"},"geometry":{"type":"Polygon","coordinates":[[[29.62949,-2.38336],[29.62254,-2.3856],[29.61674,-2.39126],[29.6097,-2.39372],[29.60411,-2.39264],[29.60116,-2.39554],[29.60417,-2.39736],[29.59324,-2.4089],[29.58973,-2.41605],[29.58357,-2.41215],[29.57785,-2.41869],[29.57705,-2.42366],[29.57816,-2.43126],[29.58013,-2.43827],[29.5803,-2.44915],[29.58551,-2.45256],[29.58579,-2.45467],[29.59369,-2.46169],[29.60007,-2.46247],[29.60352,-2.46536],[29.60331,-2.46696],[29.60691,-2.46742],[29.61229,-2.47063],[29.61571,-2.47051],[29.63205,-2.46292],[29.63411,-2.45642],[29.64198,-2.44431],[29.64219,-2.43756],[29.64787,-2.43246],[29.65813,-2.42828],[29.66192,-2.4231],[29.66466,-2.4226],[29.66603,-2.41849],[29.65447,-2.41228],[29.64148,-2.40956],[29.64132,-2.40674],[29.63586,-2.39787],[29.63635,-2.38932],[29.63184,-2.38852],[29.63098,-2.3838],[29.62949,-2.38336]]]}},{"type":"Feature","properties":{"d":"Nyamagabe","s":"Gasaka"},"geometry":{"type":"Polygon","coordinates":[[[29.61571,-2.47051],[29.61229,-2.47063],[29.60691,-2.46742],[29.60331,-2.46696],[29.60352,-2.46536],[29.60007,-2.46247],[29.59369,-2.46169],[29.58579,-2.45467],[29.58551,-2.45256],[29.5803,-2.44915],[29.58013,-2.43827],[29.57816,-2.43126],[29.57291,-2.43423],[29.57199,-2.43741],[29.56976,-2.4377],[29.56867,-2.44532],[29.5651,-2.45062],[29.55922,-2.45101],[29.55715,-2.45426],[29.5549,-2.45422],[29.54944,-2.45986],[29.54259,-2.45913],[29.54445,-2.45477],[29.54354,-2.45274],[29.54175,-2.45331],[29.53634,-2.45006],[29.53421,-2.4515],[29.53272,-2.4564],[29.53437,-2.46605],[29.53082,-2.47257],[29.53118,-2.47635],[29.5284,-2.47758],[29.52287,-2.47714],[29.51952,-2.48173],[29.52114,-2.488],[29.51938,-2.49033],[29.52236,-2.49465],[29.52409,-2.49542],[29.52479,-2.49843],[29.53175,-2.50323],[29.53993,-2.49438],[29.54153,-2.49393],[29.54285,-2.49589],[29.54604,-2.49285],[29.54983,-2.49568],[29.55395,-2.49239],[29.557,-2.49313],[29.55976,-2.49081],[29.56635,-2.48997],[29.57126,-2.49498],[29.57512,-2.49682],[29.58524,-2.49585],[29.58933,-2.50234],[29.59943,-2.50134],[29.59667,-2.49448],[29.5981,-2.4902],[29.59509,-2.4788],[29.60087,-2.47375],[29.60578,-2.47733],[29.61045,-2.47796],[29.61229,-2.47692],[29.61571,-2.47051]]]}},{"type":"Feature","properties":{"d":"Nyamagabe","s":"Gatare"},"geometry":{"type":"Polygon","coordinates":[[[29.43478,-2.39259],[29.43775,-2.38647],[29.43634,-2.36743],[29.43751,-2.36481],[29.43573,-2.36203],[29.43536,-2.35395],[29.43601,-2.3531],[29.43267,-2.35105],[29.43442,-2.34539],[29.42931,-2.33913],[29.42808,-2.3334],[29.42393,-2.33456],[29.42401,-2.3383],[29.42104,-2.34272],[29.42081,-2.34609],[29.41349,-2.34818],[29.41057,-2.34664],[29.40819,-2.34783],[29.40654,-2.35315],[29.40776,-2.35556],[29.40339,-2.35543],[29.39926,-2.3599],[29.39521,-2.35902],[29.3901,-2.35422],[29.38762,-2.35474],[29.38422,-2.35325],[29.37801,-2.35469],[29.37695,-2.35935],[29.37473,-2.36092],[29.3692,-2.35808],[29.3702,-2.3562],[29.36951,-2.35086],[29.37085,-2.34848],[29.36432,-2.34602],[29.35787,-2.34679],[29.35554,-2.35833],[29.34794,-2.35499],[29.34304,-2.35691],[29.34312,-2.35738],[29.34321,-2.36542],[29.33743,-2.37058],[29.33595,-2.37839],[29.33065,-2.37988],[29.33078,-2.3837],[29.32747,-2.38872],[29.32271,-2.38827],[29.31829,-2.39864],[29.32153,-2.4019],[29.32286,-2.40604],[29.32666,-2.40611],[29.32855,-2.41097],[29.34132,-2.40634],[29.34475,-2.40283],[29.34875,-2.40162],[29.35011,-2.39721],[29.35235,-2.3954],[29.35791,-2.39635],[29.36134,-2.39914],[29.36174,-2.40803],[29.36769,-2.40711],[29.37672,-2.4007],[29.3853,-2.40075],[29.3873,-2.40506],[29.38984,-2.40386],[29.39838,-2.40564],[29.40788,-2.40162],[29.40845,-2.40274],[29.40918,-2.40144],[29.40709,-2.40008],[29.40761,-2.39265],[29.40984,-2.39258],[29.415,-2.39805],[29.41692,-2.39804],[29.41924,-2.4003],[29.42399,-2.39875],[29.42784,-2.39517],[29.43335,-2.39566],[29.43478,-2.39259]]]}},{"type":"Feature","properties":{"d":"Nyamagabe","s":"Kaduha"},"geometry":{"type":"Polygon","coordinates":[[[29.58931,-2.33048],[29.58161,-2.32541],[29.58122,-2.31911],[29.57465,-2.32072],[29.56811,-2.31995],[29.56865,-2.31254],[29.5656,-2.29669],[29.55818,-2.29651],[29.55512,-2.2936],[29.55293,-2.29262],[29.5517,-2.29374],[29.55195,-2.29799],[29.54924,-2.29957],[29.54316,-2.29872],[29.54021,-2.29983],[29.54151,-2.30803],[29.53038,-2.30943],[29.53271,-2.31959],[29.5302,-2.32142],[29.52834,-2.32103],[29.52541,-2.32942],[29.51983,-2.33392],[29.51227,-2.33489],[29.50993,-2.33695],[29.50462,-2.33148],[29.50492,-2.32705],[29.50158,-2.32433],[29.49869,-2.31885],[29.49136,-2.31446],[29.48861,-2.31565],[29.47998,-2.30999],[29.47814,-2.30703],[29.47395,-2.30625],[29.47316,-2.31141],[29.4716,-2.3119],[29.47001,-2.31666],[29.47106,-2.31938],[29.46827,-2.32105],[29.46499,-2.32758],[29.46723,-2.33253],[29.46596,-2.3345],[29.46682,-2.33922],[29.46586,-2.34075],[29.46659,-2.34362],[29.46888,-2.34496],[29.46824,-2.34624],[29.47087,-2.35261],[29.47362,-2.35546],[29.47462,-2.35493],[29.47314,-2.358],[29.47584,-2.3641],[29.47395,-2.36533],[29.47538,-2.36776],[29.47423,-2.36938],[29.47442,-2.37678],[29.47639,-2.376],[29.4772,-2.37872],[29.47898,-2.37938],[29.48076,-2.38439],[29.47976,-2.38584],[29.48148,-2.38595],[29.48086,-2.38783],[29.48249,-2.39237],[29.48831,-2.39627],[29.49627,-2.39562],[29.50019,-2.39902],[29.49931,-2.39749],[29.50067,-2.39625],[29.49733,-2.39435],[29.50046,-2.39285],[29.49825,-2.39136],[29.50037,-2.38931],[29.49849,-2.38396],[29.49831,-2.37636],[29.50074,-2.37422],[29.49907,-2.37154],[29.50395,-2.36735],[29.52189,-2.36612],[29.5252,-2.36395],[29.52604,-2.36086],[29.53061,-2.36092],[29.53496,-2.36556],[29.53683,-2.37107],[29.5391,-2.36973],[29.54289,-2.37237],[29.54419,-2.37137],[29.54567,-2.37233],[29.5479,-2.37585],[29.54871,-2.3829],[29.55086,-2.38252],[29.55013,-2.37973],[29.55155,-2.37747],[29.55499,-2.37672],[29.5561,-2.37447],[29.55937,-2.37331],[29.55903,-2.37107],[29.55449,-2.36998],[29.55516,-2.36697],[29.55675,-2.36599],[29.55361,-2.3659],[29.55349,-2.36324],[29.55565,-2.3612],[29.55897,-2.3624],[29.56068,-2.36109],[29.56354,-2.35476],[29.56257,-2.3528],[29.56731,-2.34417],[29.56911,-2.34225],[29.57237,-2.34243],[29.57413,-2.33942],[29.5762,-2.33986],[29.57971,-2.33445],[29.58197,-2.33422],[29.58242,-2.33104],[29.58931,-2.33048]]]}},{"type":"Feature","properties":{"d":"Nyamagabe","s":"Kamegeri"},"geometry":{"type":"Polygon","coordinates":[[[29.58805,-2.55384],[29.58979,-2.55099],[29.58906,-2.54629],[29.59136,-2.53698],[29.58699,-2.53245],[29.58339,-2.5244],[29.58508,-2.52186],[29.58722,-2.52256],[29.58974,-2.51621],[29.5921,-2.51606],[29.60413,-2.50783],[29.60392,-2.50518],[29.59943,-2.50134],[29.58933,-2.50234],[29.58524,-2.49585],[29.57512,-2.49682],[29.57126,-2.49498],[29.56635,-2.48997],[29.55976,-2.49081],[29.557,-2.49313],[29.55395,-2.49239],[29.54983,-2.49568],[29.54604,-2.49285],[29.54285,-2.49589],[29.54153,-2.49393],[29.53993,-2.49438],[29.53175,-2.50323],[29.53566,-2.51064],[29.54221,-2.51464],[29.54922,-2.52453],[29.55112,-2.52514],[29.55108,-2.52754],[29.54849,-2.5277],[29.54853,-2.53012],[29.54044,-2.53248],[29.54025,-2.53702],[29.54187,-2.53689],[29.55025,-2.54388],[29.5583,-2.54794],[29.56657,-2.54544],[29.57049,-2.54871],[29.57531,-2.54788],[29.57711,-2.55006],[29.58805,-2.55384]]]}},{"type":"Feature","properties":{"d":"Nyamagabe","s":"Kibirizi"},"geometry":{"type":"Polygon","coordinates":[[[29.58357,-2.41215],[29.58209,-2.40248],[29.57972,-2.39785],[29.57789,-2.39727],[29.57841,-2.3951],[29.57521,-2.39322],[29.57079,-2.39298],[29.57218,-2.39432],[29.56807,-2.3967],[29.56524,-2.40722],[29.56428,-2.40694],[29.56415,-2.41143],[29.56056,-2.41541],[29.55673,-2.41819],[29.55015,-2.41881],[29.54843,-2.42387],[29.54685,-2.42463],[29.54046,-2.42368],[29.53975,-2.42677],[29.53556,-2.42625],[29.53278,-2.42922],[29.53326,-2.43361],[29.53109,-2.43561],[29.52459,-2.4333],[29.51997,-2.43929],[29.51461,-2.43981],[29.51415,-2.44178],[29.51192,-2.44097],[29.50974,-2.44315],[29.50718,-2.44271],[29.50566,-2.44034],[29.50308,-2.44042],[29.49986,-2.44313],[29.49579,-2.44104],[29.4961,-2.43914],[29.49353,-2.43743],[29.49202,-2.43848],[29.49166,-2.43664],[29.48158,-2.43471],[29.47808,-2.43632],[29.47684,-2.44063],[29.47458,-2.44139],[29.47264,-2.44609],[29.46823,-2.44765],[29.469,-2.45046],[29.47461,-2.45371],[29.47486,-2.45669],[29.47876,-2.45659],[29.48088,-2.4581],[29.47804,-2.46312],[29.47951,-2.46476],[29.47705,-2.471],[29.47706,-2.47563],[29.48228,-2.47641],[29.48872,-2.47517],[29.4936,-2.47232],[29.50119,-2.47171],[29.50665,-2.47782],[29.50714,-2.48526],[29.50963,-2.48744],[29.51417,-2.48721],[29.51684,-2.48999],[29.51848,-2.49517],[29.52236,-2.49465],[29.51938,-2.49033],[29.52114,-2.488],[29.51952,-2.48173],[29.52287,-2.47714],[29.5284,-2.47758],[29.53118,-2.47635],[29.53082,-2.47257],[29.53437,-2.46605],[29.53272,-2.4564],[29.53421,-2.4515],[29.53634,-2.45006],[29.54175,-2.45331],[29.54354,-2.45274],[29.54445,-2.45477],[29.54259,-2.45913],[29.54944,-2.45986],[29.5549,-2.45422],[29.55715,-2.45426],[29.55922,-2.45101],[29.5651,-2.45062],[29.56867,-2.44532],[29.56976,-2.4377],[29.57199,-2.43741],[29.57291,-2.43423],[29.57816,-2.43126],[29.57705,-2.42366],[29.57785,-2.41869],[29.58357,-2.41215]]]}},{"type":"Feature","properties":{"d":"Nyamagabe","s":"Kibumbwe"},"geometry":{"type":"Polygon","coordinates":[[[29.50019,-2.39902],[29.50381,-2.39979],[29.50504,-2.40302],[29.49924,-2.4053],[29.49811,-2.41268],[29.50167,-2.42241],[29.50567,-2.42347],[29.50621,-2.4288],[29.50083,-2.4358],[29.4961,-2.43914],[29.49579,-2.44104],[29.49986,-2.44313],[29.50308,-2.44042],[29.50566,-2.44034],[29.50718,-2.44271],[29.50974,-2.44315],[29.51192,-2.44097],[29.51415,-2.44178],[29.51461,-2.43981],[29.51997,-2.43929],[29.52459,-2.4333],[29.53109,-2.43561],[29.53326,-2.43361],[29.53278,-2.42922],[29.53556,-2.42625],[29.53975,-2.42677],[29.54046,-2.42368],[29.54685,-2.42463],[29.54843,-2.42387],[29.55015,-2.41881],[29.55673,-2.41819],[29.56056,-2.41541],[29.56415,-2.41143],[29.56428,-2.40694],[29.56524,-2.40722],[29.56807,-2.3967],[29.57218,-2.39432],[29.57079,-2.39298],[29.56968,-2.386],[29.56563,-2.38038],[29.56507,-2.3767],[29.56383,-2.3773],[29.56337,-2.37285],[29.56211,-2.37246],[29.56072,-2.3747],[29.55937,-2.37331],[29.5561,-2.37447],[29.55499,-2.37672],[29.55155,-2.37747],[29.55013,-2.37973],[29.55086,-2.38252],[29.54871,-2.3829],[29.5479,-2.37585],[29.54567,-2.37233],[29.54419,-2.37137],[29.54289,-2.37237],[29.5391,-2.36973],[29.53683,-2.37107],[29.53496,-2.36556],[29.53061,-2.36092],[29.52604,-2.36086],[29.5252,-2.36395],[29.52189,-2.36612],[29.50395,-2.36735],[29.49907,-2.37154],[29.50074,-2.37422],[29.49831,-2.37636],[29.49849,-2.38396],[29.50037,-2.38931],[29.49825,-2.39136],[29.50046,-2.39285],[29.49733,-2.39435],[29.50067,-2.39625],[29.49931,-2.39749],[29.50019,-2.39902]]]}},{"type":"Feature","properties":{"d":"Nyamagabe","s":"Kitabi"},"geometry":{"type":"Polygon","coordinates":[[[29.47403,-2.59021],[29.47574,-2.58747],[29.48054,-2.58454],[29.48316,-2.58591],[29.48634,-2.58319],[29.47967,-2.57305],[29.48456,-2.56886],[29.49185,-2.56871],[29.4923,-2.56397],[29.49463,-2.56051],[29.48991,-2.55993],[29.48775,-2.55481],[29.47717,-2.54763],[29.47456,-2.54828],[29.47367,-2.5502],[29.47006,-2.54906],[29.46753,-2.54642],[29.47096,-2.54268],[29.47378,-2.54277],[29.47524,-2.54115],[29.4789,-2.54077],[29.48062,-2.53819],[29.48362,-2.53809],[29.48605,-2.53419],[29.48399,-2.53196],[29.48607,-2.5286],[29.48401,-2.52475],[29.48455,-2.52159],[29.47937,-2.51903],[29.48053,-2.51516],[29.4695,-2.51017],[29.46847,-2.49979],[29.46635,-2.49943],[29.45912,-2.50529],[29.45211,-2.50491],[29.44867,-2.51133],[29.44351,-2.50722],[29.43682,-2.50864],[29.4333,-2.50586],[29.43008,-2.50573],[29.4299,-2.51421],[29.42747,-2.5192],[29.42417,-2.52063],[29.42257,-2.51683],[29.41471,-2.51439],[29.40978,-2.51445],[29.40685,-2.51918],[29.40684,-2.5181],[29.40424,-2.5192],[29.40727,-2.52393],[29.40457,-2.52463],[29.40442,-2.5266],[29.40035,-2.5305],[29.39398,-2.52975],[29.38798,-2.53333],[29.38667,-2.53305],[29.38733,-2.53005],[29.38484,-2.53177],[29.38354,-2.53002],[29.38068,-2.53083],[29.38118,-2.52893],[29.37881,-2.52503],[29.37772,-2.52833],[29.37585,-2.52823],[29.37442,-2.52569],[29.37177,-2.52634],[29.3711,-2.52863],[29.36593,-2.5317],[29.36531,-2.52959],[29.35322,-2.52891],[29.34376,-2.52428],[29.33397,-2.52393],[29.33189,-2.52025],[29.32438,-2.51973],[29.32415,-2.5178],[29.32312,-2.51874],[29.32405,-2.5258],[29.32217,-2.5275],[29.32263,-2.52914],[29.31914,-2.53518],[29.31908,-2.53779],[29.32606,-2.53654],[29.32892,-2.53911],[29.33461,-2.53812],[29.33923,-2.54014],[29.34023,-2.54341],[29.33717,-2.54828],[29.33792,-2.55364],[29.33597,-2.55725],[29.33723,-2.55833],[29.34497,-2.5576],[29.34692,-2.55941],[29.34468,-2.56332],[29.34692,-2.56535],[29.34426,-2.5708],[29.34544,-2.5754],[29.34904,-2.57731],[29.36113,-2.56993],[29.36197,-2.56265],[29.36327,-2.56116],[29.36315,-2.55477],[29.37425,-2.55392],[29.3801,-2.5581],[29.39083,-2.55319],[29.39893,-2.55369],[29.39925,-2.55596],[29.40207,-2.55766],[29.40804,-2.55851],[29.41314,-2.55606],[29.42228,-2.5596],[29.42452,-2.56985],[29.42835,-2.5707],[29.42835,-2.57729],[29.43097,-2.57883],[29.43365,-2.57652],[29.43609,-2.58107],[29.44337,-2.58159],[29.44458,-2.58859],[29.44344,-2.59061],[29.44584,-2.59489],[29.45164,-2.59983],[29.45901,-2.59894],[29.4596,-2.5906],[29.46172,-2.58773],[29.46421,-2.58707],[29.46602,-2.5887],[29.46837,-2.58669],[29.47121,-2.58666],[29.47317,-2.58731],[29.47403,-2.59021]]]}},{"type":"Feature","properties":{"d":"Nyamagabe","s":"Mbazi"},"geometry":{"type":"Polygon","coordinates":[[[29.58197,-2.33422],[29.57971,-2.33445],[29.5762,-2.33986],[29.57413,-2.33942],[29.57237,-2.34243],[29.56911,-2.34225],[29.56731,-2.34417],[29.56257,-2.3528],[29.56354,-2.35476],[29.56068,-2.36109],[29.55897,-2.3624],[29.55565,-2.3612],[29.55349,-2.36324],[29.55361,-2.3659],[29.55675,-2.36599],[29.55516,-2.36697],[29.55449,-2.36998],[29.55903,-2.37107],[29.55937,-2.37331],[29.56072,-2.3747],[29.56211,-2.37246],[29.56337,-2.37285],[29.56383,-2.3773],[29.56507,-2.3767],[29.56563,-2.38038],[29.56968,-2.386],[29.57079,-2.39298],[29.57521,-2.39322],[29.57841,-2.3951],[29.57789,-2.39727],[29.57972,-2.39785],[29.58209,-2.40248],[29.58357,-2.41215],[29.58973,-2.41605],[29.59324,-2.4089],[29.60417,-2.39736],[29.60116,-2.39554],[29.60411,-2.39264],[29.6097,-2.39372],[29.61674,-2.39126],[29.62254,-2.3856],[29.62949,-2.38336],[29.63103,-2.38144],[29.62933,-2.37669],[29.62574,-2.37327],[29.62167,-2.36229],[29.62146,-2.35868],[29.62376,-2.35442],[29.61968,-2.35525],[29.61405,-2.36018],[29.61235,-2.36317],[29.61136,-2.36288],[29.6111,-2.36583],[29.60647,-2.36977],[29.60159,-2.37168],[29.5995,-2.37114],[29.59897,-2.36796],[29.59521,-2.36505],[29.59543,-2.36075],[29.59225,-2.35602],[29.58306,-2.34757],[29.58422,-2.34198],[29.58368,-2.33638],[29.58197,-2.33422]]]}},{"type":"Feature","properties":{"d":"Nyamagabe","s":"Mugano"},"geometry":{"type":"Polygon","coordinates":[[[29.55512,-2.2936],[29.55605,-2.29101],[29.55513,-2.28844],[29.55023,-2.28434],[29.55417,-2.28261],[29.55434,-2.28135],[29.54919,-2.27923],[29.54587,-2.27179],[29.53682,-2.25844],[29.55243,-2.25135],[29.5415,-2.24131],[29.54073,-2.23661],[29.53652,-2.23427],[29.5347,-2.23055],[29.53577,-2.22837],[29.53145,-2.22044],[29.53012,-2.22138],[29.5305,-2.22291],[29.5267,-2.22353],[29.52705,-2.22536],[29.52424,-2.22454],[29.52317,-2.22762],[29.51963,-2.22664],[29.51774,-2.22954],[29.51947,-2.23377],[29.51702,-2.23246],[29.51656,-2.23051],[29.51483,-2.23648],[29.51026,-2.23601],[29.50935,-2.23461],[29.50637,-2.2381],[29.50105,-2.2397],[29.49937,-2.24307],[29.49713,-2.24042],[29.49403,-2.24096],[29.49028,-2.24777],[29.49094,-2.24885],[29.48744,-2.25173],[29.48551,-2.25161],[29.48175,-2.25677],[29.47853,-2.25748],[29.47761,-2.25984],[29.47495,-2.26083],[29.4735,-2.26598],[29.47478,-2.26777],[29.47253,-2.27218],[29.47141,-2.27098],[29.46955,-2.27374],[29.46864,-2.27519],[29.47057,-2.27572],[29.46897,-2.27771],[29.46924,-2.28258],[29.46478,-2.28385],[29.46402,-2.28745],[29.46592,-2.28939],[29.46512,-2.29217],[29.46613,-2.29438],[29.47199,-2.30103],[29.4698,-2.30409],[29.47395,-2.30625],[29.47814,-2.30703],[29.47998,-2.30999],[29.48861,-2.31565],[29.49136,-2.31446],[29.49869,-2.31885],[29.50158,-2.32433],[29.50492,-2.32705],[29.50462,-2.33148],[29.50993,-2.33695],[29.51227,-2.33489],[29.51983,-2.33392],[29.52541,-2.32942],[29.52834,-2.32103],[29.5302,-2.32142],[29.53271,-2.31959],[29.53038,-2.30943],[29.54151,-2.30803],[29.54021,-2.29983],[29.54316,-2.29872],[29.54924,-2.29957],[29.55195,-2.29799],[29.5517,-2.29374],[29.55293,-2.29262],[29.55512,-2.2936]]]}},{"type":"Feature","properties":{"d":"Nyamagabe","s":"Musange"},"geometry":{"type":"Polygon","coordinates":[[[29.5955,-2.25721],[29.59351,-2.25499],[29.595,-2.25169],[29.5915,-2.25018],[29.58816,-2.2513],[29.58664,-2.24874],[29.58481,-2.24841],[29.58273,-2.24546],[29.58338,-2.24359],[29.58167,-2.24294],[29.58263,-2.24213],[29.57845,-2.23835],[29.58003,-2.23609],[29.57541,-2.23437],[29.57652,-2.23373],[29.57576,-2.22997],[29.57421,-2.22989],[29.56783,-2.22267],[29.56751,-2.22043],[29.56512,-2.21973],[29.56385,-2.2131],[29.5619,-2.21219],[29.56212,-2.20576],[29.56003,-2.2052],[29.55721,-2.19979],[29.55328,-2.2008],[29.55135,-2.19983],[29.55115,-2.20128],[29.55011,-2.20397],[29.54851,-2.20346],[29.54764,-2.20462],[29.54946,-2.20743],[29.54875,-2.20831],[29.54467,-2.20789],[29.54823,-2.21173],[29.54517,-2.21219],[29.54411,-2.21091],[29.5427,-2.21278],[29.54156,-2.21083],[29.53927,-2.21479],[29.53579,-2.2158],[29.53145,-2.22044],[29.53577,-2.22837],[29.5347,-2.23055],[29.53652,-2.23427],[29.54073,-2.23661],[29.5415,-2.24131],[29.55243,-2.25135],[29.53682,-2.25844],[29.54587,-2.27179],[29.54919,-2.27923],[29.55434,-2.28135],[29.55417,-2.28261],[29.55023,-2.28434],[29.55513,-2.28844],[29.55605,-2.29101],[29.55512,-2.2936],[29.55818,-2.29651],[29.5656,-2.29669],[29.56865,-2.31254],[29.56811,-2.31995],[29.57465,-2.32072],[29.58122,-2.31911],[29.58161,-2.32541],[29.58931,-2.33048],[29.59032,-2.32111],[29.59613,-2.31835],[29.59994,-2.3117],[29.60118,-2.31211],[29.61152,-2.30453],[29.61568,-2.29475],[29.61706,-2.28799],[29.61083,-2.28574],[29.60872,-2.28115],[29.60446,-2.27849],[29.60099,-2.26233],[29.59938,-2.2596],[29.59833,-2.26014],[29.5955,-2.25721]]]}},{"type":"Feature","properties":{"d":"Nyamagabe","s":"Musebeya"},"geometry":{"type":"Polygon","coordinates":[[[29.46343,-2.44713],[29.46823,-2.44765],[29.47264,-2.44609],[29.47458,-2.44139],[29.47684,-2.44063],[29.47808,-2.43632],[29.48158,-2.43471],[29.49166,-2.43664],[29.49202,-2.43848],[29.49353,-2.43743],[29.4961,-2.43914],[29.50083,-2.4358],[29.50621,-2.4288],[29.50567,-2.42347],[29.50167,-2.42241],[29.49811,-2.41268],[29.49924,-2.4053],[29.50504,-2.40302],[29.50381,-2.39979],[29.50019,-2.39902],[29.49627,-2.39562],[29.48831,-2.39627],[29.48249,-2.39237],[29.48086,-2.38783],[29.48148,-2.38595],[29.47976,-2.38584],[29.48076,-2.38439],[29.47898,-2.37938],[29.4772,-2.37872],[29.47639,-2.376],[29.47442,-2.37678],[29.47423,-2.36938],[29.47538,-2.36776],[29.47395,-2.36533],[29.47584,-2.3641],[29.47314,-2.358],[29.47462,-2.35493],[29.47362,-2.35546],[29.47087,-2.35261],[29.46824,-2.34624],[29.46888,-2.34496],[29.46659,-2.34362],[29.46586,-2.34075],[29.46033,-2.33925],[29.45582,-2.34351],[29.44962,-2.34666],[29.44946,-2.35109],[29.44579,-2.35092],[29.44178,-2.35271],[29.43992,-2.35127],[29.43536,-2.35395],[29.43573,-2.36203],[29.43751,-2.36481],[29.43634,-2.36743],[29.43775,-2.38647],[29.43478,-2.39259],[29.43539,-2.39456],[29.43783,-2.39454],[29.43814,-2.39824],[29.44212,-2.40039],[29.44187,-2.4061],[29.43951,-2.408],[29.44223,-2.41892],[29.44135,-2.42608],[29.44795,-2.42817],[29.45899,-2.42254],[29.45996,-2.42564],[29.46351,-2.42664],[29.46278,-2.43928],[29.46477,-2.44195],[29.46361,-2.44438],[29.46458,-2.44649],[29.46343,-2.44713]]]}},{"type":"Feature","properties":{"d":"Nyamagabe","s":"Mushubi"},"geometry":{"type":"Polygon","coordinates":[[[29.43536,-2.35395],[29.43992,-2.35127],[29.44178,-2.35271],[29.44579,-2.35092],[29.44946,-2.35109],[29.44962,-2.34666],[29.45582,-2.34351],[29.46033,-2.33925],[29.46586,-2.34075],[29.46682,-2.33922],[29.46596,-2.3345],[29.46723,-2.33253],[29.46499,-2.32758],[29.46827,-2.32105],[29.47106,-2.31938],[29.47001,-2.31666],[29.4716,-2.3119],[29.47316,-2.31141],[29.47395,-2.30625],[29.4698,-2.30409],[29.47199,-2.30103],[29.46613,-2.29438],[29.46512,-2.29217],[29.46592,-2.28939],[29.46402,-2.28745],[29.46478,-2.28385],[29.46924,-2.28258],[29.46897,-2.27771],[29.47057,-2.27572],[29.46864,-2.27519],[29.46955,-2.27374],[29.46746,-2.27186],[29.46115,-2.27183],[29.45873,-2.2675],[29.45366,-2.26959],[29.45238,-2.27163],[29.45066,-2.27056],[29.44773,-2.27134],[29.44905,-2.27345],[29.44616,-2.27319],[29.44145,-2.27588],[29.43643,-2.2791],[29.4329,-2.28879],[29.42713,-2.29368],[29.42317,-2.29977],[29.42262,-2.30345],[29.4251,-2.30743],[29.42409,-2.31395],[29.42617,-2.31836],[29.4238,-2.32242],[29.42843,-2.3318],[29.42808,-2.3334],[29.42931,-2.33913],[29.43442,-2.34539],[29.43267,-2.35105],[29.43601,-2.3531],[29.43536,-2.35395]]]}},{"type":"Feature","properties":{"d":"Nyamagabe","s":"Nkomane"},"geometry":{"type":"Polygon","coordinates":[[[29.42808,-2.3334],[29.42843,-2.3318],[29.4238,-2.32242],[29.42617,-2.31836],[29.42409,-2.31395],[29.4251,-2.30743],[29.42262,-2.30345],[29.42317,-2.29977],[29.42713,-2.29368],[29.4329,-2.28879],[29.43643,-2.2791],[29.44145,-2.27588],[29.44035,-2.27407],[29.43391,-2.27389],[29.42655,-2.2685],[29.4211,-2.26714],[29.41804,-2.27323],[29.41275,-2.27465],[29.40864,-2.27868],[29.40507,-2.2761],[29.40282,-2.27688],[29.38635,-2.29805],[29.38282,-2.29864],[29.384,-2.2964],[29.38131,-2.29041],[29.37459,-2.29037],[29.3711,-2.29325],[29.36795,-2.29094],[29.36402,-2.29319],[29.34747,-2.29175],[29.34415,-2.29257],[29.34394,-2.29519],[29.33732,-2.2997],[29.33179,-2.30665],[29.32806,-2.31575],[29.32576,-2.31591],[29.32319,-2.31691],[29.32062,-2.31998],[29.32134,-2.32286],[29.32458,-2.32443],[29.32581,-2.33091],[29.32826,-2.33438],[29.32675,-2.33677],[29.32728,-2.33965],[29.33374,-2.34702],[29.33754,-2.34825],[29.33788,-2.35286],[29.34304,-2.35691],[29.34794,-2.35499],[29.35554,-2.35833],[29.35787,-2.34679],[29.36432,-2.34602],[29.37085,-2.34848],[29.36951,-2.35086],[29.3702,-2.3562],[29.3692,-2.35808],[29.37473,-2.36092],[29.37695,-2.35935],[29.37801,-2.35469],[29.38422,-2.35325],[29.38762,-2.35474],[29.3901,-2.35422],[29.39521,-2.35902],[29.39926,-2.3599],[29.40339,-2.35543],[29.40776,-2.35556],[29.40654,-2.35315],[29.40819,-2.34783],[29.41057,-2.34664],[29.41349,-2.34818],[29.42081,-2.34609],[29.42104,-2.34272],[29.42401,-2.3383],[29.42393,-2.33456],[29.42808,-2.3334]]]}},{"type":"Feature","properties":{"d":"Nyamagabe","s":"Tare"},"geometry":{"type":"Polygon","coordinates":[[[29.54044,-2.53248],[29.54853,-2.53012],[29.54849,-2.5277],[29.55108,-2.52754],[29.55112,-2.52514],[29.54922,-2.52453],[29.54221,-2.51464],[29.53566,-2.51064],[29.53175,-2.50323],[29.52479,-2.49843],[29.52409,-2.49542],[29.52236,-2.49465],[29.51848,-2.49517],[29.51684,-2.48999],[29.51417,-2.48721],[29.50963,-2.48744],[29.50714,-2.48526],[29.50342,-2.48933],[29.49963,-2.4899],[29.49676,-2.48695],[29.49604,-2.48927],[29.49078,-2.4899],[29.4867,-2.49407],[29.48194,-2.49402],[29.4807,-2.49588],[29.47327,-2.49702],[29.46847,-2.49979],[29.4695,-2.51017],[29.48053,-2.51516],[29.47937,-2.51903],[29.48455,-2.52159],[29.48401,-2.52475],[29.48607,-2.5286],[29.48399,-2.53196],[29.48605,-2.53419],[29.48362,-2.53809],[29.48062,-2.53819],[29.4789,-2.54077],[29.47524,-2.54115],[29.47378,-2.54277],[29.47096,-2.54268],[29.46753,-2.54642],[29.47006,-2.54906],[29.47367,-2.5502],[29.47456,-2.54828],[29.47717,-2.54763],[29.48775,-2.55481],[29.48991,-2.55993],[29.49463,-2.56051],[29.4982,-2.55904],[29.49996,-2.55593],[29.50476,-2.55568],[29.51258,-2.55157],[29.51883,-2.5521],[29.52037,-2.54601],[29.52283,-2.545],[29.52642,-2.54589],[29.52696,-2.54389],[29.53116,-2.54212],[29.53144,-2.53701],[29.5329,-2.53684],[29.53414,-2.5336],[29.54044,-2.53248]]]}},{"type":"Feature","properties":{"d":"Nyamagabe","s":"Uwinkingi"},"geometry":{"type":"Polygon","coordinates":[[[29.29087,-2.49113],[29.29214,-2.49335],[29.2997,-2.49508],[29.30106,-2.49326],[29.30716,-2.4929],[29.3108,-2.49854],[29.32254,-2.50755],[29.32318,-2.51392],[29.32152,-2.51721],[29.32415,-2.5178],[29.32438,-2.51973],[29.33189,-2.52025],[29.33397,-2.52393],[29.34376,-2.52428],[29.35322,-2.52891],[29.36531,-2.52959],[29.36593,-2.5317],[29.3711,-2.52863],[29.37177,-2.52634],[29.37442,-2.52569],[29.37585,-2.52823],[29.37772,-2.52833],[29.37881,-2.52503],[29.38118,-2.52893],[29.38068,-2.53083],[29.38354,-2.53002],[29.38484,-2.53177],[29.38733,-2.53005],[29.38667,-2.53305],[29.38798,-2.53333],[29.39398,-2.52975],[29.40035,-2.5305],[29.40442,-2.5266],[29.40457,-2.52463],[29.40727,-2.52393],[29.40424,-2.5192],[29.40684,-2.5181],[29.40685,-2.51918],[29.40978,-2.51445],[29.41471,-2.51439],[29.42257,-2.51683],[29.42417,-2.52063],[29.42747,-2.5192],[29.4299,-2.51421],[29.43008,-2.50573],[29.4333,-2.50586],[29.43682,-2.50864],[29.44351,-2.50722],[29.44867,-2.51133],[29.45211,-2.50491],[29.45912,-2.50529],[29.46635,-2.49943],[29.46847,-2.49979],[29.47327,-2.49702],[29.4807,-2.49588],[29.48194,-2.49402],[29.4867,-2.49407],[29.49078,-2.4899],[29.49604,-2.48927],[29.49676,-2.48695],[29.49963,-2.4899],[29.50342,-2.48933],[29.50714,-2.48526],[29.50665,-2.47782],[29.50119,-2.47171],[29.4936,-2.47232],[29.48872,-2.47517],[29.48228,-2.47641],[29.47706,-2.47563],[29.47705,-2.471],[29.47951,-2.46476],[29.47804,-2.46312],[29.48088,-2.4581],[29.47876,-2.45659],[29.47486,-2.45669],[29.47461,-2.45371],[29.469,-2.45046],[29.46823,-2.44765],[29.46343,-2.44713],[29.46216,-2.44778],[29.46245,-2.45132],[29.45689,-2.45421],[29.44454,-2.4543],[29.44182,-2.45642],[29.44005,-2.45613],[29.43855,-2.45856],[29.43243,-2.46041],[29.43141,-2.46384],[29.42901,-2.46594],[29.42946,-2.46795],[29.42671,-2.47053],[29.42674,-2.47347],[29.42272,-2.4728],[29.42121,-2.47646],[29.4187,-2.4781],[29.41951,-2.48387],[29.41664,-2.48511],[29.41568,-2.48761],[29.41183,-2.48543],[29.40727,-2.48832],[29.40461,-2.48636],[29.40357,-2.48762],[29.39903,-2.48632],[29.39694,-2.4898],[29.39495,-2.49044],[29.38977,-2.4896],[29.38973,-2.48831],[29.384,-2.4864],[29.37467,-2.4883],[29.37303,-2.48606],[29.3692,-2.48802],[29.36306,-2.48784],[29.36277,-2.48971],[29.35831,-2.48835],[29.35667,-2.48908],[29.35622,-2.49235],[29.35231,-2.49253],[29.35076,-2.49481],[29.34484,-2.49654],[29.33883,-2.49308],[29.33447,-2.49181],[29.33374,-2.49281],[29.33101,-2.4898],[29.32664,-2.48853],[29.32291,-2.48025],[29.31918,-2.48198],[29.3149,-2.48143],[29.30871,-2.48307],[29.30534,-2.48198],[29.29296,-2.48325],[29.29087,-2.49113]]]}},{"type":"Feature","properties":{"d":"Ruhango","s":"Bweramana"},"geometry":{"type":"Polygon","coordinates":[[[29.67989,-2.27279],[29.6811,-2.27116],[29.68632,-2.26983],[29.68725,-2.27195],[29.68918,-2.27194],[29.69405,-2.2698],[29.69556,-2.2676],[29.69583,-2.26348],[29.69355,-2.25588],[29.69468,-2.25184],[29.69346,-2.24522],[29.69986,-2.24584],[29.70302,-2.24778],[29.70955,-2.24755],[29.71168,-2.24715],[29.71052,-2.2426],[29.71351,-2.24172],[29.72336,-2.24718],[29.73358,-2.24621],[29.73727,-2.24797],[29.73935,-2.24637],[29.74149,-2.24043],[29.74922,-2.24556],[29.75728,-2.2442],[29.75862,-2.23762],[29.76396,-2.23301],[29.7593,-2.22863],[29.75802,-2.22459],[29.74653,-2.22604],[29.73522,-2.22103],[29.73698,-2.20466],[29.73813,-2.20088],[29.74199,-2.19649],[29.74265,-2.18595],[29.73767,-2.1836],[29.72873,-2.1838],[29.72518,-2.18829],[29.71834,-2.18864],[29.70887,-2.19176],[29.7081,-2.19747],[29.70483,-2.19707],[29.70036,-2.1992],[29.70025,-2.20185],[29.69703,-2.20398],[29.69504,-2.2077],[29.68907,-2.19787],[29.68132,-2.19389],[29.68087,-2.19572],[29.6786,-2.19614],[29.6759,-2.20254],[29.67722,-2.21043],[29.68167,-2.21755],[29.68192,-2.23215],[29.67637,-2.23761],[29.67312,-2.23794],[29.66987,-2.23617],[29.66483,-2.22797],[29.65652,-2.22779],[29.66088,-2.24013],[29.66086,-2.24395],[29.65934,-2.24429],[29.65797,-2.25127],[29.65918,-2.25085],[29.65984,-2.25274],[29.66473,-2.25598],[29.66515,-2.2582],[29.67513,-2.26655],[29.67989,-2.27279]]]}},{"type":"Feature","properties":{"d":"Ruhango","s":"Byimana"},"geometry":{"type":"Polygon","coordinates":[[[29.74265,-2.18595],[29.75381,-2.18789],[29.75659,-2.18616],[29.75868,-2.18165],[29.76632,-2.17874],[29.77429,-2.18201],[29.78389,-2.18074],[29.78746,-2.1846],[29.7927,-2.183],[29.80878,-2.18491],[29.80227,-2.1743],[29.80143,-2.16329],[29.79798,-2.16292],[29.79288,-2.15844],[29.7947,-2.15505],[29.801,-2.15053],[29.79109,-2.14546],[29.78914,-2.14594],[29.78759,-2.14388],[29.77915,-2.14523],[29.77372,-2.14385],[29.76889,-2.13987],[29.76644,-2.13521],[29.75749,-2.13073],[29.75032,-2.12957],[29.73944,-2.1219],[29.73777,-2.11812],[29.7335,-2.11833],[29.72521,-2.11182],[29.72344,-2.11297],[29.71964,-2.11187],[29.71437,-2.1126],[29.71344,-2.11145],[29.70749,-2.11425],[29.7053,-2.11376],[29.6991,-2.11474],[29.69523,-2.1195],[29.70435,-2.12616],[29.70577,-2.13271],[29.70524,-2.13583],[29.69941,-2.13794],[29.70125,-2.14224],[29.69946,-2.14485],[29.70893,-2.14452],[29.7104,-2.14835],[29.7083,-2.15438],[29.71803,-2.16094],[29.71505,-2.16732],[29.71352,-2.17538],[29.71441,-2.18093],[29.71834,-2.18864],[29.72518,-2.18829],[29.72873,-2.1838],[29.73767,-2.1836],[29.74265,-2.18595]]]}},{"type":"Feature","properties":{"d":"Ruhango","s":"Kabagali"},"geometry":{"type":"Polygon","coordinates":[[[29.65797,-2.25127],[29.65934,-2.24429],[29.66086,-2.24395],[29.66088,-2.24013],[29.65652,-2.22779],[29.64935,-2.21568],[29.64269,-2.20764],[29.6405,-2.20119],[29.63338,-2.19499],[29.6274,-2.19475],[29.62652,-2.19247],[29.62182,-2.19353],[29.61928,-2.19176],[29.61507,-2.19349],[29.61555,-2.18948],[29.61313,-2.18868],[29.61232,-2.18598],[29.60817,-2.18169],[29.60533,-2.18522],[29.60628,-2.18785],[29.60324,-2.19105],[29.59838,-2.19048],[29.5959,-2.18864],[29.59311,-2.19121],[29.58973,-2.19203],[29.5901,-2.19467],[29.58701,-2.19363],[29.58524,-2.19702],[29.58663,-2.19912],[29.58516,-2.20191],[29.58025,-2.19754],[29.5784,-2.19912],[29.57698,-2.19723],[29.57284,-2.20357],[29.56212,-2.20576],[29.5619,-2.21219],[29.56385,-2.2131],[29.56512,-2.21973],[29.56751,-2.22043],[29.56783,-2.22267],[29.57421,-2.22989],[29.57576,-2.22997],[29.57652,-2.23373],[29.57541,-2.23437],[29.58003,-2.23609],[29.57845,-2.23835],[29.58263,-2.24213],[29.58167,-2.24294],[29.58338,-2.24359],[29.58273,-2.24546],[29.58481,-2.24841],[29.58664,-2.24874],[29.58816,-2.2513],[29.5915,-2.25018],[29.595,-2.25169],[29.59351,-2.25499],[29.5955,-2.25721],[29.60108,-2.25286],[29.60566,-2.2548],[29.61,-2.25325],[29.62073,-2.2578],[29.62325,-2.26211],[29.62984,-2.26328],[29.63376,-2.26072],[29.63572,-2.25234],[29.63914,-2.25178],[29.64324,-2.25329],[29.64322,-2.25633],[29.6459,-2.25794],[29.64702,-2.26195],[29.64779,-2.26044],[29.64911,-2.2612],[29.65239,-2.25941],[29.65797,-2.25127]]]}},{"type":"Feature","properties":{"d":"Ruhango","s":"Kinazi"},"geometry":{"type":"Polygon","coordinates":[[[29.98355,-2.23274],[29.98385,-2.23009],[29.98636,-2.22792],[29.98791,-2.22252],[29.98976,-2.22089],[29.99046,-2.21651],[29.99013,-2.21047],[29.98826,-2.2084],[29.98867,-2.20203],[29.98491,-2.20063],[29.98338,-2.20254],[29.96383,-2.20206],[29.95934,-2.19927],[29.92881,-2.15191],[29.92643,-2.14074],[29.90631,-2.13564],[29.89919,-2.1293],[29.89831,-2.12666],[29.89347,-2.12429],[29.88866,-2.12924],[29.88941,-2.13295],[29.88673,-2.13672],[29.88689,-2.14312],[29.88535,-2.14716],[29.88372,-2.14792],[29.88391,-2.14974],[29.88094,-2.1526],[29.87816,-2.15172],[29.87709,-2.15366],[29.87249,-2.1544],[29.86767,-2.15831],[29.86777,-2.16199],[29.86287,-2.16598],[29.86237,-2.17297],[29.85795,-2.17372],[29.85762,-2.17653],[29.8554,-2.17866],[29.85839,-2.18211],[29.86058,-2.18967],[29.86743,-2.19592],[29.86888,-2.20195],[29.88313,-2.20685],[29.89489,-2.19718],[29.89708,-2.19673],[29.90265,-2.20107],[29.90838,-2.20907],[29.91711,-2.21566],[29.92246,-2.2286],[29.93027,-2.23464],[29.9459,-2.23166],[29.95245,-2.23358],[29.96318,-2.23188],[29.97277,-2.23567],[29.98355,-2.23274]]]}},{"type":"Feature","properties":{"d":"Ruhango","s":"Kinihira"},"geometry":{"type":"Polygon","coordinates":[[[29.68132,-2.19389],[29.67741,-2.18516],[29.67602,-2.1746],[29.6724,-2.16733],[29.66623,-2.16316],[29.66327,-2.15813],[29.6575,-2.15289],[29.65698,-2.15027],[29.64942,-2.15625],[29.64543,-2.15405],[29.64529,-2.15273],[29.64294,-2.15292],[29.64402,-2.1523],[29.64284,-2.15178],[29.64344,-2.15042],[29.63906,-2.14739],[29.63951,-2.14455],[29.63731,-2.14229],[29.63511,-2.14319],[29.63641,-2.13927],[29.63543,-2.13746],[29.63135,-2.133],[29.62736,-2.13235],[29.62883,-2.1302],[29.62654,-2.1295],[29.62544,-2.12601],[29.62326,-2.12669],[29.62056,-2.12438],[29.61885,-2.12476],[29.61859,-2.12238],[29.61821,-2.12041],[29.61498,-2.12143],[29.61261,-2.11656],[29.61048,-2.11832],[29.61041,-2.12181],[29.60789,-2.12351],[29.60832,-2.12502],[29.60609,-2.12639],[29.6082,-2.12867],[29.59904,-2.13685],[29.5975,-2.13943],[29.59787,-2.14418],[29.59951,-2.14464],[29.59612,-2.14665],[29.59455,-2.15112],[29.59911,-2.15112],[29.59987,-2.15574],[29.60236,-2.15643],[29.60378,-2.15499],[29.60443,-2.15827],[29.60633,-2.1582],[29.60582,-2.16252],[29.60402,-2.16426],[29.60527,-2.17009],[29.60921,-2.17225],[29.60976,-2.17635],[29.60817,-2.18169],[29.61232,-2.18598],[29.61313,-2.18868],[29.61555,-2.18948],[29.61507,-2.19349],[29.61928,-2.19176],[29.62182,-2.19353],[29.62652,-2.19247],[29.6274,-2.19475],[29.63338,-2.19499],[29.6405,-2.20119],[29.64269,-2.20764],[29.64935,-2.21568],[29.65652,-2.22779],[29.66483,-2.22797],[29.66987,-2.23617],[29.67312,-2.23794],[29.67637,-2.23761],[29.68192,-2.23215],[29.68167,-2.21755],[29.67722,-2.21043],[29.6759,-2.20254],[29.6786,-2.19614],[29.68087,-2.19572],[29.68132,-2.19389]]]}},{"type":"Feature","properties":{"d":"Ruhango","s":"Mbuye"},"geometry":{"type":"Polygon","coordinates":[[[29.80878,-2.18491],[29.8115,-2.18457],[29.81383,-2.18642],[29.8189,-2.18693],[29.82166,-2.18952],[29.8247,-2.18973],[29.83213,-2.19704],[29.84299,-2.20296],[29.84523,-2.20285],[29.84994,-2.19721],[29.84886,-2.18971],[29.85053,-2.18387],[29.8554,-2.17866],[29.85762,-2.17653],[29.85795,-2.17372],[29.86237,-2.17297],[29.86287,-2.16598],[29.86777,-2.16199],[29.86767,-2.15831],[29.87249,-2.1544],[29.87709,-2.15366],[29.87816,-2.15172],[29.88094,-2.1526],[29.88391,-2.14974],[29.88372,-2.14792],[29.88535,-2.14716],[29.88689,-2.14312],[29.88673,-2.13672],[29.88941,-2.13295],[29.88866,-2.12924],[29.89347,-2.12429],[29.89173,-2.11717],[29.88815,-2.11359],[29.88736,-2.10976],[29.88876,-2.10632],[29.8872,-2.1014],[29.88552,-2.10053],[29.86873,-2.10651],[29.86463,-2.1057],[29.85715,-2.10771],[29.85532,-2.10673],[29.84176,-2.11252],[29.82267,-2.1116],[29.81875,-2.11298],[29.81427,-2.11124],[29.80777,-2.11134],[29.80444,-2.11193],[29.80374,-2.11393],[29.80332,-2.11558],[29.80675,-2.11918],[29.80763,-2.12301],[29.80345,-2.12423],[29.80027,-2.12787],[29.79181,-2.1277],[29.79294,-2.13234],[29.79618,-2.13643],[29.79102,-2.14099],[29.79109,-2.14546],[29.801,-2.15053],[29.7947,-2.15505],[29.79288,-2.15844],[29.79798,-2.16292],[29.80143,-2.16329],[29.80227,-2.1743],[29.80878,-2.18491]]]}},{"type":"Feature","properties":{"d":"Ruhango","s":"Mwendo"},"geometry":{"type":"Polygon","coordinates":[[[29.71834,-2.18864],[29.71441,-2.18093],[29.71352,-2.17538],[29.71505,-2.16732],[29.71803,-2.16094],[29.7083,-2.15438],[29.7104,-2.14835],[29.70893,-2.14452],[29.69946,-2.14485],[29.70125,-2.14224],[29.69941,-2.13794],[29.70524,-2.13583],[29.70577,-2.13271],[29.70435,-2.12616],[29.69523,-2.1195],[29.69036,-2.11979],[29.68796,-2.12145],[29.68548,-2.12049],[29.68128,-2.11323],[29.68347,-2.1124],[29.68154,-2.11044],[29.68236,-2.1069],[29.67931,-2.10591],[29.6794,-2.10456],[29.67773,-2.10454],[29.67754,-2.10592],[29.67244,-2.10433],[29.67007,-2.10734],[29.66962,-2.1061],[29.66539,-2.10594],[29.66613,-2.11981],[29.65887,-2.1193],[29.65198,-2.11243],[29.65184,-2.11522],[29.64883,-2.11864],[29.64238,-2.11939],[29.63234,-2.11742],[29.62965,-2.11906],[29.62614,-2.11852],[29.61859,-2.12238],[29.61885,-2.12476],[29.62056,-2.12438],[29.62326,-2.12669],[29.62544,-2.12601],[29.62654,-2.1295],[29.62883,-2.1302],[29.62736,-2.13235],[29.63135,-2.133],[29.63543,-2.13746],[29.63641,-2.13927],[29.63511,-2.14319],[29.63731,-2.14229],[29.63951,-2.14455],[29.63906,-2.14739],[29.64344,-2.15042],[29.64284,-2.15178],[29.64402,-2.1523],[29.64294,-2.15292],[29.64529,-2.15273],[29.64543,-2.15405],[29.64942,-2.15625],[29.65698,-2.15027],[29.6575,-2.15289],[29.66327,-2.15813],[29.66623,-2.16316],[29.6724,-2.16733],[29.67602,-2.1746],[29.67741,-2.18516],[29.68132,-2.19389],[29.68907,-2.19787],[29.69504,-2.2077],[29.69703,-2.20398],[29.70025,-2.20185],[29.70036,-2.1992],[29.70483,-2.19707],[29.7081,-2.19747],[29.70887,-2.19176],[29.71834,-2.18864]]]}},{"type":"Feature","properties":{"d":"Ruhango","s":"Ntongwe"},"geometry":{"type":"Polygon","coordinates":[[[29.93027,-2.23464],[29.92246,-2.2286],[29.91711,-2.21566],[29.90838,-2.20907],[29.90265,-2.20107],[29.89708,-2.19673],[29.89489,-2.19718],[29.88313,-2.20685],[29.86888,-2.20195],[29.86743,-2.19592],[29.86058,-2.18967],[29.85839,-2.18211],[29.8554,-2.17866],[29.85053,-2.18387],[29.84886,-2.18971],[29.84994,-2.19721],[29.84523,-2.20285],[29.84129,-2.20701],[29.84488,-2.21839],[29.84399,-2.22194],[29.84102,-2.2241],[29.84041,-2.22791],[29.84232,-2.23287],[29.84268,-2.24027],[29.84708,-2.24873],[29.84612,-2.25174],[29.83913,-2.24757],[29.83276,-2.25008],[29.8321,-2.25421],[29.83785,-2.27402],[29.83959,-2.27918],[29.84413,-2.28343],[29.8507,-2.28291],[29.85366,-2.28646],[29.86519,-2.28391],[29.87089,-2.27921],[29.88612,-2.27728],[29.89124,-2.28077],[29.90262,-2.28162],[29.90676,-2.28406],[29.90846,-2.28413],[29.91594,-2.27809],[29.91214,-2.27294],[29.91108,-2.26581],[29.90641,-2.25919],[29.90722,-2.24938],[29.90462,-2.24629],[29.89887,-2.24668],[29.90124,-2.23674],[29.90287,-2.23411],[29.91047,-2.23255],[29.92232,-2.23994],[29.93027,-2.23464]]]}},{"type":"Feature","properties":{"d":"Ruhango","s":"Ruhango"},"geometry":{"type":"Polygon","coordinates":[[[29.83785,-2.27402],[29.8321,-2.25421],[29.83276,-2.25008],[29.83913,-2.24757],[29.84612,-2.25174],[29.84708,-2.24873],[29.84268,-2.24027],[29.84232,-2.23287],[29.84041,-2.22791],[29.84102,-2.2241],[29.84399,-2.22194],[29.84488,-2.21839],[29.84129,-2.20701],[29.84523,-2.20285],[29.84299,-2.20296],[29.83213,-2.19704],[29.8247,-2.18973],[29.82166,-2.18952],[29.8189,-2.18693],[29.81383,-2.18642],[29.8115,-2.18457],[29.80878,-2.18491],[29.7927,-2.183],[29.78746,-2.1846],[29.78389,-2.18074],[29.77429,-2.18201],[29.76632,-2.17874],[29.75868,-2.18165],[29.75659,-2.18616],[29.75381,-2.18789],[29.74265,-2.18595],[29.74199,-2.19649],[29.73813,-2.20088],[29.73698,-2.20466],[29.73522,-2.22103],[29.74653,-2.22604],[29.75802,-2.22459],[29.7593,-2.22863],[29.76396,-2.23301],[29.75862,-2.23762],[29.75728,-2.2442],[29.74922,-2.24556],[29.753,-2.25805],[29.7708,-2.26895],[29.77956,-2.27973],[29.79373,-2.28107],[29.7988,-2.27387],[29.79785,-2.26984],[29.80037,-2.26424],[29.80645,-2.26133],[29.81298,-2.26318],[29.81853,-2.25937],[29.82715,-2.26269],[29.83177,-2.27067],[29.83785,-2.27402]]]}},{"type":"Feature","properties":{"d":"Muhanga","s":"Cyeza"},"geometry":{"type":"Polygon","coordinates":[[[29.81191,-2.01146],[29.80759,-2.01141],[29.80536,-2.00843],[29.80373,-2.00215],[29.79716,-1.99865],[29.79706,-1.99557],[29.7992,-1.99314],[29.79809,-1.98482],[29.80065,-1.98202],[29.80018,-1.97933],[29.80146,-1.97724],[29.79671,-1.96312],[29.79303,-1.96133],[29.79054,-1.95692],[29.79112,-1.95365],[29.78485,-1.95885],[29.78296,-1.96402],[29.78007,-1.9629],[29.77717,-1.96368],[29.77277,-1.96763],[29.76665,-1.96969],[29.76798,-1.97176],[29.76403,-1.97617],[29.76331,-1.9794],[29.74991,-1.98821],[29.74827,-1.99122],[29.74374,-1.99426],[29.73794,-1.9964],[29.74025,-1.99913],[29.74627,-2.00164],[29.75266,-2.00063],[29.75378,-2.00386],[29.76296,-2.01124],[29.75861,-2.01773],[29.75964,-2.02162],[29.75877,-2.02669],[29.76036,-2.0267],[29.7621,-2.03034],[29.75894,-2.03502],[29.75693,-2.04858],[29.75666,-2.05661],[29.75868,-2.05984],[29.76556,-2.06677],[29.77227,-2.06958],[29.77676,-2.07592],[29.77939,-2.07746],[29.78697,-2.06763],[29.78988,-2.0673],[29.78807,-2.06549],[29.78919,-2.06294],[29.79473,-2.062],[29.79599,-2.06341],[29.80339,-2.05751],[29.80994,-2.06213],[29.81517,-2.05977],[29.80911,-2.05468],[29.80765,-2.0482],[29.80514,-2.04629],[29.8078,-2.04302],[29.80752,-2.0388],[29.80423,-2.03739],[29.80457,-2.03585],[29.79702,-2.03956],[29.79024,-2.03114],[29.79476,-2.0285],[29.79742,-2.02277],[29.80109,-2.0198],[29.8102,-2.01802],[29.81191,-2.01146]]]}},{"type":"Feature","properties":{"d":"Muhanga","s":"Kabacuzi"},"geometry":{"type":"Polygon","coordinates":[[[29.79112,-1.95365],[29.79186,-1.94694],[29.79079,-1.94007],[29.79299,-1.93175],[29.78934,-1.91782],[29.78535,-1.91711],[29.78414,-1.91316],[29.78717,-1.91122],[29.78712,-1.90755],[29.78385,-1.90771],[29.78019,-1.91076],[29.77904,-1.90962],[29.77576,-1.91037],[29.77405,-1.90814],[29.76916,-1.90801],[29.76799,-1.906],[29.76463,-1.90747],[29.7627,-1.90641],[29.75988,-1.90815],[29.75707,-1.90544],[29.75006,-1.90469],[29.74662,-1.90261],[29.74214,-1.90489],[29.73624,-1.90407],[29.73121,-1.90543],[29.73318,-1.91651],[29.72597,-1.9141],[29.72036,-1.91698],[29.71388,-1.91631],[29.71157,-1.9273],[29.70767,-1.93464],[29.70914,-1.94003],[29.70758,-1.94464],[29.7035,-1.95182],[29.70354,-1.95466],[29.70069,-1.95602],[29.69773,-1.9631],[29.69944,-1.97184],[29.69558,-1.97078],[29.70513,-1.98587],[29.70574,-1.99297],[29.70652,-1.9961],[29.7119,-1.99436],[29.71221,-1.99621],[29.71691,-1.99076],[29.72508,-1.98844],[29.72757,-1.9863],[29.73188,-1.98582],[29.73715,-1.98272],[29.73632,-1.98648],[29.73769,-1.99063],[29.73633,-1.99189],[29.73794,-1.9964],[29.74374,-1.99426],[29.74827,-1.99122],[29.74991,-1.98821],[29.76331,-1.9794],[29.76403,-1.97617],[29.76798,-1.97176],[29.76665,-1.96969],[29.77277,-1.96763],[29.77717,-1.96368],[29.78007,-1.9629],[29.78296,-1.96402],[29.78485,-1.95885],[29.79112,-1.95365]]]}},{"type":"Feature","properties":{"d":"Muhanga","s":"Kibangu"},"geometry":{"type":"Polygon","coordinates":[[[29.70981,-1.81534],[29.70103,-1.81797],[29.69486,-1.81745],[29.69315,-1.81883],[29.69068,-1.81784],[29.68507,-1.81958],[29.68256,-1.81875],[29.68024,-1.81293],[29.67299,-1.81368],[29.66898,-1.81585],[29.66868,-1.81765],[29.67083,-1.81745],[29.67231,-1.82264],[29.6648,-1.83081],[29.66688,-1.83598],[29.66433,-1.84332],[29.66579,-1.85023],[29.66381,-1.85302],[29.66485,-1.85812],[29.66332,-1.8613],[29.66522,-1.86259],[29.66534,-1.86484],[29.66808,-1.8661],[29.66763,-1.86952],[29.67115,-1.87565],[29.67117,-1.87987],[29.66894,-1.88405],[29.67113,-1.88624],[29.67287,-1.89393],[29.67517,-1.89627],[29.67329,-1.9003],[29.6778,-1.90414],[29.68215,-1.90349],[29.68133,-1.90218],[29.68242,-1.90141],[29.68844,-1.90275],[29.69264,-1.90556],[29.69508,-1.90447],[29.69649,-1.90537],[29.70026,-1.90276],[29.70454,-1.89379],[29.71536,-1.89009],[29.71367,-1.88673],[29.71784,-1.88133],[29.71799,-1.87746],[29.72103,-1.87312],[29.7208,-1.8713],[29.71819,-1.87243],[29.71644,-1.87089],[29.71387,-1.86069],[29.71674,-1.85355],[29.71844,-1.85373],[29.72056,-1.85134],[29.72189,-1.85189],[29.72245,-1.84936],[29.72467,-1.84813],[29.72133,-1.84605],[29.72224,-1.84416],[29.71933,-1.84261],[29.71953,-1.83803],[29.71503,-1.83763],[29.71331,-1.8351],[29.7092,-1.83551],[29.70697,-1.82833],[29.70453,-1.82688],[29.70981,-1.81534]]]}},{"type":"Feature","properties":{"d":"Muhanga","s":"Kiyumba"},"geometry":{"type":"Polygon","coordinates":[[[29.78712,-1.90755],[29.79382,-1.89999],[29.79459,-1.89482],[29.79697,-1.89352],[29.79881,-1.88942],[29.79818,-1.88754],[29.80123,-1.88716],[29.80121,-1.88379],[29.80299,-1.88306],[29.80212,-1.88182],[29.80502,-1.8787],[29.80486,-1.87699],[29.80798,-1.87576],[29.80866,-1.87188],[29.81139,-1.87121],[29.81043,-1.86705],[29.81129,-1.86311],[29.81286,-1.86274],[29.81205,-1.85776],[29.81745,-1.85291],[29.81646,-1.85139],[29.81125,-1.85254],[29.80375,-1.8519],[29.79807,-1.84893],[29.7964,-1.84618],[29.78764,-1.84586],[29.7836,-1.84345],[29.77515,-1.84447],[29.77304,-1.84249],[29.76941,-1.84242],[29.76594,-1.84022],[29.76182,-1.84068],[29.7627,-1.84917],[29.75957,-1.85163],[29.75698,-1.85903],[29.75566,-1.85904],[29.75253,-1.86408],[29.74978,-1.86065],[29.74778,-1.86247],[29.74331,-1.86278],[29.73513,-1.86097],[29.73238,-1.85873],[29.72934,-1.85919],[29.72394,-1.86564],[29.7197,-1.86384],[29.71921,-1.86962],[29.7208,-1.8713],[29.72103,-1.87312],[29.71799,-1.87746],[29.71784,-1.88133],[29.71367,-1.88673],[29.71536,-1.89009],[29.71229,-1.89748],[29.71468,-1.90489],[29.71278,-1.91065],[29.71388,-1.91631],[29.72036,-1.91698],[29.72597,-1.9141],[29.73318,-1.91651],[29.73121,-1.90543],[29.73624,-1.90407],[29.74214,-1.90489],[29.74662,-1.90261],[29.75006,-1.90469],[29.75707,-1.90544],[29.75988,-1.90815],[29.7627,-1.90641],[29.76463,-1.90747],[29.76799,-1.906],[29.76916,-1.90801],[29.77405,-1.90814],[29.77576,-1.91037],[29.77904,-1.90962],[29.78019,-1.91076],[29.78385,-1.90771],[29.78712,-1.90755]]]}},{"type":"Feature","properties":{"d":"Muhanga","s":"Muhanga"},"geometry":{"type":"Polygon","coordinates":[[[29.73794,-1.9964],[29.73633,-1.99189],[29.73769,-1.99063],[29.73632,-1.98648],[29.73715,-1.98272],[29.73188,-1.98582],[29.72757,-1.9863],[29.72508,-1.98844],[29.71691,-1.99076],[29.71221,-1.99621],[29.71149,-2.00299],[29.70765,-2.00576],[29.70443,-2.00619],[29.70213,-2.01015],[29.69866,-2.0126],[29.70239,-2.01718],[29.70167,-2.02318],[29.70306,-2.0253],[29.70027,-2.033],[29.70075,-2.03566],[29.69619,-2.03723],[29.69519,-2.03976],[29.68789,-2.03738],[29.68759,-2.03878],[29.68186,-2.03852],[29.67825,-2.04009],[29.67953,-2.04771],[29.68332,-2.0502],[29.68822,-2.05059],[29.69234,-2.05494],[29.69548,-2.05536],[29.69211,-2.06051],[29.69358,-2.06642],[29.68783,-2.06934],[29.68521,-2.06846],[29.68259,-2.06991],[29.69163,-2.08221],[29.69046,-2.08557],[29.69634,-2.08513],[29.69821,-2.08719],[29.70336,-2.08845],[29.70684,-2.09196],[29.71551,-2.0924],[29.72395,-2.08866],[29.72384,-2.08114],[29.72968,-2.07478],[29.735,-2.06405],[29.75067,-2.04966],[29.75693,-2.04858],[29.75894,-2.03502],[29.7621,-2.03034],[29.76036,-2.0267],[29.75877,-2.02669],[29.75964,-2.02162],[29.75861,-2.01773],[29.76296,-2.01124],[29.75378,-2.00386],[29.75266,-2.00063],[29.74627,-2.00164],[29.74025,-1.99913],[29.73794,-1.9964]]]}},{"type":"Feature","properties":{"d":"Muhanga","s":"Mushishiro"},"geometry":{"type":"Polygon","coordinates":[[[29.70574,-1.99297],[29.70429,-1.99375],[29.70324,-1.99916],[29.69131,-1.99576],[29.68772,-1.99162],[29.68245,-1.98985],[29.68226,-1.98812],[29.67518,-1.98442],[29.67653,-1.98215],[29.67552,-1.97824],[29.67177,-1.97418],[29.67051,-1.97193],[29.67141,-1.97134],[29.67031,-1.9703],[29.66865,-1.97121],[29.66699,-1.96928],[29.66584,-1.97186],[29.65607,-1.97385],[29.65463,-1.9763],[29.65123,-1.97563],[29.64361,-1.97909],[29.64078,-1.97712],[29.63912,-1.9781],[29.62571,-1.97345],[29.62232,-1.97669],[29.62203,-1.97987],[29.62608,-1.98483],[29.63441,-1.98993],[29.63681,-1.99514],[29.63453,-1.99934],[29.63139,-2.00071],[29.62937,-2.00744],[29.63111,-2.01544],[29.63368,-2.01678],[29.62842,-2.0216],[29.63132,-2.02405],[29.63236,-2.02711],[29.63112,-2.02943],[29.63267,-2.03329],[29.63086,-2.03795],[29.63432,-2.03882],[29.63481,-2.04259],[29.63654,-2.04285],[29.63624,-2.04566],[29.63857,-2.04744],[29.639,-2.05011],[29.63935,-2.05166],[29.6447,-2.04848],[29.64569,-2.04917],[29.64551,-2.0452],[29.64794,-2.04427],[29.64827,-2.04265],[29.65876,-2.04169],[29.65889,-2.03971],[29.66166,-2.04018],[29.66448,-2.03659],[29.66675,-2.03813],[29.66784,-2.03703],[29.66906,-2.04037],[29.67092,-2.03905],[29.67547,-2.04026],[29.67654,-2.03853],[29.67825,-2.04009],[29.68186,-2.03852],[29.68759,-2.03878],[29.68789,-2.03738],[29.69519,-2.03976],[29.69619,-2.03723],[29.70075,-2.03566],[29.70027,-2.033],[29.70306,-2.0253],[29.70167,-2.02318],[29.70239,-2.01718],[29.69866,-2.0126],[29.70213,-2.01015],[29.70443,-2.00619],[29.70765,-2.00576],[29.71149,-2.00299],[29.71221,-1.99621],[29.7119,-1.99436],[29.70652,-1.9961],[29.70574,-1.99297]]]}},{"type":"Feature","properties":{"d":"Muhanga","s":"Nyabinoni"},"geometry":{"type":"Polygon","coordinates":[[[29.70981,-1.81534],[29.70612,-1.80967],[29.70607,-1.80504],[29.70437,-1.80286],[29.70465,-1.79706],[29.70232,-1.79461],[29.7062,-1.78699],[29.70328,-1.78357],[29.70212,-1.77266],[29.69757,-1.76733],[29.69738,-1.764],[29.70509,-1.76481],[29.70629,-1.76619],[29.71075,-1.76592],[29.71405,-1.76389],[29.71698,-1.76429],[29.71813,-1.75952],[29.71626,-1.75501],[29.71355,-1.75245],[29.70955,-1.75274],[29.70136,-1.74498],[29.70111,-1.73775],[29.69651,-1.73642],[29.69486,-1.73369],[29.68822,-1.73162],[29.67293,-1.73263],[29.67043,-1.73146],[29.66238,-1.73241],[29.65887,-1.735],[29.65972,-1.73873],[29.66484,-1.74222],[29.66277,-1.74565],[29.66189,-1.75258],[29.66395,-1.75893],[29.66774,-1.76259],[29.66652,-1.76523],[29.66945,-1.77201],[29.67145,-1.77356],[29.6712,-1.7795],[29.67292,-1.77958],[29.67332,-1.78098],[29.67202,-1.7829],[29.67316,-1.78713],[29.66937,-1.78928],[29.66887,-1.79966],[29.67264,-1.80473],[29.67219,-1.80915],[29.66932,-1.8093],[29.66898,-1.81585],[29.67299,-1.81368],[29.68024,-1.81293],[29.68256,-1.81875],[29.68507,-1.81958],[29.69068,-1.81784],[29.69315,-1.81883],[29.69486,-1.81745],[29.70103,-1.81797],[29.70981,-1.81534]]]}},{"type":"Feature","properties":{"d":"Muhanga","s":"Nyamabuye"},"geometry":{"type":"Polygon","coordinates":[[[29.73777,-2.11812],[29.75005,-2.11135],[29.75576,-2.10238],[29.76326,-2.09754],[29.76402,-2.0879],[29.76218,-2.08426],[29.75948,-2.08378],[29.7592,-2.08022],[29.7633,-2.08009],[29.76794,-2.07582],[29.77236,-2.07793],[29.77939,-2.07746],[29.77676,-2.07592],[29.77227,-2.06958],[29.76556,-2.06677],[29.75868,-2.05984],[29.75666,-2.05661],[29.75693,-2.04858],[29.75067,-2.04966],[29.735,-2.06405],[29.72968,-2.07478],[29.72384,-2.08114],[29.72395,-2.08866],[29.71551,-2.0924],[29.70684,-2.09196],[29.70663,-2.09599],[29.7087,-2.09779],[29.70853,-2.10316],[29.70745,-2.11079],[29.7053,-2.11376],[29.70749,-2.11425],[29.71344,-2.11145],[29.71437,-2.1126],[29.71964,-2.11187],[29.72344,-2.11297],[29.72521,-2.11182],[29.7335,-2.11833],[29.73777,-2.11812]]]}},{"type":"Feature","properties":{"d":"Muhanga","s":"Nyarusange"},"geometry":{"type":"Polygon","coordinates":[[[29.7053,-2.11376],[29.70745,-2.11079],[29.70853,-2.10316],[29.7087,-2.09779],[29.70663,-2.09599],[29.70684,-2.09196],[29.70336,-2.08845],[29.69821,-2.08719],[29.69634,-2.08513],[29.69046,-2.08557],[29.69163,-2.08221],[29.68259,-2.06991],[29.68521,-2.06846],[29.68783,-2.06934],[29.69358,-2.06642],[29.69211,-2.06051],[29.69548,-2.05536],[29.69234,-2.05494],[29.68822,-2.05059],[29.68332,-2.0502],[29.67953,-2.04771],[29.67825,-2.04009],[29.67654,-2.03853],[29.67547,-2.04026],[29.67092,-2.03905],[29.66906,-2.04037],[29.66784,-2.03703],[29.66675,-2.03813],[29.66448,-2.03659],[29.66166,-2.04018],[29.65889,-2.03971],[29.65876,-2.04169],[29.64827,-2.04265],[29.64794,-2.04427],[29.64551,-2.0452],[29.64569,-2.04917],[29.6447,-2.04848],[29.63935,-2.05166],[29.639,-2.05011],[29.63561,-2.05478],[29.63683,-2.0588],[29.6339,-2.05896],[29.63303,-2.06205],[29.63328,-2.06407],[29.63477,-2.06457],[29.63397,-2.06602],[29.63718,-2.067],[29.6319,-2.07221],[29.63262,-2.07497],[29.63413,-2.07552],[29.63356,-2.07911],[29.62916,-2.07976],[29.62977,-2.08497],[29.62792,-2.08351],[29.62666,-2.08565],[29.62454,-2.08586],[29.62311,-2.08979],[29.62108,-2.08882],[29.6193,-2.09004],[29.62011,-2.09282],[29.62289,-2.0927],[29.62228,-2.09537],[29.61887,-2.09578],[29.61786,-2.09935],[29.61561,-2.09801],[29.61749,-2.10196],[29.61678,-2.10709],[29.61451,-2.10715],[29.61362,-2.10337],[29.61242,-2.10517],[29.61269,-2.10733],[29.6148,-2.10844],[29.61452,-2.11008],[29.61743,-2.10997],[29.61933,-2.11364],[29.61261,-2.11656],[29.61498,-2.12143],[29.61821,-2.12041],[29.61859,-2.12238],[29.62614,-2.11852],[29.62965,-2.11906],[29.63234,-2.11742],[29.64238,-2.11939],[29.64883,-2.11864],[29.65184,-2.11522],[29.65198,-2.11243],[29.65887,-2.1193],[29.66613,-2.11981],[29.66539,-2.10594],[29.66962,-2.1061],[29.67007,-2.10734],[29.67244,-2.10433],[29.67754,-2.10592],[29.67773,-2.10454],[29.6794,-2.10456],[29.67931,-2.10591],[29.68236,-2.1069],[29.68154,-2.11044],[29.68347,-2.1124],[29.68128,-2.11323],[29.68548,-2.12049],[29.68796,-2.12145],[29.69036,-2.11979],[29.69523,-2.1195],[29.6991,-2.11474],[29.7053,-2.11376]]]}},{"type":"Feature","properties":{"d":"Muhanga","s":"Rongi"},"geometry":{"type":"Polygon","coordinates":[[[29.7208,-1.8713],[29.71921,-1.86962],[29.7197,-1.86384],[29.72394,-1.86564],[29.72934,-1.85919],[29.73238,-1.85873],[29.73513,-1.86097],[29.74331,-1.86278],[29.74778,-1.86247],[29.74978,-1.86065],[29.75253,-1.86408],[29.75566,-1.85904],[29.75698,-1.85903],[29.75957,-1.85163],[29.7627,-1.84917],[29.76182,-1.84068],[29.76594,-1.84022],[29.76941,-1.84242],[29.77304,-1.84249],[29.77515,-1.84447],[29.7836,-1.84345],[29.78764,-1.84586],[29.7964,-1.84618],[29.80081,-1.83873],[29.79837,-1.82936],[29.7963,-1.82634],[29.79154,-1.8252],[29.78958,-1.82079],[29.78589,-1.81965],[29.77807,-1.80944],[29.7719,-1.81037],[29.76934,-1.8068],[29.76972,-1.79137],[29.76667,-1.78636],[29.76377,-1.78088],[29.75843,-1.77633],[29.75029,-1.77446],[29.74841,-1.77249],[29.74419,-1.76371],[29.74822,-1.75158],[29.74634,-1.74999],[29.74447,-1.75153],[29.74155,-1.74977],[29.73834,-1.75138],[29.73358,-1.74834],[29.72851,-1.74816],[29.72095,-1.755],[29.71626,-1.75501],[29.71813,-1.75952],[29.71698,-1.76429],[29.71405,-1.76389],[29.71075,-1.76592],[29.70629,-1.76619],[29.70509,-1.76481],[29.69738,-1.764],[29.69757,-1.76733],[29.70212,-1.77266],[29.70328,-1.78357],[29.7062,-1.78699],[29.70232,-1.79461],[29.70465,-1.79706],[29.70437,-1.80286],[29.70607,-1.80504],[29.70612,-1.80967],[29.70981,-1.81534],[29.70453,-1.82688],[29.70697,-1.82833],[29.7092,-1.83551],[29.71331,-1.8351],[29.71503,-1.83763],[29.71953,-1.83803],[29.71933,-1.84261],[29.72224,-1.84416],[29.72133,-1.84605],[29.72467,-1.84813],[29.72245,-1.84936],[29.72189,-1.85189],[29.72056,-1.85134],[29.71844,-1.85373],[29.71674,-1.85355],[29.71387,-1.86069],[29.71644,-1.87089],[29.71819,-1.87243],[29.7208,-1.8713]]]}},{"type":"Feature","properties":{"d":"Muhanga","s":"Rugendabari"},"geometry":{"type":"Polygon","coordinates":[[[29.71388,-1.91631],[29.71278,-1.91065],[29.71468,-1.90489],[29.71229,-1.89748],[29.71536,-1.89009],[29.70454,-1.89379],[29.70026,-1.90276],[29.69649,-1.90537],[29.69508,-1.90447],[29.69264,-1.90556],[29.68844,-1.90275],[29.68242,-1.90141],[29.68133,-1.90218],[29.68215,-1.90349],[29.6778,-1.90414],[29.67329,-1.9003],[29.67307,-1.90153],[29.6701,-1.90166],[29.66993,-1.90748],[29.6731,-1.91054],[29.67075,-1.91405],[29.6661,-1.91518],[29.66133,-1.92066],[29.6616,-1.92302],[29.66397,-1.92423],[29.66184,-1.92843],[29.66415,-1.93434],[29.66097,-1.93782],[29.66178,-1.94419],[29.66454,-1.94699],[29.67091,-1.94883],[29.67364,-1.95579],[29.673,-1.96153],[29.66943,-1.96464],[29.66699,-1.96928],[29.66865,-1.97121],[29.67031,-1.9703],[29.67141,-1.97134],[29.67051,-1.97193],[29.67177,-1.97418],[29.67552,-1.97824],[29.67653,-1.98215],[29.67518,-1.98442],[29.68226,-1.98812],[29.68245,-1.98985],[29.68772,-1.99162],[29.69131,-1.99576],[29.70324,-1.99916],[29.70429,-1.99375],[29.70574,-1.99297],[29.70513,-1.98587],[29.69558,-1.97078],[29.69944,-1.97184],[29.69773,-1.9631],[29.70069,-1.95602],[29.70354,-1.95466],[29.7035,-1.95182],[29.70758,-1.94464],[29.70914,-1.94003],[29.70767,-1.93464],[29.71157,-1.9273],[29.71388,-1.91631]]]}},{"type":"Feature","properties":{"d":"Muhanga","s":"Shyogwe"},"geometry":{"type":"Polygon","coordinates":[[[29.79109,-2.14546],[29.79102,-2.14099],[29.79618,-2.13643],[29.79294,-2.13234],[29.79181,-2.1277],[29.80027,-2.12787],[29.80345,-2.12423],[29.80763,-2.12301],[29.80675,-2.11918],[29.80332,-2.11558],[29.80374,-2.11393],[29.80057,-2.11083],[29.79944,-2.10534],[29.797,-2.1055],[29.79201,-2.10027],[29.79277,-2.09848],[29.79399,-2.09882],[29.79423,-2.09609],[29.79973,-2.09526],[29.80049,-2.09316],[29.80549,-2.09465],[29.80443,-2.08849],[29.80278,-2.08685],[29.79206,-2.08214],[29.79186,-2.07588],[29.7951,-2.07419],[29.79519,-2.07091],[29.79673,-2.06983],[29.79469,-2.06641],[29.7963,-2.0653],[29.79486,-2.06456],[29.79599,-2.06341],[29.79473,-2.062],[29.78919,-2.06294],[29.78807,-2.06549],[29.78988,-2.0673],[29.78697,-2.06763],[29.77939,-2.07746],[29.77236,-2.07793],[29.76794,-2.07582],[29.7633,-2.08009],[29.7592,-2.08022],[29.75948,-2.08378],[29.76218,-2.08426],[29.76402,-2.0879],[29.76326,-2.09754],[29.75576,-2.10238],[29.75005,-2.11135],[29.73777,-2.11812],[29.73944,-2.1219],[29.75032,-2.12957],[29.75749,-2.13073],[29.76644,-2.13521],[29.76889,-2.13987],[29.77372,-2.14385],[29.77915,-2.14523],[29.78759,-2.14388],[29.78914,-2.14594],[29.79109,-2.14546]]]}},{"type":"Feature","properties":{"d":"Kamonyi","s":"Gacurabwenge"},"geometry":{"type":"Polygon","coordinates":[[[29.93044,-1.96445],[29.92376,-1.96829],[29.92088,-1.96843],[29.9188,-1.97058],[29.91351,-1.97089],[29.90767,-1.9749],[29.90412,-1.97281],[29.89854,-1.97345],[29.89547,-1.97063],[29.89073,-1.97155],[29.88679,-1.97016],[29.88894,-1.96597],[29.88727,-1.95985],[29.8879,-1.95524],[29.88011,-1.94887],[29.87873,-1.94949],[29.87864,-1.95158],[29.87356,-1.95326],[29.87154,-1.95609],[29.8746,-1.96947],[29.86617,-1.97468],[29.86454,-1.98473],[29.86231,-1.98512],[29.86333,-1.99845],[29.86995,-2.00906],[29.87189,-2.01786],[29.87408,-2.0206],[29.87051,-2.02615],[29.8707,-2.02923],[29.87431,-2.0331],[29.87182,-2.04057],[29.87237,-2.04499],[29.8818,-2.04407],[29.88608,-2.04018],[29.88702,-2.03418],[29.88968,-2.03295],[29.89391,-2.03796],[29.8946,-2.03601],[29.89613,-2.03675],[29.90039,-2.04139],[29.89975,-2.03862],[29.90341,-2.03353],[29.91404,-2.03697],[29.92596,-2.03737],[29.92186,-2.02048],[29.91735,-2.01677],[29.9131,-2.01744],[29.91197,-2.01575],[29.91915,-2.00637],[29.92462,-2.00443],[29.9276,-2.00029],[29.93168,-1.98453],[29.93222,-1.97813],[29.93044,-1.96445]]]}},{"type":"Feature","properties":{"d":"Kamonyi","s":"Karama"},"geometry":{"type":"Polygon","coordinates":[[[29.87873,-1.94949],[29.87464,-1.93899],[29.87582,-1.92431],[29.88155,-1.91207],[29.88107,-1.90672],[29.87998,-1.9089],[29.8704,-1.91178],[29.86568,-1.91726],[29.85493,-1.9246],[29.84723,-1.92102],[29.84505,-1.91803],[29.82653,-1.91733],[29.82079,-1.9182],[29.81796,-1.92233],[29.81788,-1.92479],[29.81275,-1.9274],[29.8136,-1.93241],[29.81754,-1.93454],[29.81771,-1.9419],[29.81888,-1.94529],[29.82109,-1.94689],[29.82093,-1.9504],[29.82937,-1.9594],[29.82927,-1.96284],[29.83176,-1.96572],[29.84001,-1.97226],[29.8477,-1.975],[29.85065,-1.97851],[29.85402,-1.97924],[29.86231,-1.98512],[29.86454,-1.98473],[29.86617,-1.97468],[29.8746,-1.96947],[29.87154,-1.95609],[29.87356,-1.95326],[29.87864,-1.95158],[29.87873,-1.94949]]]}},{"type":"Feature","properties":{"d":"Kamonyi","s":"Kayenzi"},"geometry":{"type":"Polygon","coordinates":[[[29.79697,-1.89352],[29.79766,-1.89597],[29.79953,-1.89562],[29.79988,-1.89809],[29.80542,-1.89794],[29.80903,-1.89939],[29.808,-1.91561],[29.80878,-1.92122],[29.81002,-1.9214],[29.81006,-1.9242],[29.81275,-1.9274],[29.81788,-1.92479],[29.81796,-1.92233],[29.82079,-1.9182],[29.82653,-1.91733],[29.84505,-1.91803],[29.84723,-1.92102],[29.85493,-1.9246],[29.86568,-1.91726],[29.8704,-1.91178],[29.87998,-1.9089],[29.88107,-1.90672],[29.88102,-1.90607],[29.87997,-1.90012],[29.87702,-1.89487],[29.87897,-1.89174],[29.87871,-1.88175],[29.88178,-1.87738],[29.87886,-1.87515],[29.87815,-1.8694],[29.87663,-1.86898],[29.87712,-1.8676],[29.87482,-1.86445],[29.87328,-1.86435],[29.87264,-1.86108],[29.86563,-1.86295],[29.86264,-1.86855],[29.85192,-1.87321],[29.84892,-1.87155],[29.84819,-1.86534],[29.84555,-1.8608],[29.84104,-1.85718],[29.83544,-1.8552],[29.82783,-1.85488],[29.82341,-1.85664],[29.81745,-1.85291],[29.81205,-1.85776],[29.81286,-1.86274],[29.81129,-1.86311],[29.81043,-1.86705],[29.81139,-1.87121],[29.80866,-1.87188],[29.80798,-1.87576],[29.80486,-1.87699],[29.80502,-1.8787],[29.80212,-1.88182],[29.80299,-1.88306],[29.80121,-1.88379],[29.80123,-1.88716],[29.79818,-1.88754],[29.79881,-1.88942],[29.79697,-1.89352]]]}},{"type":"Feature","properties":{"d":"Kamonyi","s":"Kayumbu"},"geometry":{"type":"Polygon","coordinates":[[[29.81191,-2.01146],[29.81634,-2.00745],[29.81692,-1.99637],[29.81926,-1.9918],[29.82086,-1.99146],[29.82286,-1.9847],[29.82828,-1.98031],[29.82795,-1.97471],[29.83176,-1.96572],[29.82927,-1.96284],[29.82937,-1.9594],[29.82093,-1.9504],[29.82109,-1.94689],[29.81888,-1.94529],[29.81771,-1.9419],[29.81754,-1.93454],[29.8136,-1.93241],[29.81275,-1.9274],[29.81006,-1.9242],[29.81002,-1.9214],[29.80878,-1.92122],[29.808,-1.91561],[29.80903,-1.89939],[29.80542,-1.89794],[29.79988,-1.89809],[29.79953,-1.89562],[29.79766,-1.89597],[29.79697,-1.89352],[29.79459,-1.89482],[29.79382,-1.89999],[29.78712,-1.90755],[29.78717,-1.91122],[29.78414,-1.91316],[29.78535,-1.91711],[29.78934,-1.91782],[29.79299,-1.93175],[29.79079,-1.94007],[29.79186,-1.94694],[29.79112,-1.95365],[29.79054,-1.95692],[29.79303,-1.96133],[29.79671,-1.96312],[29.80146,-1.97724],[29.80018,-1.97933],[29.80065,-1.98202],[29.79809,-1.98482],[29.7992,-1.99314],[29.79706,-1.99557],[29.79716,-1.99865],[29.80373,-2.00215],[29.80536,-2.00843],[29.80759,-2.01141],[29.81191,-2.01146]]]}},{"type":"Feature","properties":{"d":"Kamonyi","s":"Mugina"},"geometry":{"type":"Polygon","coordinates":[[[29.9936,-2.068],[29.98782,-2.0763],[29.97436,-2.07863],[29.97195,-2.07954],[29.96427,-2.08838],[29.95777,-2.09099],[29.9466,-2.0888],[29.94253,-2.08661],[29.93824,-2.0891],[29.93088,-2.10127],[29.93071,-2.11199],[29.92869,-2.11455],[29.93987,-2.12506],[29.95201,-2.12956],[29.94739,-2.1356],[29.94311,-2.13682],[29.94137,-2.13909],[29.94,-2.13822],[29.93969,-2.14455],[29.93653,-2.14453],[29.93677,-2.14623],[29.93121,-2.14826],[29.92881,-2.15191],[29.95934,-2.19927],[29.96383,-2.20206],[29.98338,-2.20254],[29.98491,-2.20063],[29.98428,-2.19742],[29.98592,-2.19576],[29.98506,-2.19305],[29.98644,-2.19003],[29.98166,-2.17125],[29.98386,-2.16622],[29.98332,-2.15547],[29.98562,-2.153],[29.98558,-2.14777],[29.98869,-2.1441],[29.99377,-2.14556],[29.99887,-2.14052],[30.00071,-2.14116],[30.00438,-2.13806],[30.00971,-2.1315],[30.00919,-2.12729],[30.01185,-2.12109],[30.01465,-2.11878],[30.01793,-2.11856],[30.02081,-2.11176],[30.01981,-2.10843],[30.0172,-2.10771],[30.01563,-2.10394],[30.01549,-2.10046],[30.01758,-2.09822],[30.01486,-2.09389],[30.01799,-2.08741],[30.01725,-2.08348],[30.01935,-2.07418],[30.01623,-2.07571],[30.01643,-2.07122],[30.01501,-2.07024],[30.01335,-2.07298],[30.00823,-2.07014],[30.00725,-2.07299],[30.00545,-2.07307],[30.00433,-2.07247],[30.00512,-2.06963],[30.00235,-2.06678],[30.00093,-2.06669],[30.00003,-2.06997],[29.99706,-2.0667],[29.9936,-2.068]]]}},{"type":"Feature","properties":{"d":"Kamonyi","s":"Musambira"},"geometry":{"type":"Polygon","coordinates":[[[29.81517,-2.05977],[29.81879,-2.05867],[29.82141,-2.0545],[29.82554,-2.05238],[29.82755,-2.06223],[29.83216,-2.06095],[29.83671,-2.05608],[29.84007,-2.05693],[29.84197,-2.05842],[29.84198,-2.06179],[29.83864,-2.06758],[29.83867,-2.07073],[29.84314,-2.0698],[29.85143,-2.07395],[29.85368,-2.07394],[29.86008,-2.06968],[29.86993,-2.06571],[29.86703,-2.05759],[29.87237,-2.04499],[29.87182,-2.04057],[29.87431,-2.0331],[29.8707,-2.02923],[29.87051,-2.02615],[29.87408,-2.0206],[29.87189,-2.01786],[29.86995,-2.00906],[29.86333,-1.99845],[29.86231,-1.98512],[29.85402,-1.97924],[29.85065,-1.97851],[29.8477,-1.975],[29.84001,-1.97226],[29.83176,-1.96572],[29.82795,-1.97471],[29.82828,-1.98031],[29.82286,-1.9847],[29.82086,-1.99146],[29.81926,-1.9918],[29.81692,-1.99637],[29.81634,-2.00745],[29.81191,-2.01146],[29.8102,-2.01802],[29.80109,-2.0198],[29.79742,-2.02277],[29.79476,-2.0285],[29.79024,-2.03114],[29.79702,-2.03956],[29.80457,-2.03585],[29.80423,-2.03739],[29.80752,-2.0388],[29.8078,-2.04302],[29.80514,-2.04629],[29.80765,-2.0482],[29.80911,-2.05468],[29.81517,-2.05977]]]}},{"type":"Feature","properties":{"d":"Kamonyi","s":"Ngamba"},"geometry":{"type":"Polygon","coordinates":[[[29.88102,-1.90607],[29.88848,-1.907],[29.90676,-1.90482],[29.91091,-1.90145],[29.91238,-1.8952],[29.92182,-1.89326],[29.92739,-1.89876],[29.92806,-1.90141],[29.93254,-1.90059],[29.93264,-1.90177],[29.93601,-1.90247],[29.93719,-1.90544],[29.94215,-1.90651],[29.94299,-1.90226],[29.95178,-1.89605],[29.95412,-1.8915],[29.94866,-1.89095],[29.94779,-1.88714],[29.94236,-1.88436],[29.94236,-1.87799],[29.93812,-1.87654],[29.93381,-1.87768],[29.93165,-1.87155],[29.9291,-1.87155],[29.92694,-1.86782],[29.91918,-1.86991],[29.918,-1.86442],[29.91128,-1.85792],[29.9048,-1.85987],[29.90148,-1.86269],[29.89452,-1.8628],[29.88075,-1.85411],[29.87556,-1.85644],[29.87264,-1.86108],[29.87328,-1.86435],[29.87482,-1.86445],[29.87712,-1.8676],[29.87663,-1.86898],[29.87815,-1.8694],[29.87886,-1.87515],[29.88178,-1.87738],[29.87871,-1.88175],[29.87897,-1.89174],[29.87702,-1.89487],[29.87997,-1.90012],[29.88102,-1.90607]]]}},{"type":"Feature","properties":{"d":"Kamonyi","s":"Nyamiyaga"},"geometry":{"type":"Polygon","coordinates":[[[29.92881,-2.15191],[29.93121,-2.14826],[29.93677,-2.14623],[29.93653,-2.14453],[29.93969,-2.14455],[29.94,-2.13822],[29.94137,-2.13909],[29.94311,-2.13682],[29.94739,-2.1356],[29.95201,-2.12956],[29.93987,-2.12506],[29.92869,-2.11455],[29.93071,-2.11199],[29.93088,-2.10127],[29.93824,-2.0891],[29.94253,-2.08661],[29.9466,-2.0888],[29.95777,-2.09099],[29.96427,-2.08838],[29.97195,-2.07954],[29.97436,-2.07863],[29.96818,-2.07131],[29.93913,-2.05614],[29.93413,-2.05011],[29.93011,-2.04077],[29.92596,-2.03737],[29.91404,-2.03697],[29.90341,-2.03353],[29.89975,-2.03862],[29.90039,-2.04139],[29.89613,-2.03675],[29.8946,-2.03601],[29.89391,-2.03796],[29.88968,-2.03295],[29.88702,-2.03418],[29.88608,-2.04018],[29.8818,-2.04407],[29.87237,-2.04499],[29.86703,-2.05759],[29.86993,-2.06571],[29.87273,-2.0706],[29.87943,-2.07502],[29.88272,-2.08092],[29.88128,-2.0893],[29.88552,-2.10053],[29.8872,-2.1014],[29.88876,-2.10632],[29.88736,-2.10976],[29.88815,-2.11359],[29.89173,-2.11717],[29.89347,-2.12429],[29.89831,-2.12666],[29.89919,-2.1293],[29.90631,-2.13564],[29.92643,-2.14074],[29.92881,-2.15191]]]}},{"type":"Feature","properties":{"d":"Kamonyi","s":"Nyarubaka"},"geometry":{"type":"Polygon","coordinates":[[[29.88552,-2.10053],[29.88128,-2.0893],[29.88272,-2.08092],[29.87943,-2.07502],[29.87273,-2.0706],[29.86993,-2.06571],[29.86008,-2.06968],[29.85368,-2.07394],[29.85143,-2.07395],[29.84314,-2.0698],[29.83867,-2.07073],[29.83864,-2.06758],[29.84198,-2.06179],[29.84197,-2.05842],[29.84007,-2.05693],[29.83671,-2.05608],[29.83216,-2.06095],[29.82755,-2.06223],[29.82554,-2.05238],[29.82141,-2.0545],[29.81879,-2.05867],[29.81517,-2.05977],[29.80994,-2.06213],[29.80339,-2.05751],[29.79599,-2.06341],[29.79486,-2.06456],[29.7963,-2.0653],[29.79469,-2.06641],[29.79673,-2.06983],[29.79519,-2.07091],[29.7951,-2.07419],[29.79186,-2.07588],[29.79206,-2.08214],[29.80278,-2.08685],[29.80443,-2.08849],[29.80549,-2.09465],[29.80049,-2.09316],[29.79973,-2.09526],[29.79423,-2.09609],[29.79399,-2.09882],[29.79277,-2.09848],[29.79201,-2.10027],[29.797,-2.1055],[29.79944,-2.10534],[29.80057,-2.11083],[29.80374,-2.11393],[29.80444,-2.11193],[29.80777,-2.11134],[29.81427,-2.11124],[29.81875,-2.11298],[29.82267,-2.1116],[29.84176,-2.11252],[29.85532,-2.10673],[29.85715,-2.10771],[29.86463,-2.1057],[29.86873,-2.10651],[29.88552,-2.10053]]]}},{"type":"Feature","properties":{"d":"Kamonyi","s":"Rugarika"},"geometry":{"type":"Polygon","coordinates":[[[29.99575,-1.98616],[29.99285,-1.98739],[29.98027,-1.98196],[29.97649,-1.98439],[29.96349,-1.97643],[29.95631,-1.97827],[29.94844,-1.97585],[29.93845,-1.98192],[29.93901,-1.9829],[29.93401,-1.98496],[29.93168,-1.98453],[29.9276,-2.00029],[29.92462,-2.00443],[29.91915,-2.00637],[29.91197,-2.01575],[29.9131,-2.01744],[29.91735,-2.01677],[29.92186,-2.02048],[29.92596,-2.03737],[29.93011,-2.04077],[29.93413,-2.05011],[29.93913,-2.05614],[29.96818,-2.07131],[29.97436,-2.07863],[29.98782,-2.0763],[29.9936,-2.068],[29.9942,-2.06529],[29.99107,-2.06535],[29.99148,-2.06212],[29.98891,-2.06247],[29.98759,-2.05744],[29.98365,-2.05784],[29.98723,-2.05536],[29.9858,-2.05357],[29.98743,-2.05098],[29.98336,-2.04368],[29.98625,-2.04394],[29.99244,-2.0338],[29.99554,-2.03441],[29.99743,-2.03001],[30.00268,-2.02831],[30.00214,-2.03149],[30.00891,-2.02814],[30.00837,-2.0257],[30.0052,-2.02408],[30.00583,-2.0198],[30.00773,-2.02055],[30.00823,-2.01821],[30.0118,-2.01762],[30.01339,-2.01892],[30.01424,-2.0154],[30.01506,-2.01186],[30.01035,-2.01298],[30.00733,-2.0092],[30.00862,-2.00716],[30.00447,-2.00766],[30.00538,-2.00567],[30.00302,-2.00423],[30.00356,-2.00202],[29.99936,-2.00097],[30.00144,-1.99943],[30.00088,-1.99844],[29.99511,-1.9975],[29.99712,-1.99262],[29.99444,-1.99405],[29.9929,-1.99255],[29.99803,-1.98773],[29.99575,-1.98616]]]}},{"type":"Feature","properties":{"d":"Kamonyi","s":"Rukoma"},"geometry":{"type":"Polygon","coordinates":[[[29.93044,-1.96445],[29.93345,-1.94887],[29.93757,-1.94029],[29.94317,-1.93847],[29.9469,-1.9395],[29.95181,-1.93338],[29.95159,-1.91668],[29.94777,-1.9101],[29.94622,-1.91051],[29.94215,-1.90651],[29.93719,-1.90544],[29.93601,-1.90247],[29.93264,-1.90177],[29.93254,-1.90059],[29.92806,-1.90141],[29.92739,-1.89876],[29.92182,-1.89326],[29.91238,-1.8952],[29.91091,-1.90145],[29.90676,-1.90482],[29.88848,-1.907],[29.88102,-1.90607],[29.88107,-1.90672],[29.88155,-1.91207],[29.87582,-1.92431],[29.87464,-1.93899],[29.87873,-1.94949],[29.88011,-1.94887],[29.8879,-1.95524],[29.88727,-1.95985],[29.88894,-1.96597],[29.88679,-1.97016],[29.89073,-1.97155],[29.89547,-1.97063],[29.89854,-1.97345],[29.90412,-1.97281],[29.90767,-1.9749],[29.91351,-1.97089],[29.9188,-1.97058],[29.92088,-1.96843],[29.92376,-1.96829],[29.93044,-1.96445]]]}},{"type":"Feature","properties":{"d":"Kamonyi","s":"Runda"},"geometry":{"type":"Polygon","coordinates":[[[29.98284,-1.91338],[29.98027,-1.91171],[29.9772,-1.90578],[29.97567,-1.90617],[29.97567,-1.90948],[29.97184,-1.90736],[29.96883,-1.90888],[29.96587,-1.9073],[29.96288,-1.90762],[29.96217,-1.90647],[29.9636,-1.90383],[29.96141,-1.90345],[29.96032,-1.9006],[29.95659,-1.90018],[29.95952,-1.89526],[29.95654,-1.89436],[29.95412,-1.8915],[29.95178,-1.89605],[29.94299,-1.90226],[29.94215,-1.90651],[29.94622,-1.91051],[29.94777,-1.9101],[29.95159,-1.91668],[29.95181,-1.93338],[29.9469,-1.9395],[29.94317,-1.93847],[29.93757,-1.94029],[29.93345,-1.94887],[29.93044,-1.96445],[29.93222,-1.97813],[29.93168,-1.98453],[29.93401,-1.98496],[29.93901,-1.9829],[29.93845,-1.98192],[29.94844,-1.97585],[29.95631,-1.97827],[29.96349,-1.97643],[29.97649,-1.98439],[29.98027,-1.98196],[29.99285,-1.98739],[29.99575,-1.98616],[29.9957,-1.98366],[29.99951,-1.98464],[30.00226,-1.98336],[29.99846,-1.9757],[30.0006,-1.97427],[29.99807,-1.97122],[30.00367,-1.96969],[30.00331,-1.95486],[30.00207,-1.95491],[30.00114,-1.95738],[29.99871,-1.95691],[30.00005,-1.95497],[29.99906,-1.95205],[29.9984,-1.94766],[29.99557,-1.94584],[29.99779,-1.94482],[29.99868,-1.94062],[29.99656,-1.94206],[29.99495,-1.93837],[29.99403,-1.9406],[29.99189,-1.93874],[29.99176,-1.93629],[29.98783,-1.93328],[29.98704,-1.93157],[29.9899,-1.92972],[29.98549,-1.92919],[29.98857,-1.92532],[29.98493,-1.92135],[29.98284,-1.91338]]]}},{"type":"Feature","properties":{"d":"Karongi","s":"Bwishyura"},"geometry":{"type":"Polygon","coordinates":[[[29.36944,-2.04776],[29.36894,-2.04664],[29.36859,-2.04843],[29.36644,-2.04874],[29.36505,-2.04649],[29.36247,-2.04662],[29.36063,-2.051],[29.36306,-2.053],[29.36291,-2.05487],[29.36086,-2.05621],[29.35959,-2.05991],[29.36458,-2.06264],[29.3588,-2.06361],[29.36261,-2.06579],[29.36536,-2.0656],[29.37314,-2.07186],[29.3692,-2.07509],[29.36736,-2.0739],[29.36819,-2.07192],[29.36049,-2.06807],[29.35996,-2.07063],[29.3589,-2.07057],[29.35901,-2.07411],[29.35807,-2.07243],[29.35707,-2.07313],[29.35586,-2.07133],[29.35407,-2.07153],[29.35353,-2.06793],[29.3559,-2.06861],[29.35777,-2.06704],[29.35202,-2.0642],[29.35112,-2.06222],[29.35438,-2.06206],[29.35071,-2.05839],[29.35405,-2.05866],[29.35649,-2.05603],[29.35648,-2.05386],[29.35461,-2.05157],[29.35302,-2.05318],[29.35141,-2.05203],[29.35043,-2.04729],[29.3484,-2.04894],[29.34666,-2.04753],[29.34529,-2.05017],[29.34402,-2.04755],[29.33804,-2.04861],[29.34341,-2.05059],[29.34247,-2.05376],[29.3472,-2.0529],[29.34539,-2.05535],[29.34787,-2.05552],[29.34791,-2.05754],[29.34484,-2.05763],[29.34548,-2.06018],[29.34167,-2.05958],[29.34369,-2.06062],[29.34672,-2.06034],[29.34676,-2.06218],[29.34285,-2.0633],[29.3388,-2.06212],[29.33724,-2.06014],[29.33835,-2.05879],[29.33488,-2.06002],[29.33269,-2.05607],[29.33038,-2.05664],[29.32757,-2.05438],[29.32464,-2.05586],[29.32749,-2.05575],[29.33238,-2.05811],[29.32965,-2.06002],[29.33422,-2.06108],[29.34048,-2.06608],[29.33838,-2.06734],[29.33489,-2.06591],[29.3351,-2.06776],[29.33254,-2.06817],[29.33203,-2.07088],[29.32766,-2.06922],[29.32646,-2.07206],[29.3286,-2.07311],[29.32644,-2.07461],[29.32398,-2.07302],[29.32513,-2.07075],[29.32362,-2.06744],[29.32209,-2.06711],[29.32126,-2.06846],[29.3188,-2.06612],[29.31912,-2.06876],[29.31696,-2.06998],[29.31808,-2.07239],[29.32129,-2.07255],[29.31999,-2.07576],[29.31807,-2.07551],[29.31847,-2.0768],[29.32116,-2.07656],[29.32393,-2.08087],[29.32558,-2.08035],[29.32454,-2.08238],[29.32567,-2.08481],[29.32213,-2.08368],[29.32642,-2.08785],[29.3246,-2.08927],[29.32542,-2.09215],[29.33059,-2.09228],[29.33041,-2.09388],[29.33354,-2.09539],[29.33726,-2.1012],[29.33585,-2.10191],[29.32929,-2.09704],[29.32629,-2.09801],[29.32787,-2.09955],[29.33025,-2.09966],[29.33338,-2.10233],[29.33514,-2.10538],[29.33372,-2.10788],[29.33494,-2.1091],[29.33942,-2.10863],[29.34442,-2.11091],[29.34888,-2.11025],[29.35473,-2.11455],[29.35695,-2.11981],[29.35893,-2.11791],[29.36564,-2.11915],[29.36776,-2.12108],[29.37012,-2.10761],[29.37397,-2.10553],[29.37862,-2.10044],[29.38599,-2.10228],[29.38677,-2.09733],[29.38968,-2.09441],[29.38917,-2.09261],[29.39125,-2.09481],[29.39244,-2.09288],[29.39474,-2.09551],[29.39895,-2.09367],[29.4061,-2.09515],[29.41203,-2.09324],[29.42083,-2.09874],[29.42541,-2.09662],[29.42322,-2.09406],[29.41592,-2.0841],[29.41011,-2.08273],[29.40611,-2.08004],[29.40283,-2.08033],[29.39002,-2.07147],[29.39118,-2.06566],[29.39517,-2.06149],[29.39456,-2.05848],[29.39052,-2.05869],[29.38556,-2.05573],[29.38585,-2.05303],[29.38439,-2.05076],[29.37939,-2.05158],[29.37698,-2.04842],[29.37208,-2.04932],[29.36944,-2.04776]]]}},{"type":"Feature","properties":{"d":"Karongi","s":"Gashari"},"geometry":{"type":"Polygon","coordinates":[[[29.55115,-2.20128],[29.54765,-2.19914],[29.54655,-2.19609],[29.53895,-2.1931],[29.53586,-2.18728],[29.53349,-2.18573],[29.53244,-2.18272],[29.53343,-2.17953],[29.52918,-2.17179],[29.53007,-2.16618],[29.53214,-2.16308],[29.52927,-2.16076],[29.52959,-2.15827],[29.527,-2.15483],[29.52934,-2.14722],[29.53542,-2.14736],[29.5387,-2.14487],[29.53478,-2.14125],[29.53161,-2.1352],[29.53237,-2.12858],[29.53605,-2.12551],[29.53707,-2.11829],[29.53365,-2.11535],[29.53466,-2.11196],[29.53126,-2.11058],[29.53329,-2.10896],[29.53268,-2.10515],[29.5387,-2.10265],[29.54014,-2.09978],[29.54351,-2.10008],[29.5449,-2.09836],[29.54032,-2.09587],[29.53964,-2.09355],[29.53812,-2.0934],[29.53836,-2.09108],[29.53604,-2.09096],[29.52692,-2.09783],[29.52018,-2.09953],[29.51717,-2.10555],[29.51293,-2.10866],[29.51052,-2.11598],[29.50633,-2.11938],[29.50846,-2.12253],[29.50749,-2.12838],[29.50509,-2.13279],[29.5057,-2.13505],[29.49856,-2.13783],[29.4986,-2.13937],[29.49604,-2.14048],[29.49554,-2.14219],[29.492,-2.14357],[29.49064,-2.14277],[29.48699,-2.14849],[29.47851,-2.14955],[29.4755,-2.1528],[29.47447,-2.15726],[29.47587,-2.16278],[29.47778,-2.16241],[29.46759,-2.17286],[29.46352,-2.17077],[29.46172,-2.17421],[29.45915,-2.17433],[29.45782,-2.17716],[29.45855,-2.18155],[29.45652,-2.18172],[29.45484,-2.18492],[29.45934,-2.18902],[29.4593,-2.19387],[29.45712,-2.19962],[29.45964,-2.20455],[29.46588,-2.20433],[29.47376,-2.20729],[29.47493,-2.20559],[29.47355,-2.20354],[29.47307,-2.19653],[29.47419,-2.19235],[29.47694,-2.18889],[29.4774,-2.18569],[29.48044,-2.18298],[29.48321,-2.1761],[29.48825,-2.17076],[29.48826,-2.16739],[29.49193,-2.16534],[29.4926,-2.16144],[29.49511,-2.16256],[29.49608,-2.15996],[29.50178,-2.15886],[29.5064,-2.15384],[29.50958,-2.1541],[29.51153,-2.15651],[29.51115,-2.16722],[29.50897,-2.16942],[29.49913,-2.17156],[29.4941,-2.17613],[29.49922,-2.17955],[29.49985,-2.18514],[29.50832,-2.18916],[29.5085,-2.19103],[29.51059,-2.19241],[29.51142,-2.19879],[29.513,-2.19807],[29.51597,-2.20007],[29.51727,-2.20457],[29.51863,-2.20427],[29.52095,-2.20847],[29.52077,-2.21052],[29.52339,-2.20809],[29.52359,-2.20976],[29.53075,-2.2113],[29.53579,-2.2158],[29.53927,-2.21479],[29.54156,-2.21083],[29.5427,-2.21278],[29.54411,-2.21091],[29.54517,-2.21219],[29.54823,-2.21173],[29.54467,-2.20789],[29.54875,-2.20831],[29.54946,-2.20743],[29.54764,-2.20462],[29.54851,-2.20346],[29.55011,-2.20397],[29.55115,-2.20128]]]}},{"type":"Feature","properties":{"d":"Karongi","s":"Gishyita"},"geometry":{"type":"Polygon","coordinates":[[[29.2901,-2.13145],[29.28925,-2.13691],[29.28856,-2.136],[29.28752,-2.13691],[29.28718,-2.13389],[29.2844,-2.13278],[29.2826,-2.13321],[29.28215,-2.13548],[29.2799,-2.13441],[29.27951,-2.13744],[29.27687,-2.13719],[29.28025,-2.13914],[29.28039,-2.14102],[29.27809,-2.14394],[29.27948,-2.14512],[29.27645,-2.14734],[29.2748,-2.14466],[29.27588,-2.14135],[29.27239,-2.14173],[29.2714,-2.14028],[29.27235,-2.13814],[29.26849,-2.1392],[29.27055,-2.13752],[29.271,-2.13475],[29.27429,-2.13329],[29.27533,-2.13013],[29.27406,-2.12059],[29.27179,-2.11477],[29.27222,-2.11106],[29.27085,-2.1102],[29.27167,-2.10699],[29.2689,-2.10678],[29.27033,-2.10503],[29.27181,-2.10532],[29.27195,-2.10371],[29.26943,-2.08654],[29.268,-2.09378],[29.26668,-2.09403],[29.26531,-2.09156],[29.26407,-2.09424],[29.26414,-2.09898],[29.25995,-2.09886],[29.26155,-2.10339],[29.25914,-2.11087],[29.25534,-2.1049],[29.25465,-2.11331],[29.25285,-2.11442],[29.25032,-2.1101],[29.24955,-2.11081],[29.24966,-2.11567],[29.25241,-2.11582],[29.25114,-2.11872],[29.2549,-2.12065],[29.25684,-2.12366],[29.25606,-2.12473],[29.25345,-2.12383],[29.25392,-2.12885],[29.25213,-2.12931],[29.25276,-2.13204],[29.25003,-2.13565],[29.25465,-2.13413],[29.25481,-2.13593],[29.25715,-2.13653],[29.25779,-2.14001],[29.25653,-2.14051],[29.2556,-2.14674],[29.25747,-2.14704],[29.2565,-2.14479],[29.25764,-2.14302],[29.26095,-2.14515],[29.26211,-2.14393],[29.26723,-2.15139],[29.26613,-2.1527],[29.26403,-2.15156],[29.26608,-2.15444],[29.27079,-2.15368],[29.27031,-2.15664],[29.27267,-2.15788],[29.27274,-2.16435],[29.27631,-2.16552],[29.2753,-2.16839],[29.27986,-2.17207],[29.28333,-2.18005],[29.28285,-2.18183],[29.28451,-2.18266],[29.28223,-2.1888],[29.28231,-2.18884],[29.28269,-2.18927],[29.28281,-2.18938],[29.29022,-2.19896],[29.28923,-2.20251],[29.29107,-2.20382],[29.2932,-2.20119],[29.29484,-2.19994],[29.3032,-2.20135],[29.30519,-2.19952],[29.31149,-2.19958],[29.31293,-2.1969],[29.31833,-2.19553],[29.32176,-2.19253],[29.32296,-2.18937],[29.32208,-2.18737],[29.32572,-2.18584],[29.32411,-2.18126],[29.32044,-2.1802],[29.32025,-2.17897],[29.31499,-2.17973],[29.31287,-2.17794],[29.31331,-2.175],[29.31746,-2.17174],[29.32004,-2.16586],[29.31937,-2.16431],[29.32188,-2.16246],[29.32092,-2.15736],[29.32535,-2.15089],[29.31999,-2.14706],[29.31894,-2.14464],[29.31338,-2.14171],[29.31139,-2.13753],[29.30724,-2.13597],[29.30015,-2.12825],[29.29573,-2.13089],[29.2901,-2.13145]]]}},{"type":"Feature","properties":{"d":"Karongi","s":"Gitesi"},"geometry":{"type":"Polygon","coordinates":[[[29.36776,-2.12108],[29.37064,-2.1209],[29.37146,-2.12288],[29.37378,-2.12359],[29.3741,-2.12997],[29.37812,-2.13199],[29.37542,-2.13638],[29.37662,-2.13938],[29.38007,-2.13956],[29.37916,-2.1421],[29.37812,-2.14105],[29.37634,-2.14257],[29.37581,-2.14564],[29.38176,-2.15987],[29.38765,-2.15845],[29.3884,-2.16078],[29.39116,-2.161],[29.39288,-2.16726],[29.39576,-2.17058],[29.39902,-2.16826],[29.4,-2.1649],[29.40134,-2.16582],[29.40391,-2.16162],[29.41006,-2.16083],[29.41274,-2.16227],[29.41484,-2.15979],[29.41631,-2.16352],[29.41771,-2.16216],[29.42044,-2.16396],[29.42415,-2.17026],[29.42583,-2.16892],[29.43118,-2.16931],[29.43613,-2.17333],[29.43796,-2.1723],[29.44035,-2.17427],[29.44016,-2.17666],[29.44795,-2.17703],[29.44859,-2.17414],[29.44974,-2.17406],[29.45652,-2.18172],[29.45855,-2.18155],[29.45782,-2.17716],[29.45915,-2.17433],[29.46172,-2.17421],[29.46352,-2.17077],[29.46759,-2.17286],[29.47778,-2.16241],[29.47587,-2.16278],[29.47447,-2.15726],[29.4755,-2.1528],[29.47851,-2.14955],[29.47479,-2.1468],[29.47196,-2.14648],[29.46775,-2.14938],[29.46014,-2.14863],[29.45163,-2.15413],[29.45184,-2.14616],[29.44866,-2.145],[29.44717,-2.14097],[29.45022,-2.13912],[29.45143,-2.13615],[29.4601,-2.13474],[29.45893,-2.13029],[29.4598,-2.12665],[29.45227,-2.12578],[29.44871,-2.11877],[29.44619,-2.11155],[29.44885,-2.10678],[29.44588,-2.10475],[29.44761,-2.10224],[29.44688,-2.09733],[29.45072,-2.09301],[29.44768,-2.09171],[29.44582,-2.09375],[29.44267,-2.09242],[29.44,-2.09539],[29.43824,-2.09448],[29.43599,-2.08903],[29.4375,-2.08622],[29.43619,-2.08278],[29.437,-2.0782],[29.43569,-2.07716],[29.4344,-2.07885],[29.43168,-2.07883],[29.42361,-2.08267],[29.42614,-2.08889],[29.42322,-2.09406],[29.42541,-2.09662],[29.42083,-2.09874],[29.41203,-2.09324],[29.4061,-2.09515],[29.39895,-2.09367],[29.39474,-2.09551],[29.39244,-2.09288],[29.39125,-2.09481],[29.38917,-2.09261],[29.38968,-2.09441],[29.38677,-2.09733],[29.38599,-2.10228],[29.37862,-2.10044],[29.37397,-2.10553],[29.37012,-2.10761],[29.36776,-2.12108]]]}},{"type":"Feature","properties":{"d":"Karongi","s":"Mubuga"},"geometry":{"type":"Polygon","coordinates":[[[29.32787,-2.09955],[29.32972,-2.1024],[29.32744,-2.10252],[29.32808,-2.10412],[29.32671,-2.1055],[29.32834,-2.10638],[29.32671,-2.10915],[29.32783,-2.11019],[29.32718,-2.11432],[29.32535,-2.11464],[29.32445,-2.1133],[29.32575,-2.11091],[29.32348,-2.11136],[29.3236,-2.10812],[29.32482,-2.10746],[29.32322,-2.10539],[29.32498,-2.1018],[29.32383,-2.10065],[29.32028,-2.10093],[29.31813,-2.09714],[29.3134,-2.09594],[29.31354,-2.08713],[29.31052,-2.08594],[29.30628,-2.08755],[29.30159,-2.08268],[29.30138,-2.08048],[29.29976,-2.08376],[29.29728,-2.08317],[29.2935,-2.08534],[29.29205,-2.08428],[29.2909,-2.08639],[29.28946,-2.08601],[29.28868,-2.08297],[29.28635,-2.0832],[29.28459,-2.08749],[29.28539,-2.08932],[29.28208,-2.09373],[29.28023,-2.08713],[29.27895,-2.09332],[29.28033,-2.09928],[29.27753,-2.11032],[29.28018,-2.1144],[29.27813,-2.11557],[29.27947,-2.12155],[29.27862,-2.12742],[29.28141,-2.12932],[29.28444,-2.12719],[29.2843,-2.12947],[29.2901,-2.13145],[29.29573,-2.13089],[29.30015,-2.12825],[29.30724,-2.13597],[29.31139,-2.13753],[29.31338,-2.14171],[29.31894,-2.14464],[29.31999,-2.14706],[29.32535,-2.15089],[29.32681,-2.15326],[29.33111,-2.15265],[29.33138,-2.14827],[29.33409,-2.14232],[29.33623,-2.14008],[29.33853,-2.14231],[29.34213,-2.13939],[29.34436,-2.13639],[29.344,-2.13426],[29.34536,-2.13431],[29.34742,-2.1268],[29.35354,-2.12543],[29.35695,-2.11981],[29.35473,-2.11455],[29.34888,-2.11025],[29.34442,-2.11091],[29.33942,-2.10863],[29.33494,-2.1091],[29.33372,-2.10788],[29.33514,-2.10538],[29.33338,-2.10233],[29.33025,-2.09966],[29.32787,-2.09955]]]}},{"type":"Feature","properties":{"d":"Karongi","s":"Murambi"},"geometry":{"type":"Polygon","coordinates":[[[29.56212,-2.20576],[29.57284,-2.20357],[29.57698,-2.19723],[29.5784,-2.19912],[29.58025,-2.19754],[29.58516,-2.20191],[29.58663,-2.19912],[29.58524,-2.19702],[29.58701,-2.19363],[29.5901,-2.19467],[29.58973,-2.19203],[29.59311,-2.19121],[29.5959,-2.18864],[29.59838,-2.19048],[29.60324,-2.19105],[29.60628,-2.18785],[29.60533,-2.18522],[29.60817,-2.18169],[29.60976,-2.17635],[29.60921,-2.17225],[29.60527,-2.17009],[29.60402,-2.16426],[29.60582,-2.16252],[29.60633,-2.1582],[29.60443,-2.15827],[29.60378,-2.15499],[29.60236,-2.15643],[29.59987,-2.15574],[29.59911,-2.15112],[29.59455,-2.15112],[29.59612,-2.14665],[29.59951,-2.14464],[29.59787,-2.14418],[29.5975,-2.13943],[29.59904,-2.13685],[29.5949,-2.13327],[29.58687,-2.13769],[29.58002,-2.1342],[29.57439,-2.137],[29.569,-2.12846],[29.56744,-2.13069],[29.55859,-2.13402],[29.55549,-2.14041],[29.55548,-2.14612],[29.54908,-2.15118],[29.54804,-2.15641],[29.54421,-2.15477],[29.53968,-2.15492],[29.53878,-2.1525],[29.53664,-2.15165],[29.53542,-2.14736],[29.52934,-2.14722],[29.527,-2.15483],[29.52959,-2.15827],[29.52927,-2.16076],[29.53214,-2.16308],[29.53007,-2.16618],[29.52918,-2.17179],[29.53343,-2.17953],[29.53244,-2.18272],[29.53349,-2.18573],[29.53586,-2.18728],[29.53895,-2.1931],[29.54655,-2.19609],[29.54765,-2.19914],[29.55115,-2.20128],[29.55135,-2.19983],[29.55328,-2.2008],[29.55721,-2.19979],[29.56003,-2.2052],[29.56212,-2.20576]]]}},{"type":"Feature","properties":{"d":"Karongi","s":"Murundi"},"geometry":{"type":"Polygon","coordinates":[[[29.61261,-2.11656],[29.61933,-2.11364],[29.61743,-2.10997],[29.61452,-2.11008],[29.6148,-2.10844],[29.61269,-2.10733],[29.61242,-2.10517],[29.61362,-2.10337],[29.61451,-2.10715],[29.61678,-2.10709],[29.61749,-2.10196],[29.61561,-2.09801],[29.61786,-2.09935],[29.61887,-2.09578],[29.62228,-2.09537],[29.62289,-2.0927],[29.62011,-2.09282],[29.6193,-2.09004],[29.62108,-2.08882],[29.62311,-2.08979],[29.62454,-2.08586],[29.62339,-2.0834],[29.61804,-2.08267],[29.61015,-2.07249],[29.60661,-2.07348],[29.60087,-2.07186],[29.59229,-2.07432],[29.59072,-2.06772],[29.58727,-2.06446],[29.58794,-2.06194],[29.58398,-2.06261],[29.57808,-2.06764],[29.5748,-2.06593],[29.5692,-2.06594],[29.56677,-2.06896],[29.56894,-2.0711],[29.56561,-2.07388],[29.55997,-2.07374],[29.55641,-2.07587],[29.55673,-2.08044],[29.54931,-2.07544],[29.54421,-2.0745],[29.53534,-2.07546],[29.53319,-2.07989],[29.53604,-2.09096],[29.53836,-2.09108],[29.53812,-2.0934],[29.53964,-2.09355],[29.54032,-2.09587],[29.5449,-2.09836],[29.54351,-2.10008],[29.54014,-2.09978],[29.5387,-2.10265],[29.53268,-2.10515],[29.53329,-2.10896],[29.53126,-2.11058],[29.53466,-2.11196],[29.53365,-2.11535],[29.53707,-2.11829],[29.53605,-2.12551],[29.53237,-2.12858],[29.53161,-2.1352],[29.53478,-2.14125],[29.5387,-2.14487],[29.53542,-2.14736],[29.53664,-2.15165],[29.53878,-2.1525],[29.53968,-2.15492],[29.54421,-2.15477],[29.54804,-2.15641],[29.54908,-2.15118],[29.55548,-2.14612],[29.55549,-2.14041],[29.55859,-2.13402],[29.56744,-2.13069],[29.569,-2.12846],[29.57439,-2.137],[29.58002,-2.1342],[29.58687,-2.13769],[29.5949,-2.13327],[29.59904,-2.13685],[29.6082,-2.12867],[29.60609,-2.12639],[29.60832,-2.12502],[29.60789,-2.12351],[29.61041,-2.12181],[29.61048,-2.11832],[29.61261,-2.11656]]]}},{"type":"Feature","properties":{"d":"Karongi","s":"Mutuntu"},"geometry":{"type":"Polygon","coordinates":[[[29.48175,-2.25677],[29.47625,-2.25375],[29.4718,-2.25427],[29.46994,-2.25086],[29.46731,-2.25067],[29.46531,-2.24801],[29.45649,-2.24781],[29.45308,-2.24593],[29.45087,-2.24737],[29.44188,-2.23974],[29.4405,-2.23639],[29.43877,-2.23644],[29.43896,-2.2344],[29.43595,-2.23413],[29.43526,-2.23261],[29.43471,-2.22963],[29.43737,-2.22145],[29.43767,-2.2126],[29.43965,-2.21112],[29.43992,-2.20624],[29.44292,-2.20074],[29.44637,-2.19866],[29.44987,-2.194],[29.45137,-2.19482],[29.45065,-2.19057],[29.45223,-2.19039],[29.45223,-2.18713],[29.45484,-2.18492],[29.45652,-2.18172],[29.44974,-2.17406],[29.44859,-2.17414],[29.44795,-2.17703],[29.44016,-2.17666],[29.4354,-2.18595],[29.43218,-2.18516],[29.43008,-2.18727],[29.42598,-2.1866],[29.42223,-2.1893],[29.4235,-2.19227],[29.42282,-2.19522],[29.42528,-2.1963],[29.42332,-2.19961],[29.42128,-2.20315],[29.4226,-2.20664],[29.41865,-2.20848],[29.4171,-2.21213],[29.4179,-2.21595],[29.4118,-2.22246],[29.41224,-2.22445],[29.40896,-2.23412],[29.40159,-2.23791],[29.39878,-2.23707],[29.39494,-2.24298],[29.38946,-2.24425],[29.38796,-2.24735],[29.38343,-2.24785],[29.38401,-2.25209],[29.3789,-2.26017],[29.37743,-2.26552],[29.37373,-2.26579],[29.36879,-2.26391],[29.36497,-2.26508],[29.36279,-2.26962],[29.36499,-2.27262],[29.36287,-2.27335],[29.36462,-2.27535],[29.36304,-2.27822],[29.35597,-2.28245],[29.35793,-2.28441],[29.34916,-2.28855],[29.34747,-2.29175],[29.36402,-2.29319],[29.36795,-2.29094],[29.3711,-2.29325],[29.37459,-2.29037],[29.38131,-2.29041],[29.384,-2.2964],[29.38282,-2.29864],[29.38635,-2.29805],[29.40282,-2.27688],[29.40507,-2.2761],[29.40864,-2.27868],[29.41275,-2.27465],[29.41804,-2.27323],[29.4211,-2.26714],[29.42655,-2.2685],[29.43391,-2.27389],[29.44035,-2.27407],[29.44145,-2.27588],[29.44616,-2.27319],[29.44905,-2.27345],[29.44773,-2.27134],[29.45066,-2.27056],[29.45238,-2.27163],[29.45366,-2.26959],[29.45873,-2.2675],[29.46115,-2.27183],[29.46746,-2.27186],[29.46955,-2.27374],[29.47141,-2.27098],[29.47253,-2.27218],[29.47478,-2.26777],[29.4735,-2.26598],[29.47495,-2.26083],[29.47761,-2.25984],[29.47853,-2.25748],[29.48175,-2.25677]]]}},{"type":"Feature","properties":{"d":"Karongi","s":"Rubengera"},"geometry":{"type":"Polygon","coordinates":[[[29.42322,-2.09406],[29.42614,-2.08889],[29.42361,-2.08267],[29.43168,-2.07883],[29.4344,-2.07885],[29.43569,-2.07716],[29.437,-2.0782],[29.439,-2.07836],[29.44213,-2.08246],[29.4496,-2.0798],[29.45467,-2.08441],[29.45814,-2.08381],[29.46168,-2.08613],[29.46731,-2.07488],[29.46524,-2.06771],[29.46219,-2.06448],[29.46175,-2.06188],[29.46755,-2.0606],[29.47042,-2.06298],[29.47738,-2.06249],[29.47734,-2.05913],[29.47229,-2.05452],[29.47479,-2.05054],[29.46711,-2.04643],[29.46684,-2.04332],[29.46198,-2.04367],[29.46178,-2.04179],[29.46325,-2.04114],[29.46647,-2.03273],[29.46092,-2.02933],[29.46073,-2.03138],[29.45497,-2.035],[29.45121,-2.04343],[29.4476,-2.04565],[29.44458,-2.04688],[29.44262,-2.04427],[29.43877,-2.04416],[29.43651,-2.04246],[29.43523,-2.04368],[29.43196,-2.04296],[29.43067,-2.04722],[29.427,-2.0461],[29.42537,-2.04206],[29.42253,-2.04186],[29.42235,-2.04374],[29.42007,-2.04294],[29.41752,-2.03793],[29.41303,-2.03666],[29.41149,-2.03813],[29.41133,-2.03199],[29.40785,-2.03173],[29.40727,-2.03395],[29.40258,-2.03154],[29.39992,-2.03231],[29.39896,-2.03044],[29.39467,-2.03662],[29.39352,-2.03294],[29.38952,-2.03415],[29.38782,-2.03047],[29.38039,-2.02942],[29.37965,-2.02805],[29.38221,-2.02557],[29.38072,-2.02468],[29.37657,-2.02549],[29.37418,-2.02382],[29.3686,-2.0283],[29.36841,-2.03098],[29.36693,-2.02959],[29.36418,-2.03074],[29.36208,-2.02836],[29.35954,-2.02995],[29.36485,-2.03303],[29.36526,-2.03461],[29.36814,-2.03248],[29.36981,-2.03483],[29.37197,-2.03337],[29.37404,-2.03485],[29.37614,-2.03335],[29.376,-2.036],[29.37827,-2.03667],[29.38046,-2.03501],[29.38186,-2.03711],[29.38067,-2.04044],[29.37874,-2.03895],[29.37578,-2.04148],[29.37465,-2.03853],[29.37129,-2.0402],[29.36957,-2.03863],[29.3676,-2.03995],[29.36627,-2.03858],[29.35869,-2.039],[29.35843,-2.03748],[29.35761,-2.04103],[29.35613,-2.04187],[29.35827,-2.04435],[29.36171,-2.04218],[29.36913,-2.04374],[29.36976,-2.04568],[29.37098,-2.04521],[29.36944,-2.04776],[29.37208,-2.04932],[29.37698,-2.04842],[29.37939,-2.05158],[29.38439,-2.05076],[29.38585,-2.05303],[29.38556,-2.05573],[29.39052,-2.05869],[29.39456,-2.05848],[29.39517,-2.06149],[29.39118,-2.06566],[29.39002,-2.07147],[29.40283,-2.08033],[29.40611,-2.08004],[29.41011,-2.08273],[29.41592,-2.0841],[29.42322,-2.09406]]]}},{"type":"Feature","properties":{"d":"Karongi","s":"Rugabano"},"geometry":{"type":"Polygon","coordinates":[[[29.53604,-2.09096],[29.53319,-2.07989],[29.53534,-2.07546],[29.54421,-2.0745],[29.54931,-2.07544],[29.55673,-2.08044],[29.55641,-2.07587],[29.55997,-2.07374],[29.56561,-2.07388],[29.56894,-2.0711],[29.56677,-2.06896],[29.5692,-2.06594],[29.5641,-2.06343],[29.55842,-2.06382],[29.56228,-2.06572],[29.55996,-2.06943],[29.55811,-2.06759],[29.55605,-2.06831],[29.55429,-2.06564],[29.55199,-2.06592],[29.5508,-2.06767],[29.54373,-2.06723],[29.54118,-2.07018],[29.53891,-2.06774],[29.53979,-2.06422],[29.53643,-2.06244],[29.53321,-2.06355],[29.53223,-2.06235],[29.53103,-2.0639],[29.52677,-2.05854],[29.52055,-2.05866],[29.51696,-2.05679],[29.51496,-2.05906],[29.51079,-2.05748],[29.50764,-2.05927],[29.50296,-2.05911],[29.50046,-2.06101],[29.50191,-2.06307],[29.50102,-2.06408],[29.48472,-2.06336],[29.47972,-2.0587],[29.48139,-2.05597],[29.48005,-2.05367],[29.47479,-2.05054],[29.47229,-2.05452],[29.47734,-2.05913],[29.47738,-2.06249],[29.47042,-2.06298],[29.46755,-2.0606],[29.46175,-2.06188],[29.46219,-2.06448],[29.46524,-2.06771],[29.46731,-2.07488],[29.46168,-2.08613],[29.45814,-2.08381],[29.45467,-2.08441],[29.4496,-2.0798],[29.44213,-2.08246],[29.439,-2.07836],[29.437,-2.0782],[29.43619,-2.08278],[29.4375,-2.08622],[29.43599,-2.08903],[29.43824,-2.09448],[29.44,-2.09539],[29.44267,-2.09242],[29.44582,-2.09375],[29.44768,-2.09171],[29.45072,-2.09301],[29.44688,-2.09733],[29.44761,-2.10224],[29.44588,-2.10475],[29.44885,-2.10678],[29.44619,-2.11155],[29.44871,-2.11877],[29.45227,-2.12578],[29.4598,-2.12665],[29.45893,-2.13029],[29.4601,-2.13474],[29.45143,-2.13615],[29.45022,-2.13912],[29.44717,-2.14097],[29.44866,-2.145],[29.45184,-2.14616],[29.45163,-2.15413],[29.46014,-2.14863],[29.46775,-2.14938],[29.47196,-2.14648],[29.47479,-2.1468],[29.47851,-2.14955],[29.48699,-2.14849],[29.49064,-2.14277],[29.492,-2.14357],[29.49554,-2.14219],[29.49604,-2.14048],[29.4986,-2.13937],[29.49856,-2.13783],[29.5057,-2.13505],[29.50509,-2.13279],[29.50749,-2.12838],[29.50846,-2.12253],[29.50633,-2.11938],[29.51052,-2.11598],[29.51293,-2.10866],[29.51717,-2.10555],[29.52018,-2.09953],[29.52692,-2.09783],[29.53604,-2.09096]]]}},{"type":"Feature","properties":{"d":"Karongi","s":"Ruganda"},"geometry":{"type":"Polygon","coordinates":[[[29.53145,-2.22044],[29.53579,-2.2158],[29.53075,-2.2113],[29.52359,-2.20976],[29.52339,-2.20809],[29.52077,-2.21052],[29.52095,-2.20847],[29.51863,-2.20427],[29.51727,-2.20457],[29.51597,-2.20007],[29.513,-2.19807],[29.51142,-2.19879],[29.51059,-2.19241],[29.5085,-2.19103],[29.50832,-2.18916],[29.49985,-2.18514],[29.49922,-2.17955],[29.4941,-2.17613],[29.49913,-2.17156],[29.50897,-2.16942],[29.51115,-2.16722],[29.51153,-2.15651],[29.50958,-2.1541],[29.5064,-2.15384],[29.50178,-2.15886],[29.49608,-2.15996],[29.49511,-2.16256],[29.4926,-2.16144],[29.49193,-2.16534],[29.48826,-2.16739],[29.48825,-2.17076],[29.48321,-2.1761],[29.48044,-2.18298],[29.4774,-2.18569],[29.47694,-2.18889],[29.47419,-2.19235],[29.47307,-2.19653],[29.47355,-2.20354],[29.47493,-2.20559],[29.47376,-2.20729],[29.46588,-2.20433],[29.45964,-2.20455],[29.45712,-2.19962],[29.4593,-2.19387],[29.45934,-2.18902],[29.45484,-2.18492],[29.45223,-2.18713],[29.45223,-2.19039],[29.45065,-2.19057],[29.45137,-2.19482],[29.44987,-2.194],[29.44637,-2.19866],[29.44292,-2.20074],[29.43992,-2.20624],[29.43965,-2.21112],[29.43767,-2.2126],[29.43737,-2.22145],[29.43471,-2.22963],[29.43526,-2.23261],[29.43595,-2.23413],[29.43896,-2.2344],[29.43877,-2.23644],[29.4405,-2.23639],[29.44188,-2.23974],[29.45087,-2.24737],[29.45308,-2.24593],[29.45649,-2.24781],[29.46531,-2.24801],[29.46731,-2.25067],[29.46994,-2.25086],[29.4718,-2.25427],[29.47625,-2.25375],[29.48175,-2.25677],[29.48551,-2.25161],[29.48744,-2.25173],[29.49094,-2.24885],[29.49028,-2.24777],[29.49403,-2.24096],[29.49713,-2.24042],[29.49937,-2.24307],[29.50105,-2.2397],[29.50637,-2.2381],[29.50935,-2.23461],[29.51026,-2.23601],[29.51483,-2.23648],[29.51656,-2.23051],[29.51702,-2.23246],[29.51947,-2.23377],[29.51774,-2.22954],[29.51963,-2.22664],[29.52317,-2.22762],[29.52424,-2.22454],[29.52705,-2.22536],[29.5267,-2.22353],[29.5305,-2.22291],[29.53012,-2.22138],[29.53145,-2.22044]]]}},{"type":"Feature","properties":{"d":"Karongi","s":"Rwankuba"},"geometry":{"type":"Polygon","coordinates":[[[29.35695,-2.11981],[29.35354,-2.12543],[29.34742,-2.1268],[29.34536,-2.13431],[29.344,-2.13426],[29.34436,-2.13639],[29.34213,-2.13939],[29.33853,-2.14231],[29.33623,-2.14008],[29.33409,-2.14232],[29.33138,-2.14827],[29.33111,-2.15265],[29.32681,-2.15326],[29.32535,-2.15089],[29.32092,-2.15736],[29.32188,-2.16246],[29.31937,-2.16431],[29.32004,-2.16586],[29.31746,-2.17174],[29.31331,-2.175],[29.31287,-2.17794],[29.31499,-2.17973],[29.32025,-2.17897],[29.32044,-2.1802],[29.32411,-2.18126],[29.32572,-2.18584],[29.33227,-2.19246],[29.33822,-2.1856],[29.33979,-2.18576],[29.34129,-2.19148],[29.34408,-2.19477],[29.34253,-2.19506],[29.34364,-2.19608],[29.34272,-2.20092],[29.3462,-2.20527],[29.34625,-2.20834],[29.34821,-2.20955],[29.35708,-2.20271],[29.36031,-2.20334],[29.36011,-2.20104],[29.36431,-2.19988],[29.36737,-2.19995],[29.36974,-2.20493],[29.38059,-2.20316],[29.38268,-2.20619],[29.39621,-2.20218],[29.3936,-2.20105],[29.39332,-2.19957],[29.40103,-2.19632],[29.40268,-2.19815],[29.4173,-2.1959],[29.41928,-2.19727],[29.42241,-2.19673],[29.42332,-2.19961],[29.42528,-2.1963],[29.42282,-2.19522],[29.4235,-2.19227],[29.42223,-2.1893],[29.42598,-2.1866],[29.43008,-2.18727],[29.43218,-2.18516],[29.4354,-2.18595],[29.44016,-2.17666],[29.44035,-2.17427],[29.43796,-2.1723],[29.43613,-2.17333],[29.43118,-2.16931],[29.42583,-2.16892],[29.42415,-2.17026],[29.42044,-2.16396],[29.41771,-2.16216],[29.41631,-2.16352],[29.41484,-2.15979],[29.41274,-2.16227],[29.41006,-2.16083],[29.40391,-2.16162],[29.40134,-2.16582],[29.4,-2.1649],[29.39902,-2.16826],[29.39576,-2.17058],[29.39288,-2.16726],[29.39116,-2.161],[29.3884,-2.16078],[29.38765,-2.15845],[29.38176,-2.15987],[29.37581,-2.14564],[29.37634,-2.14257],[29.37812,-2.14105],[29.37916,-2.1421],[29.38007,-2.13956],[29.37662,-2.13938],[29.37542,-2.13638],[29.37812,-2.13199],[29.3741,-2.12997],[29.37378,-2.12359],[29.37146,-2.12288],[29.37064,-2.1209],[29.36776,-2.12108],[29.36564,-2.11915],[29.35893,-2.11791],[29.35695,-2.11981]]]}},{"type":"Feature","properties":{"d":"Karongi","s":"Twumba"},"geometry":{"type":"Polygon","coordinates":[[[29.34747,-2.29175],[29.34916,-2.28855],[29.35793,-2.28441],[29.35597,-2.28245],[29.36304,-2.27822],[29.36462,-2.27535],[29.36287,-2.27335],[29.36499,-2.27262],[29.36279,-2.26962],[29.36497,-2.26508],[29.36879,-2.26391],[29.37373,-2.26579],[29.37743,-2.26552],[29.3789,-2.26017],[29.38401,-2.25209],[29.38343,-2.24785],[29.38796,-2.24735],[29.38946,-2.24425],[29.39494,-2.24298],[29.39878,-2.23707],[29.40159,-2.23791],[29.40896,-2.23412],[29.41224,-2.22445],[29.4118,-2.22246],[29.4179,-2.21595],[29.4171,-2.21213],[29.41865,-2.20848],[29.4226,-2.20664],[29.42128,-2.20315],[29.42332,-2.19961],[29.42241,-2.19673],[29.41928,-2.19727],[29.4173,-2.1959],[29.40268,-2.19815],[29.40103,-2.19632],[29.39332,-2.19957],[29.3936,-2.20105],[29.39621,-2.20218],[29.38268,-2.20619],[29.38059,-2.20316],[29.36974,-2.20493],[29.36737,-2.19995],[29.36431,-2.19988],[29.36011,-2.20104],[29.36031,-2.20334],[29.35708,-2.20271],[29.34821,-2.20955],[29.34625,-2.20834],[29.3462,-2.20527],[29.34272,-2.20092],[29.34364,-2.19608],[29.34253,-2.19506],[29.34408,-2.19477],[29.34129,-2.19148],[29.33979,-2.18576],[29.33822,-2.1856],[29.33227,-2.19246],[29.32572,-2.18584],[29.32208,-2.18737],[29.32296,-2.18937],[29.32176,-2.19253],[29.31833,-2.19553],[29.31293,-2.1969],[29.31149,-2.19958],[29.30519,-2.19952],[29.3032,-2.20135],[29.29484,-2.19994],[29.2932,-2.20119],[29.29657,-2.20658],[29.29645,-2.20878],[29.30234,-2.20928],[29.30492,-2.21468],[29.30972,-2.21208],[29.31187,-2.21237],[29.31343,-2.21469],[29.3152,-2.21365],[29.31587,-2.21502],[29.31528,-2.21699],[29.31106,-2.21672],[29.30888,-2.22496],[29.30647,-2.22616],[29.30673,-2.22884],[29.30408,-2.23225],[29.30571,-2.23451],[29.31136,-2.23734],[29.31238,-2.24031],[29.31103,-2.2429],[29.31466,-2.24452],[29.31184,-2.24836],[29.31331,-2.2534],[29.31178,-2.26349],[29.3158,-2.27437],[29.31792,-2.27563],[29.3149,-2.27753],[29.31365,-2.28073],[29.31032,-2.28207],[29.30913,-2.28492],[29.3056,-2.2843],[29.30501,-2.28854],[29.3063,-2.29081],[29.31102,-2.29285],[29.30885,-2.2995],[29.31484,-2.30415],[29.32082,-2.3061],[29.32155,-2.31245],[29.32284,-2.31524],[29.32515,-2.31601],[29.32292,-2.31702],[29.32172,-2.31814],[29.32001,-2.32093],[29.3214,-2.32308],[29.32458,-2.32443],[29.32134,-2.32286],[29.32062,-2.31998],[29.32319,-2.31691],[29.32576,-2.31591],[29.32806,-2.31575],[29.33179,-2.30665],[29.33732,-2.2997],[29.34394,-2.29519],[29.34415,-2.29257],[29.34747,-2.29175]]]}},{"type":"Feature","properties":{"d":"Rutsiro","s":"Boneza"},"geometry":{"type":"MultiPolygon","coordinates":[[[[29.15235,-1.91984],[29.14856,-1.92051],[29.14775,-1.92727],[29.1439,-1.92839],[29.14328,-1.93284],[29.14721,-1.94039],[29.15112,-1.94169],[29.15257,-1.93877],[29.14986,-1.93434],[29.1506,-1.93034],[29.14836,-1.92767],[29.14921,-1.92313],[29.15281,-1.9251],[29.15378,-1.9282],[29.15617,-1.92667],[29.15568,-1.92321],[29.15329,-1.92289],[29.15398,-1.92018],[29.15235,-1.91984]]],[[[29.2662,-1.89988],[29.26324,-1.90209],[29.26163,-1.90105],[29.26206,-1.90293],[29.26398,-1.90289],[29.2648,-1.90866],[29.26661,-1.90986],[29.26597,-1.91566],[29.26373,-1.91654],[29.26048,-1.92155],[29.26413,-1.92716],[29.26631,-1.92485],[29.26604,-1.92176],[29.27045,-1.91156],[29.26954,-1.90722],[29.26634,-1.90302],[29.2662,-1.89988]]],[[[29.32529,-1.89229],[29.32308,-1.89163],[29.31901,-1.89369],[29.31691,-1.89122],[29.31837,-1.89071],[29.31717,-1.88772],[29.31938,-1.8822],[29.3152,-1.88151],[29.31424,-1.87695],[29.29979,-1.87789],[29.30121,-1.87312],[29.29923,-1.86867],[29.29966,-1.86476],[29.2958,-1.8644],[29.29104,-1.86691],[29.28894,-1.87016],[29.29002,-1.8744],[29.2892,-1.87795],[29.28458,-1.87771],[29.28764,-1.88115],[29.28681,-1.88386],[29.28581,-1.88409],[29.28551,-1.8822],[29.28511,-1.88519],[29.28367,-1.88444],[29.28348,-1.88649],[29.28101,-1.88536],[29.2822,-1.88884],[29.28138,-1.89087],[29.278,-1.88851],[29.27582,-1.89015],[29.27366,-1.88955],[29.27337,-1.89357],[29.27037,-1.89615],[29.27205,-1.89822],[29.27562,-1.89688],[29.27556,-1.89916],[29.28005,-1.90113],[29.2792,-1.90348],[29.27444,-1.90472],[29.27609,-1.90648],[29.27994,-1.90586],[29.28111,-1.90827],[29.28262,-1.90647],[29.28427,-1.90716],[29.28614,-1.91508],[29.28234,-1.92046],[29.28384,-1.92191],[29.28395,-1.91956],[29.28746,-1.91805],[29.28787,-1.92239],[29.29025,-1.92136],[29.29239,-1.92532],[29.29063,-1.9285],[29.29266,-1.93034],[29.29295,-1.93317],[29.29091,-1.93314],[29.28962,-1.9348],[29.29617,-1.93828],[29.2988,-1.93822],[29.29971,-1.93506],[29.3015,-1.93494],[29.30097,-1.93746],[29.30286,-1.93916],[29.30133,-1.94223],[29.30273,-1.94477],[29.305,-1.94505],[29.30846,-1.94251],[29.30752,-1.94655],[29.31096,-1.94302],[29.3136,-1.94406],[29.31291,-1.939],[29.31713,-1.93464],[29.31703,-1.93142],[29.31888,-1.9319],[29.32109,-1.92661],[29.32308,-1.92638],[29.32361,-1.91772],[29.32136,-1.91425],[29.32287,-1.91226],[29.32228,-1.9084],[29.32628,-1.90578],[29.32901,-1.89825],[29.32529,-1.89229]]]]}},{"type":"Feature","properties":{"d":"Rutsiro","s":"Gihango"},"geometry":{"type":"MultiPolygon","coordinates":[[[[29.33386,-2.00981],[29.3329,-2.0099],[29.33366,-2.01108],[29.33386,-2.00981]]],[[[29.32768,-2.00521],[29.32528,-2.00312],[29.32762,-2.00632],[29.32768,-2.00521]]],[[[29.32421,-2.00159],[29.32302,-2.00268],[29.32531,-2.00292],[29.32421,-2.00159]]],[[[29.32624,-2.00125],[29.32509,-2.00167],[29.32824,-2.0021],[29.32624,-2.00125]]],[[[29.341,-2.0008],[29.33944,-2.00092],[29.34006,-2.00362],[29.341,-2.0008]]],[[[29.42382,-1.91252],[29.42297,-1.91125],[29.41771,-1.9136],[29.40822,-1.91384],[29.40342,-1.91191],[29.40071,-1.90903],[29.396,-1.91187],[29.3843,-1.91207],[29.38038,-1.91359],[29.38019,-1.91521],[29.37471,-1.91326],[29.3698,-1.91502],[29.36692,-1.92472],[29.36806,-1.92747],[29.37044,-1.92862],[29.36939,-1.93286],[29.37153,-1.93338],[29.37159,-1.93644],[29.36862,-1.94019],[29.36919,-1.94481],[29.36376,-1.94716],[29.36476,-1.94936],[29.36235,-1.9498],[29.35909,-1.95378],[29.36012,-1.96477],[29.35733,-1.9668],[29.35737,-1.97038],[29.35495,-1.97212],[29.3569,-1.97356],[29.35645,-1.97594],[29.35501,-1.9762],[29.35656,-1.97745],[29.35603,-1.97863],[29.35813,-1.97883],[29.35761,-1.98139],[29.35612,-1.98162],[29.35825,-1.98421],[29.35646,-1.98974],[29.35295,-1.99407],[29.34934,-1.99298],[29.34711,-1.99677],[29.34333,-1.99743],[29.34487,-2.00015],[29.34355,-2.00207],[29.34511,-2.00785],[29.34387,-2.0099],[29.34677,-2.0075],[29.34688,-2.00497],[29.34781,-2.00825],[29.34608,-2.01089],[29.34893,-2.00999],[29.35078,-2.01099],[29.34937,-2.00806],[29.35156,-2.00833],[29.35328,-2.0046],[29.35453,-2.00091],[29.35974,-1.99771],[29.36692,-1.99741],[29.36901,-2.00109],[29.37321,-1.99943],[29.37662,-1.9959],[29.37725,-1.9916],[29.3833,-1.9861],[29.38406,-1.98181],[29.38182,-1.97763],[29.38576,-1.97774],[29.3859,-1.97611],[29.39168,-1.97579],[29.39354,-1.97408],[29.39341,-1.9715],[29.39875,-1.96463],[29.39902,-1.96079],[29.40327,-1.95507],[29.40983,-1.9513],[29.41307,-1.94547],[29.40997,-1.94055],[29.41333,-1.94076],[29.41401,-1.94227],[29.4178,-1.93965],[29.42168,-1.93905],[29.42338,-1.93489],[29.42725,-1.93337],[29.42842,-1.92117],[29.42634,-1.91983],[29.42382,-1.91252]]]]}},{"type":"Feature","properties":{"d":"Rutsiro","s":"Kigeyo"},"geometry":{"type":"MultiPolygon","coordinates":[[[[29.28715,-1.83328],[29.28847,-1.83076],[29.28748,-1.8301],[29.28626,-1.83192],[29.28715,-1.83328]]],[[[29.28854,-1.82831],[29.28782,-1.82536],[29.28686,-1.82704],[29.28854,-1.82831]]],[[[29.2688,-1.82373],[29.26855,-1.82553],[29.27047,-1.82786],[29.27139,-1.82628],[29.2688,-1.82373]]],[[[29.28177,-1.82044],[29.28277,-1.81951],[29.27886,-1.81979],[29.27703,-1.82389],[29.28177,-1.82044]]],[[[29.33345,-1.79386],[29.33127,-1.79461],[29.33026,-1.79268],[29.32569,-1.79373],[29.32214,-1.79198],[29.31917,-1.79371],[29.31766,-1.79301],[29.31653,-1.79942],[29.31338,-1.7995],[29.31254,-1.80184],[29.3067,-1.80562],[29.30349,-1.80407],[29.30103,-1.80564],[29.29952,-1.80274],[29.29659,-1.80409],[29.29701,-1.80535],[29.29402,-1.8051],[29.29,-1.80749],[29.28891,-1.80668],[29.28735,-1.80895],[29.28744,-1.81123],[29.28994,-1.80988],[29.28946,-1.81322],[29.28705,-1.81392],[29.28532,-1.8174],[29.28691,-1.81771],[29.28736,-1.8198],[29.28447,-1.82091],[29.2865,-1.82309],[29.28821,-1.82144],[29.28934,-1.82252],[29.28843,-1.82463],[29.28992,-1.82519],[29.29025,-1.82763],[29.289,-1.82827],[29.29224,-1.83441],[29.29178,-1.83904],[29.2935,-1.8412],[29.2931,-1.84286],[29.2967,-1.84467],[29.29664,-1.84805],[29.30029,-1.85146],[29.3043,-1.85201],[29.30716,-1.84686],[29.31126,-1.84603],[29.3116,-1.84418],[29.31357,-1.84463],[29.31572,-1.83939],[29.31891,-1.83816],[29.32352,-1.84068],[29.32735,-1.84056],[29.33308,-1.85058],[29.33752,-1.8509],[29.33882,-1.84719],[29.34245,-1.84765],[29.34441,-1.8452],[29.3518,-1.84977],[29.35378,-1.8458],[29.35571,-1.84551],[29.35699,-1.84161],[29.36184,-1.83816],[29.36607,-1.83568],[29.36927,-1.83047],[29.37831,-1.82827],[29.3763,-1.82625],[29.37459,-1.82672],[29.37424,-1.82531],[29.35922,-1.82325],[29.35947,-1.81264],[29.36277,-1.81162],[29.35858,-1.80825],[29.35874,-1.80586],[29.35258,-1.80514],[29.34816,-1.80052],[29.34619,-1.80279],[29.3427,-1.80343],[29.33887,-1.79998],[29.3362,-1.79465],[29.33345,-1.79386]]]]}},{"type":"Feature","properties":{"d":"Rutsiro","s":"Kivumu"},"geometry":{"type":"Polygon","coordinates":[[[29.33345,-1.79386],[29.33387,-1.78488],[29.33167,-1.7829],[29.33164,-1.778],[29.32808,-1.77614],[29.32823,-1.77012],[29.32632,-1.7699],[29.32552,-1.76459],[29.32284,-1.76156],[29.32701,-1.75891],[29.32711,-1.75727],[29.32059,-1.75545],[29.31081,-1.73826],[29.30071,-1.74699],[29.30022,-1.74993],[29.30152,-1.75136],[29.29868,-1.75569],[29.30154,-1.76359],[29.3008,-1.76755],[29.29895,-1.76918],[29.29743,-1.76753],[29.2917,-1.76877],[29.28819,-1.77097],[29.2898,-1.77312],[29.28697,-1.77236],[29.28607,-1.77477],[29.28252,-1.77405],[29.28234,-1.77674],[29.27809,-1.77931],[29.27936,-1.77753],[29.27633,-1.77461],[29.27322,-1.7762],[29.26988,-1.77356],[29.26789,-1.77453],[29.27021,-1.77742],[29.26898,-1.78501],[29.27034,-1.78566],[29.27248,-1.78347],[29.27444,-1.78353],[29.27639,-1.7851],[29.27501,-1.78926],[29.27932,-1.78936],[29.27834,-1.7914],[29.27916,-1.79365],[29.27747,-1.79398],[29.2787,-1.79641],[29.27477,-1.79708],[29.2752,-1.80101],[29.27808,-1.80236],[29.27646,-1.80393],[29.27803,-1.80694],[29.27481,-1.80703],[29.27523,-1.80984],[29.28014,-1.81397],[29.28047,-1.81128],[29.28288,-1.81265],[29.28598,-1.80859],[29.28325,-1.80726],[29.28528,-1.80437],[29.28769,-1.80465],[29.28645,-1.80636],[29.28735,-1.80895],[29.28891,-1.80668],[29.29,-1.80749],[29.29402,-1.8051],[29.29701,-1.80535],[29.29659,-1.80409],[29.29952,-1.80274],[29.30103,-1.80564],[29.30349,-1.80407],[29.3067,-1.80562],[29.31254,-1.80184],[29.31338,-1.7995],[29.31653,-1.79942],[29.31766,-1.79301],[29.31917,-1.79371],[29.32214,-1.79198],[29.32569,-1.79373],[29.33026,-1.79268],[29.33127,-1.79461],[29.33345,-1.79386]]]}},{"type":"Feature","properties":{"d":"Rutsiro","s":"Manihira"},"geometry":{"type":"Polygon","coordinates":[[[29.40983,-1.9513],[29.40864,-1.95586],[29.41041,-1.96053],[29.40648,-1.9616],[29.40587,-1.96641],[29.41186,-1.97011],[29.4139,-1.97356],[29.4182,-1.97555],[29.4171,-1.98378],[29.42113,-1.98188],[29.42397,-1.98266],[29.42598,-1.98105],[29.43597,-1.98043],[29.43865,-1.98292],[29.43958,-1.9822],[29.44181,-1.98426],[29.44603,-1.98488],[29.44719,-1.98224],[29.44607,-1.9801],[29.45037,-1.97754],[29.45608,-1.96818],[29.46208,-1.96424],[29.45479,-1.95218],[29.45251,-1.95207],[29.45614,-1.94834],[29.45016,-1.94526],[29.44696,-1.93478],[29.44792,-1.92677],[29.45607,-1.92408],[29.46273,-1.91949],[29.45975,-1.91791],[29.45717,-1.91343],[29.45817,-1.90968],[29.45672,-1.90834],[29.45733,-1.90497],[29.45079,-1.90492],[29.44559,-1.90667],[29.44336,-1.90567],[29.44112,-1.90124],[29.44131,-1.89419],[29.43968,-1.89138],[29.43167,-1.89693],[29.42107,-1.8977],[29.42058,-1.9084],[29.4232,-1.91001],[29.42382,-1.91252],[29.42634,-1.91983],[29.42842,-1.92117],[29.42725,-1.93337],[29.42338,-1.93489],[29.42168,-1.93905],[29.4178,-1.93965],[29.41401,-1.94227],[29.41333,-1.94076],[29.40997,-1.94055],[29.41307,-1.94547],[29.40983,-1.9513]]]}},{"type":"Feature","properties":{"d":"Rutsiro","s":"Mukura"},"geometry":{"type":"Polygon","coordinates":[[[29.47479,-2.05054],[29.48005,-2.05367],[29.48139,-2.05597],[29.47972,-2.0587],[29.48472,-2.06336],[29.50102,-2.06408],[29.50191,-2.06307],[29.50046,-2.06101],[29.50296,-2.05911],[29.50764,-2.05927],[29.51079,-2.05748],[29.51496,-2.05906],[29.51696,-2.05679],[29.52055,-2.05866],[29.52677,-2.05854],[29.53103,-2.0639],[29.53223,-2.06235],[29.53321,-2.06355],[29.53643,-2.06244],[29.53979,-2.06422],[29.53891,-2.06774],[29.54118,-2.07018],[29.54373,-2.06723],[29.5508,-2.06767],[29.55199,-2.06592],[29.55429,-2.06564],[29.55605,-2.06831],[29.55811,-2.06759],[29.55996,-2.06943],[29.56228,-2.06572],[29.55842,-2.06382],[29.55571,-2.06226],[29.55472,-2.05916],[29.5489,-2.06261],[29.5449,-2.05937],[29.53963,-2.05934],[29.53794,-2.05573],[29.53845,-2.05192],[29.54163,-2.04643],[29.54928,-2.04006],[29.54491,-2.03208],[29.5475,-2.0311],[29.54919,-2.0273],[29.5549,-2.02759],[29.55808,-2.02627],[29.56057,-2.02768],[29.5656,-2.02504],[29.56258,-2.02006],[29.55257,-2.01746],[29.54758,-2.01095],[29.53584,-2.00591],[29.53127,-1.99714],[29.51954,-1.98345],[29.51705,-1.98333],[29.51487,-1.97791],[29.5108,-1.97872],[29.5067,-1.97499],[29.50207,-1.97805],[29.49899,-1.97775],[29.49534,-1.97284],[29.49526,-1.96745],[29.49201,-1.96691],[29.48849,-1.96843],[29.48675,-1.96781],[29.4869,-1.96593],[29.4855,-1.96683],[29.4838,-1.96389],[29.47553,-1.97003],[29.46957,-1.97242],[29.46887,-1.97645],[29.46956,-1.97989],[29.47179,-1.98146],[29.47123,-1.98395],[29.46248,-1.98454],[29.46353,-1.98752],[29.45568,-1.99026],[29.45046,-1.99927],[29.4455,-1.9995],[29.44044,-2.00283],[29.43913,-2.00748],[29.43479,-2.00939],[29.4323,-2.0131],[29.42728,-2.01513],[29.42815,-2.01652],[29.42584,-2.01855],[29.42101,-2.01741],[29.41659,-2.02409],[29.41315,-2.02373],[29.41178,-2.02528],[29.40982,-2.02453],[29.40712,-2.0261],[29.40173,-2.0246],[29.4019,-2.02663],[29.39896,-2.03044],[29.39992,-2.03231],[29.40258,-2.03154],[29.40727,-2.03395],[29.40785,-2.03173],[29.41133,-2.03199],[29.41149,-2.03813],[29.41303,-2.03666],[29.41752,-2.03793],[29.42007,-2.04294],[29.42235,-2.04374],[29.42253,-2.04186],[29.42537,-2.04206],[29.427,-2.0461],[29.43067,-2.04722],[29.43196,-2.04296],[29.43523,-2.04368],[29.43651,-2.04246],[29.43877,-2.04416],[29.44262,-2.04427],[29.44458,-2.04688],[29.4476,-2.04565],[29.45121,-2.04343],[29.45497,-2.035],[29.46073,-2.03138],[29.46092,-2.02933],[29.46647,-2.03273],[29.46325,-2.04114],[29.46178,-2.04179],[29.46198,-2.04367],[29.46684,-2.04332],[29.46711,-2.04643],[29.47479,-2.05054]]]}},{"type":"Feature","properties":{"d":"Rutsiro","s":"Murunda"},"geometry":{"type":"Polygon","coordinates":[[[29.42382,-1.91252],[29.4232,-1.91001],[29.42058,-1.9084],[29.42107,-1.8977],[29.43167,-1.89693],[29.43968,-1.89138],[29.44133,-1.89132],[29.4447,-1.89437],[29.44927,-1.88954],[29.45533,-1.89178],[29.45351,-1.88721],[29.4548,-1.88501],[29.45278,-1.88434],[29.45547,-1.87844],[29.45236,-1.87697],[29.45254,-1.87487],[29.4581,-1.8727],[29.45932,-1.86666],[29.45707,-1.86151],[29.45964,-1.85841],[29.46208,-1.85489],[29.46162,-1.85006],[29.46302,-1.84652],[29.45948,-1.84397],[29.45356,-1.84377],[29.44694,-1.83824],[29.43952,-1.83687],[29.43643,-1.83288],[29.43674,-1.83149],[29.43358,-1.82889],[29.43035,-1.83316],[29.4315,-1.83599],[29.43536,-1.83911],[29.43413,-1.84234],[29.43572,-1.84272],[29.43649,-1.84523],[29.43521,-1.84675],[29.43765,-1.85142],[29.43712,-1.85303],[29.43144,-1.85652],[29.42875,-1.85566],[29.4263,-1.85167],[29.42332,-1.85403],[29.41978,-1.85314],[29.41882,-1.84975],[29.41624,-1.85189],[29.40169,-1.84908],[29.40442,-1.85786],[29.41004,-1.86661],[29.4095,-1.86791],[29.40649,-1.86961],[29.40613,-1.87129],[29.40208,-1.87168],[29.40057,-1.87828],[29.39905,-1.87854],[29.39635,-1.88427],[29.39455,-1.88439],[29.39171,-1.88739],[29.38883,-1.88902],[29.38513,-1.88756],[29.38054,-1.89441],[29.37296,-1.89215],[29.36991,-1.89675],[29.3713,-1.90151],[29.369,-1.9049],[29.36846,-1.9081],[29.3712,-1.91117],[29.36918,-1.91395],[29.3698,-1.91502],[29.37471,-1.91326],[29.38019,-1.91521],[29.38038,-1.91359],[29.3843,-1.91207],[29.396,-1.91187],[29.40071,-1.90903],[29.40342,-1.91191],[29.40822,-1.91384],[29.41771,-1.9136],[29.42297,-1.91125],[29.42382,-1.91252]]]}},{"type":"Feature","properties":{"d":"Rutsiro","s":"Musasa"},"geometry":{"type":"MultiPolygon","coordinates":[[[[29.30695,-1.98695],[29.3051,-1.9893],[29.30569,-1.99207],[29.3062,-1.98869],[29.30781,-1.98868],[29.30809,-1.98707],[29.30695,-1.98695]]],[[[29.30343,-1.98019],[29.30276,-1.97818],[29.30165,-1.97867],[29.30343,-1.98019]]],[[[29.32219,-1.95904],[29.32007,-1.9591],[29.3201,-1.96059],[29.32156,-1.9612],[29.32219,-1.95904]]],[[[29.32308,-1.92638],[29.32481,-1.92925],[29.32305,-1.93142],[29.32477,-1.93242],[29.32206,-1.93428],[29.32124,-1.93894],[29.32264,-1.94152],[29.3251,-1.93893],[29.32612,-1.94017],[29.32535,-1.94296],[29.32404,-1.94281],[29.32475,-1.94387],[29.32331,-1.94354],[29.32084,-1.94587],[29.32527,-1.94836],[29.32311,-1.94872],[29.32305,-1.95114],[29.32722,-1.95005],[29.32998,-1.95303],[29.32699,-1.95378],[29.3279,-1.95601],[29.32551,-1.95702],[29.32553,-1.9586],[29.32249,-1.95888],[29.32668,-1.96066],[29.32617,-1.96235],[29.32355,-1.96272],[29.32441,-1.96479],[29.32696,-1.96369],[29.32805,-1.96459],[29.32705,-1.96758],[29.3295,-1.96969],[29.32718,-1.97284],[29.33037,-1.97344],[29.33182,-1.97601],[29.33119,-1.97746],[29.32729,-1.9771],[29.33045,-1.98211],[29.32906,-1.98488],[29.33098,-1.98645],[29.33387,-1.985],[29.33335,-1.98849],[29.3355,-1.98807],[29.33475,-1.98966],[29.33579,-1.99047],[29.33375,-1.99336],[29.33883,-1.99221],[29.33775,-1.98988],[29.33896,-1.9876],[29.34225,-1.99163],[29.34398,-1.98597],[29.34591,-1.98977],[29.3478,-1.98607],[29.34869,-1.98933],[29.35441,-1.991],[29.35295,-1.99407],[29.35646,-1.98974],[29.35825,-1.98421],[29.35612,-1.98162],[29.35761,-1.98139],[29.35813,-1.97883],[29.35603,-1.97863],[29.35656,-1.97745],[29.35501,-1.9762],[29.35645,-1.97594],[29.3569,-1.97356],[29.35495,-1.97212],[29.35737,-1.97038],[29.35733,-1.9668],[29.36012,-1.96477],[29.35909,-1.95378],[29.36235,-1.9498],[29.36476,-1.94936],[29.36376,-1.94716],[29.36919,-1.94481],[29.36862,-1.94019],[29.37159,-1.93644],[29.37153,-1.93338],[29.36939,-1.93286],[29.37044,-1.92862],[29.36806,-1.92747],[29.36692,-1.92472],[29.3698,-1.91502],[29.36918,-1.91395],[29.3712,-1.91117],[29.36846,-1.9081],[29.369,-1.9049],[29.36855,-1.90278],[29.36329,-1.89941],[29.36229,-1.89994],[29.36301,-1.90214],[29.35941,-1.90247],[29.35956,-1.90423],[29.35406,-1.9048],[29.34639,-1.89851],[29.34618,-1.89524],[29.33828,-1.89276],[29.33463,-1.89485],[29.32833,-1.88934],[29.32577,-1.88967],[29.32529,-1.89229],[29.32901,-1.89825],[29.32628,-1.90578],[29.32228,-1.9084],[29.32287,-1.91226],[29.32136,-1.91425],[29.32361,-1.91772],[29.32308,-1.92638]]]]}},{"type":"Feature","properties":{"d":"Rutsiro","s":"Mushonyi"},"geometry":{"type":"MultiPolygon","coordinates":[[[[29.28361,-1.84739],[29.28206,-1.84732],[29.28251,-1.85244],[29.28336,-1.84922],[29.28524,-1.84923],[29.28505,-1.84708],[29.28361,-1.84739]]],[[[29.32529,-1.89229],[29.32577,-1.88967],[29.32833,-1.88934],[29.33463,-1.89485],[29.33828,-1.89276],[29.34535,-1.88933],[29.34504,-1.888],[29.34255,-1.88737],[29.34542,-1.88445],[29.34551,-1.88196],[29.34865,-1.88282],[29.35048,-1.88153],[29.35175,-1.87818],[29.34971,-1.87662],[29.34892,-1.87358],[29.35099,-1.87071],[29.35486,-1.8736],[29.36101,-1.87132],[29.36175,-1.8669],[29.3589,-1.8625],[29.35694,-1.86283],[29.35664,-1.86105],[29.36468,-1.85408],[29.36474,-1.84618],[29.36655,-1.84431],[29.36184,-1.83816],[29.35699,-1.84161],[29.35571,-1.84551],[29.35378,-1.8458],[29.3518,-1.84977],[29.34441,-1.8452],[29.34245,-1.84765],[29.33882,-1.84719],[29.33752,-1.8509],[29.33308,-1.85058],[29.32735,-1.84056],[29.32352,-1.84068],[29.31891,-1.83816],[29.31572,-1.83939],[29.31357,-1.84463],[29.3116,-1.84418],[29.31126,-1.84603],[29.30716,-1.84686],[29.3043,-1.85201],[29.30029,-1.85146],[29.29664,-1.84805],[29.29616,-1.85013],[29.29123,-1.84881],[29.28881,-1.85043],[29.28844,-1.8486],[29.28631,-1.8506],[29.287,-1.85263],[29.28497,-1.85315],[29.28746,-1.85764],[29.28332,-1.8664],[29.28608,-1.86515],[29.28746,-1.86685],[29.28664,-1.86869],[29.28894,-1.87016],[29.29104,-1.86691],[29.2958,-1.8644],[29.29966,-1.86476],[29.29923,-1.86867],[29.30121,-1.87312],[29.29979,-1.87789],[29.31424,-1.87695],[29.3152,-1.88151],[29.31938,-1.8822],[29.31717,-1.88772],[29.31837,-1.89071],[29.31691,-1.89122],[29.31901,-1.89369],[29.32308,-1.89163],[29.32529,-1.89229]]]]}},{"type":"Feature","properties":{"d":"Rutsiro","s":"Mushubati"},"geometry":{"type":"MultiPolygon","coordinates":[[[[29.30262,-2.02333],[29.30146,-2.02268],[29.30108,-2.02382],[29.30262,-2.02333]]],[[[29.30692,-2.01522],[29.30472,-2.0178],[29.30665,-2.01921],[29.31196,-2.01948],[29.30692,-2.01522]]],[[[29.30104,-2.01055],[29.30031,-2.00974],[29.29917,-2.01118],[29.30218,-2.01378],[29.30286,-2.01182],[29.30104,-2.01055]]],[[[29.39896,-2.03044],[29.4019,-2.02663],[29.40173,-2.0246],[29.40712,-2.0261],[29.40982,-2.02453],[29.41178,-2.02528],[29.41315,-2.02373],[29.41659,-2.02409],[29.42101,-2.01741],[29.42584,-2.01855],[29.42815,-2.01652],[29.42728,-2.01513],[29.4323,-2.0131],[29.43479,-2.00939],[29.43913,-2.00748],[29.44044,-2.00283],[29.4455,-1.9995],[29.45046,-1.99927],[29.45568,-1.99026],[29.46353,-1.98752],[29.46248,-1.98454],[29.47123,-1.98395],[29.47179,-1.98146],[29.46956,-1.97989],[29.46887,-1.97645],[29.46957,-1.97242],[29.46685,-1.96884],[29.46401,-1.96799],[29.46208,-1.96424],[29.45608,-1.96818],[29.45037,-1.97754],[29.44607,-1.9801],[29.44719,-1.98224],[29.44603,-1.98488],[29.44181,-1.98426],[29.43958,-1.9822],[29.43865,-1.98292],[29.43597,-1.98043],[29.42598,-1.98105],[29.42397,-1.98266],[29.42113,-1.98188],[29.4171,-1.98378],[29.4182,-1.97555],[29.4139,-1.97356],[29.41186,-1.97011],[29.40587,-1.96641],[29.40648,-1.9616],[29.41041,-1.96053],[29.40864,-1.95586],[29.40983,-1.9513],[29.40327,-1.95507],[29.39902,-1.96079],[29.39875,-1.96463],[29.39341,-1.9715],[29.39354,-1.97408],[29.39168,-1.97579],[29.3859,-1.97611],[29.38576,-1.97774],[29.38182,-1.97763],[29.38406,-1.98181],[29.3833,-1.9861],[29.37725,-1.9916],[29.37662,-1.9959],[29.37321,-1.99943],[29.36901,-2.00109],[29.36692,-1.99741],[29.35974,-1.99771],[29.35453,-2.00091],[29.35328,-2.0046],[29.35393,-2.00668],[29.35814,-2.00753],[29.35767,-2.00904],[29.3546,-2.00911],[29.35734,-2.01168],[29.35411,-2.01195],[29.35455,-2.01442],[29.35342,-2.01489],[29.35464,-2.01814],[29.35264,-2.01743],[29.35064,-2.01951],[29.35486,-2.0218],[29.3532,-2.02766],[29.35681,-2.02568],[29.35699,-2.02358],[29.35842,-2.02396],[29.35951,-2.02209],[29.36165,-2.02393],[29.36381,-2.01909],[29.36526,-2.02078],[29.36835,-2.02093],[29.36531,-2.02221],[29.36429,-2.02479],[29.36716,-2.02465],[29.36643,-2.02707],[29.36814,-2.0265],[29.3686,-2.0283],[29.37418,-2.02382],[29.37657,-2.02549],[29.38072,-2.02468],[29.38221,-2.02557],[29.37965,-2.02805],[29.38039,-2.02942],[29.38782,-2.03047],[29.38952,-2.03415],[29.39352,-2.03294],[29.39467,-2.03662],[29.39896,-2.03044]]]]}},{"type":"Feature","properties":{"d":"Rutsiro","s":"Nyabirasi"},"geometry":{"type":"Polygon","coordinates":[[[29.37831,-1.82827],[29.38658,-1.82601],[29.38675,-1.81846],[29.38937,-1.81109],[29.40596,-1.80893],[29.41455,-1.80469],[29.41502,-1.80281],[29.41112,-1.80081],[29.40877,-1.80149],[29.40851,-1.80292],[29.40481,-1.80288],[29.40352,-1.79932],[29.40115,-1.80028],[29.40006,-1.79838],[29.39862,-1.79849],[29.39872,-1.79628],[29.40531,-1.79328],[29.40917,-1.79395],[29.41078,-1.7916],[29.41419,-1.792],[29.41604,-1.79481],[29.41842,-1.79459],[29.42427,-1.78643],[29.4303,-1.78092],[29.4364,-1.77927],[29.4398,-1.77585],[29.44449,-1.77567],[29.44694,-1.77709],[29.44712,-1.77339],[29.44553,-1.77111],[29.44824,-1.76566],[29.44805,-1.76145],[29.44452,-1.75619],[29.44489,-1.75254],[29.43725,-1.74791],[29.43485,-1.73864],[29.43177,-1.73891],[29.42974,-1.73736],[29.42754,-1.73828],[29.4239,-1.73552],[29.42353,-1.73651],[29.4219,-1.73473],[29.42043,-1.7352],[29.4199,-1.73266],[29.42122,-1.73062],[29.4199,-1.72953],[29.41335,-1.73131],[29.40866,-1.72942],[29.40697,-1.73012],[29.39986,-1.73821],[29.38255,-1.73426],[29.38175,-1.73538],[29.37929,-1.73431],[29.37197,-1.73608],[29.37301,-1.74018],[29.37135,-1.74244],[29.37173,-1.74437],[29.36977,-1.74587],[29.37136,-1.74853],[29.37042,-1.75077],[29.36622,-1.75236],[29.35848,-1.75052],[29.35512,-1.74743],[29.35056,-1.75133],[29.34492,-1.75041],[29.34292,-1.74934],[29.34295,-1.74653],[29.34135,-1.7458],[29.33641,-1.74691],[29.334,-1.74471],[29.33081,-1.74586],[29.32881,-1.74403],[29.32352,-1.74365],[29.32173,-1.74138],[29.31065,-1.73778],[29.31081,-1.73826],[29.32059,-1.75545],[29.32711,-1.75727],[29.32701,-1.75891],[29.32284,-1.76156],[29.32552,-1.76459],[29.32632,-1.7699],[29.32823,-1.77012],[29.32808,-1.77614],[29.33164,-1.778],[29.33167,-1.7829],[29.33387,-1.78488],[29.33345,-1.79386],[29.3362,-1.79465],[29.33887,-1.79998],[29.3427,-1.80343],[29.34619,-1.80279],[29.34816,-1.80052],[29.35258,-1.80514],[29.35874,-1.80586],[29.35858,-1.80825],[29.36277,-1.81162],[29.35947,-1.81264],[29.35922,-1.82325],[29.37424,-1.82531],[29.37459,-1.82672],[29.3763,-1.82625],[29.37831,-1.82827]]]}},{"type":"Feature","properties":{"d":"Rutsiro","s":"Ruhango"},"geometry":{"type":"Polygon","coordinates":[[[29.36184,-1.83816],[29.36655,-1.84431],[29.36474,-1.84618],[29.36468,-1.85408],[29.35664,-1.86105],[29.35694,-1.86283],[29.3589,-1.8625],[29.36175,-1.8669],[29.36101,-1.87132],[29.35486,-1.8736],[29.35099,-1.87071],[29.34892,-1.87358],[29.34971,-1.87662],[29.35175,-1.87818],[29.35048,-1.88153],[29.34865,-1.88282],[29.34551,-1.88196],[29.34542,-1.88445],[29.34255,-1.88737],[29.34504,-1.888],[29.34535,-1.88933],[29.33828,-1.89276],[29.34618,-1.89524],[29.34639,-1.89851],[29.35406,-1.9048],[29.35956,-1.90423],[29.35941,-1.90247],[29.36301,-1.90214],[29.36229,-1.89994],[29.36329,-1.89941],[29.36855,-1.90278],[29.369,-1.9049],[29.3713,-1.90151],[29.36991,-1.89675],[29.37296,-1.89215],[29.38054,-1.89441],[29.38513,-1.88756],[29.38883,-1.88902],[29.39171,-1.88739],[29.39455,-1.88439],[29.39635,-1.88427],[29.39905,-1.87854],[29.40057,-1.87828],[29.40208,-1.87168],[29.40613,-1.87129],[29.40649,-1.86961],[29.4095,-1.86791],[29.41004,-1.86661],[29.40442,-1.85786],[29.40169,-1.84908],[29.41624,-1.85189],[29.41882,-1.84975],[29.41978,-1.85314],[29.42332,-1.85403],[29.4263,-1.85167],[29.42875,-1.85566],[29.43144,-1.85652],[29.43712,-1.85303],[29.43765,-1.85142],[29.43521,-1.84675],[29.43649,-1.84523],[29.43572,-1.84272],[29.43413,-1.84234],[29.43536,-1.83911],[29.4315,-1.83599],[29.43035,-1.83316],[29.43358,-1.82889],[29.42967,-1.81647],[29.42545,-1.81488],[29.42278,-1.81155],[29.41815,-1.8121],[29.41521,-1.80898],[29.41455,-1.80469],[29.40596,-1.80893],[29.38937,-1.81109],[29.38675,-1.81846],[29.38658,-1.82601],[29.37831,-1.82827],[29.36927,-1.83047],[29.36607,-1.83568],[29.36184,-1.83816]]]}},{"type":"Feature","properties":{"d":"Rutsiro","s":"Rusebeya"},"geometry":{"type":"Polygon","coordinates":[[[29.46208,-1.96424],[29.46401,-1.96799],[29.46685,-1.96884],[29.46957,-1.97242],[29.47553,-1.97003],[29.4838,-1.96389],[29.4855,-1.96683],[29.4869,-1.96593],[29.48675,-1.96781],[29.48849,-1.96843],[29.49201,-1.96691],[29.49526,-1.96745],[29.49534,-1.97284],[29.49899,-1.97775],[29.50207,-1.97805],[29.5067,-1.97499],[29.5108,-1.97872],[29.51487,-1.97791],[29.51669,-1.97529],[29.52425,-1.97592],[29.52438,-1.97396],[29.52669,-1.97258],[29.52539,-1.97103],[29.5284,-1.97025],[29.52778,-1.96642],[29.52874,-1.96615],[29.52704,-1.96539],[29.5281,-1.96361],[29.527,-1.96207],[29.53311,-1.95436],[29.52906,-1.95223],[29.52878,-1.9508],[29.52527,-1.95123],[29.51454,-1.94137],[29.51492,-1.93736],[29.5082,-1.93274],[29.50899,-1.93062],[29.50647,-1.93069],[29.50837,-1.92733],[29.50583,-1.92608],[29.50418,-1.92688],[29.50091,-1.9225],[29.49572,-1.9231],[29.49185,-1.91812],[29.49017,-1.91933],[29.48376,-1.91501],[29.48058,-1.91737],[29.47962,-1.9165],[29.48087,-1.91577],[29.47893,-1.91403],[29.47914,-1.9096],[29.47194,-1.90203],[29.47272,-1.8998],[29.47125,-1.89915],[29.47229,-1.89821],[29.4715,-1.89503],[29.4666,-1.89114],[29.46661,-1.88779],[29.46846,-1.88701],[29.4672,-1.88275],[29.46162,-1.88043],[29.46173,-1.87541],[29.4581,-1.8727],[29.45254,-1.87487],[29.45236,-1.87697],[29.45547,-1.87844],[29.45278,-1.88434],[29.4548,-1.88501],[29.45351,-1.88721],[29.45533,-1.89178],[29.44927,-1.88954],[29.4447,-1.89437],[29.44133,-1.89132],[29.43968,-1.89138],[29.44131,-1.89419],[29.44112,-1.90124],[29.44336,-1.90567],[29.44559,-1.90667],[29.45079,-1.90492],[29.45733,-1.90497],[29.45672,-1.90834],[29.45817,-1.90968],[29.45717,-1.91343],[29.45975,-1.91791],[29.46273,-1.91949],[29.45607,-1.92408],[29.44792,-1.92677],[29.44696,-1.93478],[29.45016,-1.94526],[29.45614,-1.94834],[29.45251,-1.95207],[29.45479,-1.95218],[29.46208,-1.96424]]]}},{"type":"Feature","properties":{"d":"Rubavu","s":"Bugeshi"},"geometry":{"type":"Polygon","coordinates":[[[29.40101,-1.56621],[29.39569,-1.55934],[29.38827,-1.55957],[29.38816,-1.56195],[29.38096,-1.56217],[29.38076,-1.55305],[29.38432,-1.55276],[29.38433,-1.54989],[29.39869,-1.54904],[29.39754,-1.50789],[29.36165,-1.5092],[29.35362,-1.5367],[29.35496,-1.54219],[29.35329,-1.54759],[29.35452,-1.55689],[29.35365,-1.56036],[29.35593,-1.56688],[29.35538,-1.57086],[29.35248,-1.57303],[29.35667,-1.57615],[29.35934,-1.57376],[29.36195,-1.57499],[29.36409,-1.57369],[29.36745,-1.57409],[29.36999,-1.57555],[29.37821,-1.57315],[29.3826,-1.5733],[29.39077,-1.56861],[29.39035,-1.56684],[29.39217,-1.56763],[29.40101,-1.56621]]]}},{"type":"Feature","properties":{"d":"Rubavu","s":"Busasamana"},"geometry":{"type":"Polygon","coordinates":[[[29.35362,-1.5367],[29.33688,-1.54755],[29.32791,-1.56576],[29.32639,-1.57482],[29.32053,-1.58061],[29.31037,-1.59997],[29.29907,-1.60628],[29.29586,-1.61145],[29.29863,-1.61175],[29.30113,-1.61422],[29.30897,-1.61312],[29.31667,-1.61475],[29.32289,-1.6114],[29.32745,-1.61211],[29.33128,-1.61513],[29.33342,-1.62153],[29.33372,-1.6281],[29.34596,-1.62536],[29.35881,-1.62582],[29.35768,-1.5962],[29.35961,-1.5904],[29.35667,-1.57615],[29.35248,-1.57303],[29.35538,-1.57086],[29.35593,-1.56688],[29.35365,-1.56036],[29.35452,-1.55689],[29.35329,-1.54759],[29.35496,-1.54219],[29.35362,-1.5367]]]}},{"type":"Feature","properties":{"d":"Rubavu","s":"Cyanzarwe"},"geometry":{"type":"Polygon","coordinates":[[[29.29586,-1.61145],[29.29364,-1.61468],[29.27048,-1.62796],[29.27175,-1.63162],[29.27474,-1.63271],[29.27511,-1.63502],[29.28005,-1.64017],[29.28128,-1.64753],[29.29095,-1.6476],[29.29009,-1.65064],[29.29296,-1.6525],[29.29145,-1.65351],[29.29833,-1.65837],[29.30012,-1.65763],[29.29765,-1.65547],[29.29994,-1.64966],[29.30345,-1.65111],[29.3196,-1.64958],[29.32089,-1.65102],[29.32494,-1.6487],[29.32592,-1.65046],[29.32767,-1.64859],[29.32894,-1.65165],[29.3323,-1.64977],[29.33155,-1.65287],[29.33296,-1.66213],[29.33725,-1.65876],[29.34425,-1.65603],[29.3459,-1.65335],[29.35307,-1.64929],[29.36043,-1.64634],[29.36689,-1.64813],[29.36579,-1.63655],[29.35909,-1.62594],[29.35881,-1.62582],[29.34596,-1.62536],[29.33372,-1.6281],[29.33342,-1.62153],[29.33128,-1.61513],[29.32745,-1.61211],[29.32289,-1.6114],[29.31667,-1.61475],[29.30897,-1.61312],[29.30113,-1.61422],[29.29863,-1.61175],[29.29586,-1.61145]]]}},{"type":"Feature","properties":{"d":"Rubavu","s":"Gisenyi"},"geometry":{"type":"Polygon","coordinates":[[[29.27271,-1.67792],[29.27575,-1.67312],[29.27378,-1.66891],[29.27103,-1.66794],[29.26732,-1.66768],[29.26497,-1.67113],[29.26188,-1.67258],[29.2587,-1.67168],[29.25919,-1.66854],[29.25706,-1.66812],[29.25422,-1.6677],[29.2515,-1.66975],[29.24295,-1.66883],[29.24437,-1.67595],[29.24494,-1.69796],[29.25343,-1.69805],[29.26907,-1.71455],[29.27016,-1.71473],[29.27292,-1.71481],[29.27432,-1.71322],[29.27546,-1.70729],[29.27406,-1.70538],[29.26648,-1.70308],[29.26566,-1.70144],[29.26853,-1.69788],[29.26481,-1.69798],[29.26824,-1.69138],[29.26962,-1.68074],[29.27271,-1.67792]]]}},{"type":"Feature","properties":{"d":"Rubavu","s":"Kanama"},"geometry":{"type":"Polygon","coordinates":[[[29.4199,-1.72953],[29.42084,-1.72659],[29.42265,-1.72581],[29.42152,-1.72193],[29.42453,-1.71601],[29.42679,-1.71477],[29.42989,-1.71599],[29.4349,-1.71479],[29.43444,-1.71169],[29.43566,-1.71019],[29.43307,-1.70712],[29.43245,-1.70368],[29.43718,-1.69262],[29.43099,-1.68775],[29.42662,-1.6884],[29.41744,-1.68579],[29.41472,-1.6874],[29.41113,-1.68599],[29.40793,-1.6808],[29.40273,-1.68054],[29.40051,-1.68204],[29.3986,-1.67994],[29.39679,-1.68115],[29.3934,-1.67809],[29.38824,-1.67772],[29.38563,-1.67984],[29.3833,-1.67859],[29.38394,-1.68199],[29.38128,-1.68089],[29.37929,-1.68257],[29.3784,-1.67855],[29.37406,-1.68134],[29.37501,-1.68346],[29.37257,-1.68497],[29.37589,-1.68659],[29.37189,-1.68785],[29.37048,-1.69104],[29.36029,-1.69823],[29.35583,-1.6988],[29.34793,-1.69607],[29.34427,-1.69849],[29.33991,-1.69763],[29.34427,-1.69878],[29.34609,-1.7007],[29.34452,-1.70281],[29.34527,-1.70858],[29.36002,-1.71003],[29.36268,-1.71891],[29.36614,-1.72254],[29.36558,-1.72815],[29.3702,-1.73169],[29.37197,-1.73608],[29.37929,-1.73431],[29.38175,-1.73538],[29.38255,-1.73426],[29.39986,-1.73821],[29.40697,-1.73012],[29.40866,-1.72942],[29.41335,-1.73131],[29.4199,-1.72953]]]}},{"type":"Feature","properties":{"d":"Rubavu","s":"Kanzenze"},"geometry":{"type":"Polygon","coordinates":[[[29.36689,-1.64813],[29.36904,-1.65082],[29.37053,-1.65688],[29.37304,-1.65739],[29.37036,-1.65873],[29.36912,-1.66408],[29.3755,-1.66466],[29.37751,-1.66905],[29.37636,-1.67323],[29.3784,-1.67855],[29.37929,-1.68257],[29.38128,-1.68089],[29.38394,-1.68199],[29.3833,-1.67859],[29.38563,-1.67984],[29.38824,-1.67772],[29.3934,-1.67809],[29.39679,-1.68115],[29.3986,-1.67994],[29.40079,-1.67305],[29.39945,-1.66755],[29.40147,-1.66502],[29.39897,-1.6594],[29.40065,-1.65855],[29.40191,-1.6538],[29.40223,-1.64292],[29.40086,-1.63848],[29.41627,-1.63111],[29.4188,-1.62934],[29.41735,-1.62731],[29.41383,-1.62732],[29.40952,-1.62497],[29.39997,-1.62445],[29.39495,-1.62604],[29.38302,-1.62445],[29.38016,-1.62632],[29.3748,-1.62686],[29.36891,-1.62541],[29.35909,-1.62594],[29.36579,-1.63655],[29.36689,-1.64813]]]}},{"type":"Feature","properties":{"d":"Rubavu","s":"Mudende"},"geometry":{"type":"Polygon","coordinates":[[[29.35667,-1.57615],[29.35961,-1.5904],[29.35768,-1.5962],[29.35881,-1.62582],[29.35909,-1.62594],[29.36891,-1.62541],[29.3748,-1.62686],[29.38016,-1.62632],[29.38302,-1.62445],[29.39495,-1.62604],[29.39997,-1.62445],[29.40952,-1.62497],[29.41383,-1.62732],[29.41735,-1.62731],[29.41185,-1.61895],[29.41728,-1.61746],[29.41308,-1.60957],[29.41561,-1.60733],[29.40393,-1.59939],[29.40328,-1.5847],[29.40144,-1.57736],[29.40601,-1.56964],[29.40101,-1.56621],[29.39217,-1.56763],[29.39035,-1.56684],[29.39077,-1.56861],[29.3826,-1.5733],[29.37821,-1.57315],[29.36999,-1.57555],[29.36745,-1.57409],[29.36409,-1.57369],[29.36195,-1.57499],[29.35934,-1.57376],[29.35667,-1.57615]]]}},{"type":"Feature","properties":{"d":"Rubavu","s":"Nyakiriba"},"geometry":{"type":"Polygon","coordinates":[[[29.33296,-1.66213],[29.33249,-1.66571],[29.33094,-1.68323],[29.3393,-1.69349],[29.33972,-1.69765],[29.33991,-1.69763],[29.34427,-1.69849],[29.34793,-1.69607],[29.35583,-1.6988],[29.36029,-1.69823],[29.37048,-1.69104],[29.37189,-1.68785],[29.37589,-1.68659],[29.37257,-1.68497],[29.37501,-1.68346],[29.37406,-1.68134],[29.3784,-1.67855],[29.37636,-1.67323],[29.37751,-1.66905],[29.3755,-1.66466],[29.36912,-1.66408],[29.37036,-1.65873],[29.37304,-1.65739],[29.37053,-1.65688],[29.36904,-1.65082],[29.36689,-1.64813],[29.36043,-1.64634],[29.35307,-1.64929],[29.3459,-1.65335],[29.34425,-1.65603],[29.33725,-1.65876],[29.33296,-1.66213]]]}},{"type":"Feature","properties":{"d":"Rubavu","s":"Nyamyumba"},"geometry":{"type":"Polygon","coordinates":[[[29.31081,-1.73826],[29.31065,-1.73778],[29.30755,-1.73078],[29.31231,-1.71846],[29.31254,-1.71248],[29.30712,-1.70886],[29.30655,-1.70688],[29.30467,-1.70706],[29.30085,-1.70928],[29.30046,-1.71153],[29.29687,-1.71432],[29.28976,-1.71631],[29.28511,-1.71564],[29.28217,-1.7177],[29.27457,-1.71727],[29.27016,-1.71473],[29.26907,-1.71455],[29.26605,-1.71483],[29.26541,-1.71767],[29.26109,-1.71974],[29.261,-1.72601],[29.2572,-1.72604],[29.25534,-1.72924],[29.2579,-1.72883],[29.26461,-1.73384],[29.26727,-1.73125],[29.27022,-1.73343],[29.27193,-1.73243],[29.27629,-1.7361],[29.27929,-1.73561],[29.27887,-1.73853],[29.27449,-1.73924],[29.272,-1.73695],[29.26987,-1.7398],[29.27228,-1.74144],[29.27478,-1.73972],[29.27712,-1.74259],[29.2801,-1.74249],[29.28202,-1.74809],[29.27888,-1.74695],[29.27671,-1.74918],[29.27812,-1.75121],[29.27565,-1.75295],[29.27811,-1.75434],[29.28043,-1.7528],[29.28077,-1.75478],[29.27627,-1.7589],[29.27317,-1.75758],[29.26971,-1.75999],[29.27222,-1.76114],[29.2753,-1.76012],[29.27632,-1.76304],[29.27265,-1.76778],[29.27859,-1.77019],[29.27898,-1.77262],[29.28165,-1.77196],[29.28223,-1.76896],[29.28358,-1.7705],[29.28753,-1.76996],[29.28819,-1.77097],[29.2917,-1.76877],[29.29743,-1.76753],[29.29895,-1.76918],[29.3008,-1.76755],[29.30154,-1.76359],[29.29868,-1.75569],[29.30152,-1.75136],[29.30022,-1.74993],[29.30071,-1.74699],[29.31081,-1.73826]]]}},{"type":"Feature","properties":{"d":"Rubavu","s":"Nyundo"},"geometry":{"type":"Polygon","coordinates":[[[29.37197,-1.73608],[29.3702,-1.73169],[29.36558,-1.72815],[29.36614,-1.72254],[29.36268,-1.71891],[29.36002,-1.71003],[29.34527,-1.70858],[29.34452,-1.70281],[29.34609,-1.7007],[29.34427,-1.69878],[29.33991,-1.69763],[29.33972,-1.69765],[29.33314,-1.70186],[29.32848,-1.7027],[29.31934,-1.69892],[29.31449,-1.69923],[29.30632,-1.69373],[29.2955,-1.69041],[29.29467,-1.692],[29.29982,-1.69228],[29.30136,-1.69488],[29.30183,-1.69949],[29.3003,-1.70084],[29.3021,-1.70515],[29.30437,-1.70525],[29.30467,-1.70706],[29.30655,-1.70688],[29.30712,-1.70886],[29.31254,-1.71248],[29.31231,-1.71846],[29.30755,-1.73078],[29.31065,-1.73778],[29.32173,-1.74138],[29.32352,-1.74365],[29.32881,-1.74403],[29.33081,-1.74586],[29.334,-1.74471],[29.33641,-1.74691],[29.34135,-1.7458],[29.34295,-1.74653],[29.34292,-1.74934],[29.34492,-1.75041],[29.35056,-1.75133],[29.35512,-1.74743],[29.35848,-1.75052],[29.36622,-1.75236],[29.37042,-1.75077],[29.37136,-1.74853],[29.36977,-1.74587],[29.37173,-1.74437],[29.37135,-1.74244],[29.37301,-1.74018],[29.37197,-1.73608]]]}},{"type":"Feature","properties":{"d":"Rubavu","s":"Rubavu"},"geometry":{"type":"Polygon","coordinates":[[[29.27048,-1.62796],[29.26814,-1.6295],[29.26155,-1.64825],[29.25641,-1.65832],[29.24295,-1.66883],[29.2515,-1.66975],[29.25422,-1.6677],[29.25706,-1.66812],[29.25919,-1.66854],[29.2587,-1.67168],[29.26188,-1.67258],[29.26497,-1.67113],[29.26732,-1.66768],[29.27103,-1.66794],[29.27378,-1.66891],[29.27575,-1.67312],[29.27271,-1.67792],[29.27646,-1.67775],[29.28099,-1.68094],[29.28565,-1.68215],[29.2962,-1.67748],[29.30331,-1.67785],[29.30417,-1.68066],[29.31206,-1.67786],[29.30942,-1.67113],[29.30999,-1.66786],[29.31306,-1.66901],[29.33249,-1.66571],[29.33296,-1.66213],[29.33155,-1.65287],[29.3323,-1.64977],[29.32894,-1.65165],[29.32767,-1.64859],[29.32592,-1.65046],[29.32494,-1.6487],[29.32089,-1.65102],[29.3196,-1.64958],[29.30345,-1.65111],[29.29994,-1.64966],[29.29765,-1.65547],[29.30012,-1.65763],[29.29833,-1.65837],[29.29145,-1.65351],[29.29296,-1.6525],[29.29009,-1.65064],[29.29095,-1.6476],[29.28128,-1.64753],[29.28005,-1.64017],[29.27511,-1.63502],[29.27474,-1.63271],[29.27175,-1.63162],[29.27048,-1.62796]]]}},{"type":"Feature","properties":{"d":"Rubavu","s":"Rugerero"},"geometry":{"type":"Polygon","coordinates":[[[29.27016,-1.71473],[29.27457,-1.71727],[29.28217,-1.7177],[29.28511,-1.71564],[29.28976,-1.71631],[29.29687,-1.71432],[29.30046,-1.71153],[29.30085,-1.70928],[29.30467,-1.70706],[29.30437,-1.70525],[29.3021,-1.70515],[29.3003,-1.70084],[29.30183,-1.69949],[29.30136,-1.69488],[29.29982,-1.69228],[29.29467,-1.692],[29.2955,-1.69041],[29.30632,-1.69373],[29.31449,-1.69923],[29.31934,-1.69892],[29.32848,-1.7027],[29.33314,-1.70186],[29.33972,-1.69765],[29.3393,-1.69349],[29.33094,-1.68323],[29.33249,-1.66571],[29.31306,-1.66901],[29.30999,-1.66786],[29.30942,-1.67113],[29.31206,-1.67786],[29.30417,-1.68066],[29.30331,-1.67785],[29.2962,-1.67748],[29.28565,-1.68215],[29.28099,-1.68094],[29.27646,-1.67775],[29.27271,-1.67792],[29.26962,-1.68074],[29.26824,-1.69138],[29.26481,-1.69798],[29.26853,-1.69788],[29.26566,-1.70144],[29.26648,-1.70308],[29.27406,-1.70538],[29.27546,-1.70729],[29.27432,-1.71322],[29.27292,-1.71481],[29.27016,-1.71473]]]}},{"type":"Feature","properties":{"d":"Nyabihu","s":"Bigogwe"},"geometry":{"type":"Polygon","coordinates":[[[29.43718,-1.69262],[29.43804,-1.69216],[29.43561,-1.68474],[29.4376,-1.68197],[29.4362,-1.67845],[29.44581,-1.67308],[29.44578,-1.66402],[29.44957,-1.65637],[29.45175,-1.65465],[29.45499,-1.64948],[29.45083,-1.64489],[29.44846,-1.62556],[29.44762,-1.62399],[29.44994,-1.61586],[29.44861,-1.59868],[29.44993,-1.58679],[29.44584,-1.58525],[29.45349,-1.56403],[29.45003,-1.50608],[29.44451,-1.56917],[29.44152,-1.57575],[29.44271,-1.57623],[29.44137,-1.57951],[29.43848,-1.58267],[29.44152,-1.58379],[29.44009,-1.58684],[29.446,-1.5897],[29.4452,-1.59269],[29.4406,-1.59078],[29.41595,-1.5914],[29.41561,-1.60733],[29.41308,-1.60957],[29.41728,-1.61746],[29.41185,-1.61895],[29.41735,-1.62731],[29.4188,-1.62934],[29.41627,-1.63111],[29.40086,-1.63848],[29.40223,-1.64292],[29.40191,-1.6538],[29.40065,-1.65855],[29.39897,-1.6594],[29.40147,-1.66502],[29.39945,-1.66755],[29.40079,-1.67305],[29.3986,-1.67994],[29.40051,-1.68204],[29.40273,-1.68054],[29.40793,-1.6808],[29.41113,-1.68599],[29.41472,-1.6874],[29.41744,-1.68579],[29.42662,-1.6884],[29.43099,-1.68775],[29.43718,-1.69262]]]}},{"type":"Feature","properties":{"d":"Nyabihu","s":"Jenda"},"geometry":{"type":"Polygon","coordinates":[[[29.44846,-1.62556],[29.45615,-1.62839],[29.46857,-1.63646],[29.4708,-1.63613],[29.46883,-1.63043],[29.47217,-1.63414],[29.47404,-1.63441],[29.4745,-1.63199],[29.47792,-1.63139],[29.47973,-1.6291],[29.48686,-1.62708],[29.4875,-1.62842],[29.48941,-1.62807],[29.48882,-1.62645],[29.49074,-1.62715],[29.49738,-1.62347],[29.49394,-1.62226],[29.49512,-1.62061],[29.49216,-1.61848],[29.49047,-1.62165],[29.48867,-1.62119],[29.48515,-1.61645],[29.48177,-1.61443],[29.48365,-1.60944],[29.4833,-1.60617],[29.48847,-1.60726],[29.48656,-1.60312],[29.48988,-1.60073],[29.49376,-1.59375],[29.49864,-1.59754],[29.49975,-1.60088],[29.50327,-1.6029],[29.50712,-1.59605],[29.50603,-1.5922],[29.4988,-1.58899],[29.49668,-1.58027],[29.49845,-1.57872],[29.49695,-1.57792],[29.49639,-1.57311],[29.4933,-1.57255],[29.4948,-1.56807],[29.48854,-1.56352],[29.48183,-1.55445],[29.45462,-1.51545],[29.45003,-1.50608],[29.45349,-1.56403],[29.44584,-1.58525],[29.44993,-1.58679],[29.44861,-1.59868],[29.44994,-1.61586],[29.44762,-1.62399],[29.44846,-1.62556]]]}},{"type":"Feature","properties":{"d":"Nyabihu","s":"Jomba"},"geometry":{"type":"Polygon","coordinates":[[[29.57173,-1.69673],[29.56964,-1.69803],[29.56732,-1.69735],[29.56302,-1.69201],[29.55845,-1.69177],[29.55688,-1.69367],[29.55802,-1.69663],[29.55725,-1.70033],[29.55096,-1.70643],[29.5464,-1.71258],[29.54624,-1.71808],[29.54359,-1.72189],[29.54461,-1.72526],[29.54314,-1.72806],[29.54261,-1.73685],[29.54053,-1.73674],[29.5399,-1.74058],[29.54696,-1.74697],[29.55424,-1.74825],[29.5624,-1.74671],[29.57308,-1.74102],[29.57706,-1.7414],[29.58046,-1.74415],[29.58664,-1.74614],[29.59391,-1.74773],[29.59653,-1.74647],[29.6082,-1.74724],[29.61071,-1.74292],[29.61595,-1.74346],[29.61641,-1.74103],[29.61807,-1.74018],[29.61669,-1.73503],[29.62332,-1.73235],[29.628,-1.72695],[29.62219,-1.72373],[29.61076,-1.72095],[29.60387,-1.71253],[29.59773,-1.71007],[29.59431,-1.71063],[29.58305,-1.71979],[29.58419,-1.70731],[29.57539,-1.7015],[29.57173,-1.69673]]]}},{"type":"Feature","properties":{"d":"Nyabihu","s":"Kabatwa"},"geometry":{"type":"Polygon","coordinates":[[[29.40101,-1.56621],[29.40601,-1.56964],[29.40144,-1.57736],[29.40328,-1.5847],[29.40393,-1.59939],[29.41561,-1.60733],[29.41595,-1.5914],[29.4406,-1.59078],[29.4452,-1.59269],[29.446,-1.5897],[29.44009,-1.58684],[29.44152,-1.58379],[29.43848,-1.58267],[29.44137,-1.57951],[29.44271,-1.57623],[29.44152,-1.57575],[29.44451,-1.56917],[29.45003,-1.50608],[29.45,-1.50602],[29.39754,-1.50789],[29.39869,-1.54904],[29.38433,-1.54989],[29.38432,-1.55276],[29.38076,-1.55305],[29.38096,-1.56217],[29.38816,-1.56195],[29.38827,-1.55957],[29.39569,-1.55934],[29.40101,-1.56621]]]}},{"type":"Feature","properties":{"d":"Nyabihu","s":"Karago"},"geometry":{"type":"Polygon","coordinates":[[[29.45175,-1.65465],[29.45296,-1.65651],[29.46283,-1.66157],[29.46989,-1.65858],[29.48214,-1.66327],[29.48701,-1.66213],[29.48704,-1.66111],[29.49508,-1.66421],[29.50029,-1.66291],[29.50239,-1.66555],[29.5082,-1.66537],[29.51888,-1.65718],[29.5238,-1.66044],[29.52832,-1.66734],[29.53327,-1.66714],[29.54151,-1.67025],[29.54188,-1.67149],[29.54269,-1.66578],[29.54989,-1.66902],[29.55112,-1.66327],[29.549,-1.65774],[29.55188,-1.65516],[29.55219,-1.64983],[29.54833,-1.6504],[29.54167,-1.64308],[29.53474,-1.64144],[29.5319,-1.63825],[29.52345,-1.63816],[29.5239,-1.63173],[29.52213,-1.62698],[29.51623,-1.6254],[29.51314,-1.62868],[29.50791,-1.62926],[29.50968,-1.62612],[29.50603,-1.62364],[29.50677,-1.62101],[29.50501,-1.61898],[29.50135,-1.62238],[29.49738,-1.62347],[29.49074,-1.62715],[29.48882,-1.62645],[29.48941,-1.62807],[29.4875,-1.62842],[29.48686,-1.62708],[29.47973,-1.6291],[29.47792,-1.63139],[29.4745,-1.63199],[29.47404,-1.63441],[29.47217,-1.63414],[29.46883,-1.63043],[29.4708,-1.63613],[29.46857,-1.63646],[29.45615,-1.62839],[29.44846,-1.62556],[29.45083,-1.64489],[29.45499,-1.64948],[29.45175,-1.65465]]]}},{"type":"Feature","properties":{"d":"Nyabihu","s":"Kintobo"},"geometry":{"type":"Polygon","coordinates":[[[29.54167,-1.64308],[29.54656,-1.63972],[29.55432,-1.64036],[29.55931,-1.63432],[29.56474,-1.63208],[29.56997,-1.62629],[29.57075,-1.62091],[29.57277,-1.61975],[29.57654,-1.61326],[29.57876,-1.61382],[29.57942,-1.61211],[29.57795,-1.6108],[29.57642,-1.60156],[29.57956,-1.59398],[29.58442,-1.58962],[29.58268,-1.58869],[29.57013,-1.58352],[29.56787,-1.57786],[29.55924,-1.56992],[29.556,-1.57249],[29.55657,-1.57567],[29.55526,-1.57658],[29.5524,-1.57581],[29.55024,-1.569],[29.54848,-1.56787],[29.54546,-1.57144],[29.54015,-1.57122],[29.53828,-1.5746],[29.53748,-1.57745],[29.54437,-1.5914],[29.54245,-1.59925],[29.54606,-1.61146],[29.54513,-1.61339],[29.54152,-1.61469],[29.54023,-1.6248],[29.53353,-1.63035],[29.53564,-1.63334],[29.53388,-1.63429],[29.5239,-1.63173],[29.52345,-1.63816],[29.5319,-1.63825],[29.53474,-1.64144],[29.54167,-1.64308]]]}},{"type":"Feature","properties":{"d":"Nyabihu","s":"Mukamira"},"geometry":{"type":"Polygon","coordinates":[[[29.49738,-1.62347],[29.50135,-1.62238],[29.50501,-1.61898],[29.50677,-1.62101],[29.50603,-1.62364],[29.50968,-1.62612],[29.50791,-1.62926],[29.51314,-1.62868],[29.51623,-1.6254],[29.52213,-1.62698],[29.5239,-1.63173],[29.53388,-1.63429],[29.53564,-1.63334],[29.53353,-1.63035],[29.54023,-1.6248],[29.54152,-1.61469],[29.54513,-1.61339],[29.54606,-1.61146],[29.54245,-1.59925],[29.54437,-1.5914],[29.53748,-1.57745],[29.53828,-1.5746],[29.53486,-1.57123],[29.52964,-1.5725],[29.52218,-1.56943],[29.50795,-1.56224],[29.50705,-1.56399],[29.49917,-1.56366],[29.49262,-1.55847],[29.47311,-1.53612],[29.45003,-1.50608],[29.45462,-1.51545],[29.48183,-1.55445],[29.48854,-1.56352],[29.4948,-1.56807],[29.4933,-1.57255],[29.49639,-1.57311],[29.49695,-1.57792],[29.49845,-1.57872],[29.49668,-1.58027],[29.4988,-1.58899],[29.50603,-1.5922],[29.50712,-1.59605],[29.50327,-1.6029],[29.49975,-1.60088],[29.49864,-1.59754],[29.49376,-1.59375],[29.48988,-1.60073],[29.48656,-1.60312],[29.48847,-1.60726],[29.4833,-1.60617],[29.48365,-1.60944],[29.48177,-1.61443],[29.48515,-1.61645],[29.48867,-1.62119],[29.49047,-1.62165],[29.49216,-1.61848],[29.49512,-1.62061],[29.49394,-1.62226],[29.49738,-1.62347]]]}},{"type":"Feature","properties":{"d":"Nyabihu","s":"Muringa"},"geometry":{"type":"Polygon","coordinates":[[[29.43485,-1.73864],[29.44022,-1.73533],[29.44591,-1.73677],[29.45201,-1.73558],[29.45623,-1.73893],[29.45255,-1.7473],[29.45664,-1.74665],[29.46225,-1.75266],[29.46253,-1.76409],[29.47049,-1.767],[29.48786,-1.76695],[29.49482,-1.77143],[29.5031,-1.7701],[29.50719,-1.77639],[29.51157,-1.77421],[29.51483,-1.76749],[29.51862,-1.76596],[29.51914,-1.76248],[29.5222,-1.75946],[29.52159,-1.7577],[29.52361,-1.75667],[29.52376,-1.75094],[29.52686,-1.75074],[29.52783,-1.75212],[29.53041,-1.75123],[29.53256,-1.74918],[29.53326,-1.74481],[29.53666,-1.74378],[29.53816,-1.74082],[29.5399,-1.74058],[29.54053,-1.73674],[29.54261,-1.73685],[29.54314,-1.72806],[29.54461,-1.72526],[29.54359,-1.72189],[29.54624,-1.71808],[29.5464,-1.71258],[29.55096,-1.70643],[29.5457,-1.70618],[29.54134,-1.69968],[29.53484,-1.6966],[29.53125,-1.69847],[29.53049,-1.70257],[29.52561,-1.70176],[29.52329,-1.69984],[29.51857,-1.69961],[29.51378,-1.70231],[29.50729,-1.70199],[29.50239,-1.7058],[29.49193,-1.70377],[29.4848,-1.70853],[29.47941,-1.70832],[29.47593,-1.70623],[29.47124,-1.70673],[29.46632,-1.712],[29.46158,-1.7142],[29.45785,-1.7131],[29.45466,-1.71467],[29.45324,-1.72143],[29.45042,-1.72387],[29.44137,-1.72055],[29.43498,-1.72488],[29.42265,-1.72581],[29.42084,-1.72659],[29.4199,-1.72953],[29.42122,-1.73062],[29.4199,-1.73266],[29.42043,-1.7352],[29.4219,-1.73473],[29.42353,-1.73651],[29.4239,-1.73552],[29.42754,-1.73828],[29.42974,-1.73736],[29.43177,-1.73891],[29.43485,-1.73864]]]}},{"type":"Feature","properties":{"d":"Nyabihu","s":"Rambura"},"geometry":{"type":"Polygon","coordinates":[[[29.42265,-1.72581],[29.43498,-1.72488],[29.44137,-1.72055],[29.45042,-1.72387],[29.45324,-1.72143],[29.45466,-1.71467],[29.45785,-1.7131],[29.46158,-1.7142],[29.46632,-1.712],[29.47124,-1.70673],[29.47593,-1.70623],[29.47941,-1.70832],[29.4848,-1.70853],[29.49193,-1.70377],[29.50239,-1.7058],[29.50729,-1.70199],[29.51378,-1.70231],[29.51857,-1.69961],[29.52329,-1.69984],[29.52561,-1.70176],[29.53049,-1.70257],[29.53125,-1.69847],[29.53484,-1.6966],[29.54134,-1.69968],[29.5457,-1.70618],[29.55096,-1.70643],[29.55725,-1.70033],[29.55802,-1.69663],[29.55688,-1.69367],[29.55845,-1.69177],[29.5559,-1.68821],[29.55198,-1.68649],[29.54707,-1.67897],[29.54306,-1.67625],[29.54188,-1.67149],[29.54151,-1.67025],[29.53327,-1.66714],[29.52832,-1.66734],[29.5238,-1.66044],[29.51888,-1.65718],[29.5082,-1.66537],[29.50239,-1.66555],[29.50029,-1.66291],[29.49508,-1.66421],[29.48704,-1.66111],[29.48701,-1.66213],[29.48214,-1.66327],[29.46989,-1.65858],[29.46283,-1.66157],[29.45296,-1.65651],[29.45175,-1.65465],[29.44957,-1.65637],[29.44578,-1.66402],[29.44581,-1.67308],[29.4362,-1.67845],[29.4376,-1.68197],[29.43561,-1.68474],[29.43804,-1.69216],[29.43718,-1.69262],[29.43245,-1.70368],[29.43307,-1.70712],[29.43566,-1.71019],[29.43444,-1.71169],[29.4349,-1.71479],[29.42989,-1.71599],[29.42679,-1.71477],[29.42453,-1.71601],[29.42152,-1.72193],[29.42265,-1.72581]]]}},{"type":"Feature","properties":{"d":"Nyabihu","s":"Rugera"},"geometry":{"type":"Polygon","coordinates":[[[29.57942,-1.61211],[29.58586,-1.61885],[29.59493,-1.62139],[29.59561,-1.62466],[29.58851,-1.62919],[29.58691,-1.63859],[29.57828,-1.64616],[29.58182,-1.64704],[29.58282,-1.64896],[29.59059,-1.64818],[29.59192,-1.64604],[29.59875,-1.64314],[29.60453,-1.64504],[29.60807,-1.64305],[29.60836,-1.64474],[29.61243,-1.64599],[29.61848,-1.66694],[29.61605,-1.66952],[29.6112,-1.66993],[29.61057,-1.67605],[29.61201,-1.67702],[29.61485,-1.67574],[29.62119,-1.67634],[29.62592,-1.67378],[29.62794,-1.67054],[29.62829,-1.66579],[29.6314,-1.66335],[29.6306,-1.66159],[29.63391,-1.65349],[29.63341,-1.63849],[29.63599,-1.63213],[29.63404,-1.62903],[29.63344,-1.61915],[29.6349,-1.61154],[29.63314,-1.60888],[29.63645,-1.60334],[29.63554,-1.59745],[29.63855,-1.59228],[29.63244,-1.5904],[29.62921,-1.59119],[29.62448,-1.58499],[29.6182,-1.58835],[29.61373,-1.58803],[29.61238,-1.58923],[29.6078,-1.58765],[29.59598,-1.59343],[29.59044,-1.59117],[29.58563,-1.592],[29.58442,-1.58962],[29.57956,-1.59398],[29.57642,-1.60156],[29.57795,-1.6108],[29.57942,-1.61211]]]}},{"type":"Feature","properties":{"d":"Nyabihu","s":"Rurembo"},"geometry":{"type":"Polygon","coordinates":[[[29.57173,-1.69673],[29.57368,-1.69491],[29.57236,-1.69149],[29.57299,-1.68857],[29.57662,-1.68472],[29.58385,-1.68168],[29.58516,-1.67905],[29.58304,-1.67593],[29.58806,-1.6693],[29.59256,-1.66842],[29.5972,-1.67402],[29.60056,-1.67309],[29.60313,-1.67583],[29.60855,-1.67702],[29.61057,-1.67605],[29.6112,-1.66993],[29.61605,-1.66952],[29.61848,-1.66694],[29.61243,-1.64599],[29.60836,-1.64474],[29.60807,-1.64305],[29.60453,-1.64504],[29.59875,-1.64314],[29.59192,-1.64604],[29.59059,-1.64818],[29.58282,-1.64896],[29.58182,-1.64704],[29.57828,-1.64616],[29.58691,-1.63859],[29.58851,-1.62919],[29.59561,-1.62466],[29.59493,-1.62139],[29.58586,-1.61885],[29.57942,-1.61211],[29.57876,-1.61382],[29.57654,-1.61326],[29.57277,-1.61975],[29.57075,-1.62091],[29.56997,-1.62629],[29.56474,-1.63208],[29.55931,-1.63432],[29.55432,-1.64036],[29.54656,-1.63972],[29.54167,-1.64308],[29.54833,-1.6504],[29.55219,-1.64983],[29.55188,-1.65516],[29.549,-1.65774],[29.55112,-1.66327],[29.54989,-1.66902],[29.54269,-1.66578],[29.54188,-1.67149],[29.54306,-1.67625],[29.54707,-1.67897],[29.55198,-1.68649],[29.5559,-1.68821],[29.55845,-1.69177],[29.56302,-1.69201],[29.56732,-1.69735],[29.56964,-1.69803],[29.57173,-1.69673]]]}},{"type":"Feature","properties":{"d":"Nyabihu","s":"Shyira"},"geometry":{"type":"Polygon","coordinates":[[[29.628,-1.72695],[29.63873,-1.72205],[29.63559,-1.71935],[29.63541,-1.71554],[29.63421,-1.71464],[29.63465,-1.70021],[29.63246,-1.69863],[29.63397,-1.69493],[29.63703,-1.69466],[29.63947,-1.68069],[29.6384,-1.65828],[29.63614,-1.6533],[29.63391,-1.65349],[29.6306,-1.66159],[29.6314,-1.66335],[29.62829,-1.66579],[29.62794,-1.67054],[29.62592,-1.67378],[29.62119,-1.67634],[29.61485,-1.67574],[29.61201,-1.67702],[29.61057,-1.67605],[29.60855,-1.67702],[29.60313,-1.67583],[29.60056,-1.67309],[29.5972,-1.67402],[29.59256,-1.66842],[29.58806,-1.6693],[29.58304,-1.67593],[29.58516,-1.67905],[29.58385,-1.68168],[29.57662,-1.68472],[29.57299,-1.68857],[29.57236,-1.69149],[29.57368,-1.69491],[29.57173,-1.69673],[29.57539,-1.7015],[29.58419,-1.70731],[29.58305,-1.71979],[29.59431,-1.71063],[29.59773,-1.71007],[29.60387,-1.71253],[29.61076,-1.72095],[29.62219,-1.72373],[29.628,-1.72695]]]}},{"type":"Feature","properties":{"d":"Ngororero","s":"BWIRA"},"geometry":{"type":"Polygon","coordinates":[[[29.52425,-1.97592],[29.52605,-1.9788],[29.53321,-1.9807],[29.53769,-1.98462],[29.54585,-1.98499],[29.55044,-1.97922],[29.55227,-1.98098],[29.55386,-1.97895],[29.55647,-1.97887],[29.55952,-1.97522],[29.56456,-1.97379],[29.56894,-1.97469],[29.57043,-1.97222],[29.57594,-1.97124],[29.58053,-1.96857],[29.58074,-1.96471],[29.58204,-1.96416],[29.58025,-1.9602],[29.58132,-1.95465],[29.57988,-1.95345],[29.58094,-1.95138],[29.58703,-1.94995],[29.59119,-1.9529],[29.5936,-1.94806],[29.59677,-1.94838],[29.60136,-1.9451],[29.60527,-1.93127],[29.61111,-1.93183],[29.61699,-1.92746],[29.63073,-1.92767],[29.62928,-1.92243],[29.61957,-1.92127],[29.62001,-1.9178],[29.61865,-1.91589],[29.60973,-1.91705],[29.6069,-1.91584],[29.60521,-1.91313],[29.59717,-1.90995],[29.59175,-1.91072],[29.5884,-1.91599],[29.58051,-1.91682],[29.578,-1.92036],[29.57591,-1.92081],[29.57523,-1.92762],[29.57279,-1.92843],[29.57265,-1.93042],[29.56937,-1.93035],[29.56795,-1.9288],[29.55971,-1.93329],[29.55699,-1.93758],[29.55769,-1.94076],[29.55879,-1.94061],[29.55683,-1.94424],[29.55453,-1.94516],[29.55273,-1.94304],[29.54401,-1.94315],[29.54153,-1.95272],[29.54406,-1.9543],[29.5425,-1.96029],[29.53893,-1.95968],[29.5393,-1.95752],[29.53716,-1.95693],[29.53886,-1.95583],[29.53737,-1.95603],[29.53449,-1.95333],[29.53311,-1.95436],[29.527,-1.96207],[29.5281,-1.96361],[29.52704,-1.96539],[29.52874,-1.96615],[29.52778,-1.96642],[29.5284,-1.97025],[29.52539,-1.97103],[29.52669,-1.97258],[29.52438,-1.97396],[29.52425,-1.97592]]]}},{"type":"Feature","properties":{"d":"Ngororero","s":"GATUMBA"},"geometry":{"type":"Polygon","coordinates":[[[29.66699,-1.96928],[29.66943,-1.96464],[29.673,-1.96153],[29.67364,-1.95579],[29.67091,-1.94883],[29.66454,-1.94699],[29.66178,-1.94419],[29.66097,-1.93782],[29.66415,-1.93434],[29.66184,-1.92843],[29.66397,-1.92423],[29.6616,-1.92302],[29.66133,-1.92066],[29.65408,-1.92238],[29.64612,-1.91801],[29.64068,-1.9192],[29.63492,-1.91765],[29.63019,-1.91865],[29.62928,-1.92243],[29.63073,-1.92767],[29.61699,-1.92746],[29.61111,-1.93183],[29.60527,-1.93127],[29.60136,-1.9451],[29.59677,-1.94838],[29.5936,-1.94806],[29.59119,-1.9529],[29.58703,-1.94995],[29.58094,-1.95138],[29.57988,-1.95345],[29.58337,-1.95372],[29.58499,-1.95712],[29.589,-1.96166],[29.59171,-1.96181],[29.59381,-1.96636],[29.59682,-1.96774],[29.59792,-1.97043],[29.60185,-1.97045],[29.60373,-1.97188],[29.61227,-1.97146],[29.62232,-1.97669],[29.62571,-1.97345],[29.63912,-1.9781],[29.64078,-1.97712],[29.64361,-1.97909],[29.65123,-1.97563],[29.65463,-1.9763],[29.65607,-1.97385],[29.66584,-1.97186],[29.66699,-1.96928]]]}},{"type":"Feature","properties":{"d":"Ngororero","s":"HINDIRO"},"geometry":{"type":"Polygon","coordinates":[[[29.63402,-1.80811],[29.62818,-1.80733],[29.62861,-1.79656],[29.62511,-1.79425],[29.62362,-1.78957],[29.62559,-1.78046],[29.62362,-1.77077],[29.62578,-1.76799],[29.62579,-1.76503],[29.61639,-1.76515],[29.61136,-1.76812],[29.60915,-1.76772],[29.60578,-1.77713],[29.60362,-1.77827],[29.59689,-1.77748],[29.59448,-1.77931],[29.5895,-1.78004],[29.58564,-1.77714],[29.58151,-1.77685],[29.57534,-1.78266],[29.57759,-1.78779],[29.58098,-1.78642],[29.58713,-1.78722],[29.5898,-1.79524],[29.58862,-1.79602],[29.58706,-1.7946],[29.58583,-1.80086],[29.57984,-1.79798],[29.57742,-1.79405],[29.57359,-1.79182],[29.57083,-1.79345],[29.56646,-1.79011],[29.56196,-1.79224],[29.55903,-1.79668],[29.55805,-1.80135],[29.56231,-1.80889],[29.55883,-1.8093],[29.55763,-1.81084],[29.56011,-1.81593],[29.56018,-1.82026],[29.56503,-1.81988],[29.56777,-1.82123],[29.57581,-1.81931],[29.57678,-1.82151],[29.57999,-1.82238],[29.58369,-1.82302],[29.58997,-1.82168],[29.59115,-1.82292],[29.59248,-1.82158],[29.60082,-1.82514],[29.6006,-1.82318],[29.6032,-1.82298],[29.60599,-1.81987],[29.61254,-1.8213],[29.6123,-1.82558],[29.61376,-1.82542],[29.61378,-1.82316],[29.61407,-1.82408],[29.62178,-1.82126],[29.62461,-1.8176],[29.62625,-1.82082],[29.62821,-1.82017],[29.62917,-1.8219],[29.63714,-1.81852],[29.63741,-1.8171],[29.63399,-1.81257],[29.63402,-1.80811]]]}},{"type":"Feature","properties":{"d":"Ngororero","s":"KABAYA"},"geometry":{"type":"Polygon","coordinates":[[[29.5399,-1.74058],[29.53816,-1.74082],[29.53666,-1.74378],[29.53326,-1.74481],[29.53256,-1.74918],[29.53041,-1.75123],[29.52783,-1.75212],[29.52686,-1.75074],[29.52376,-1.75094],[29.52361,-1.75667],[29.52159,-1.7577],[29.5222,-1.75946],[29.51914,-1.76248],[29.51862,-1.76596],[29.51483,-1.76749],[29.51157,-1.77421],[29.50719,-1.77639],[29.50649,-1.77794],[29.51252,-1.78112],[29.51497,-1.78617],[29.51978,-1.79003],[29.519,-1.79385],[29.52197,-1.79934],[29.52937,-1.80161],[29.53266,-1.7999],[29.53964,-1.79997],[29.54434,-1.80386],[29.54277,-1.81101],[29.54381,-1.81749],[29.54544,-1.81907],[29.54453,-1.82037],[29.5506,-1.82024],[29.5541,-1.82289],[29.55661,-1.82305],[29.55807,-1.82054],[29.56018,-1.82026],[29.56011,-1.81593],[29.55763,-1.81084],[29.55883,-1.8093],[29.56231,-1.80889],[29.55805,-1.80135],[29.55903,-1.79668],[29.56196,-1.79224],[29.56646,-1.79011],[29.57083,-1.79345],[29.57359,-1.79182],[29.57742,-1.79405],[29.57984,-1.79798],[29.58583,-1.80086],[29.58706,-1.7946],[29.58862,-1.79602],[29.5898,-1.79524],[29.58713,-1.78722],[29.58098,-1.78642],[29.57759,-1.78779],[29.57534,-1.78266],[29.58151,-1.77685],[29.58564,-1.77714],[29.5895,-1.78004],[29.59448,-1.77931],[29.59689,-1.77748],[29.59459,-1.76914],[29.59758,-1.76523],[29.58786,-1.76045],[29.5838,-1.76221],[29.58451,-1.76099],[29.58169,-1.7595],[29.58082,-1.7554],[29.58308,-1.74965],[29.58664,-1.74614],[29.58046,-1.74415],[29.57706,-1.7414],[29.57308,-1.74102],[29.5624,-1.74671],[29.55424,-1.74825],[29.54696,-1.74697],[29.5399,-1.74058]]]}},{"type":"Feature","properties":{"d":"Ngororero","s":"KAGEYO"},"geometry":{"type":"Polygon","coordinates":[[[29.60082,-1.82514],[29.60162,-1.82959],[29.60026,-1.83176],[29.60082,-1.83421],[29.60344,-1.83435],[29.60342,-1.83799],[29.60174,-1.84021],[29.6071,-1.83867],[29.61397,-1.84354],[29.61875,-1.84482],[29.61856,-1.84774],[29.61158,-1.84764],[29.5961,-1.85603],[29.59065,-1.85504],[29.58544,-1.85081],[29.58145,-1.84979],[29.57729,-1.84374],[29.57508,-1.84351],[29.57382,-1.84932],[29.56635,-1.84856],[29.56413,-1.84674],[29.55908,-1.84584],[29.55712,-1.85254],[29.55898,-1.85732],[29.55661,-1.86368],[29.55363,-1.86305],[29.54879,-1.86578],[29.54807,-1.86459],[29.54607,-1.86644],[29.5445,-1.86583],[29.54169,-1.8692],[29.54113,-1.87226],[29.53678,-1.87367],[29.53632,-1.87713],[29.53057,-1.8781],[29.52812,-1.88211],[29.52531,-1.88243],[29.52409,-1.88734],[29.52543,-1.88818],[29.52869,-1.88498],[29.53192,-1.88584],[29.53411,-1.88394],[29.53863,-1.88384],[29.54022,-1.8856],[29.54273,-1.88568],[29.54652,-1.88994],[29.55142,-1.89177],[29.55394,-1.89526],[29.56137,-1.89795],[29.5614,-1.9014],[29.56579,-1.90805],[29.5706,-1.91247],[29.5768,-1.915],[29.57771,-1.91288],[29.58301,-1.91406],[29.58332,-1.90982],[29.5871,-1.90433],[29.58757,-1.90026],[29.5898,-1.89881],[29.5907,-1.89305],[29.59392,-1.89348],[29.59377,-1.88891],[29.60258,-1.88758],[29.60489,-1.88487],[29.60438,-1.88312],[29.61176,-1.8641],[29.61468,-1.86106],[29.61349,-1.85903],[29.62282,-1.856],[29.62206,-1.85294],[29.62512,-1.85035],[29.62125,-1.84554],[29.6254,-1.84365],[29.62181,-1.84124],[29.62395,-1.83671],[29.62255,-1.83136],[29.62553,-1.82979],[29.6267,-1.8263],[29.62496,-1.82363],[29.62625,-1.82082],[29.62461,-1.8176],[29.62178,-1.82126],[29.61407,-1.82408],[29.61378,-1.82316],[29.61376,-1.82542],[29.6123,-1.82558],[29.61254,-1.8213],[29.60599,-1.81987],[29.6032,-1.82298],[29.6006,-1.82318],[29.60082,-1.82514]]]}},{"type":"Feature","properties":{"d":"Ngororero","s":"KAVUMU"},"geometry":{"type":"Polygon","coordinates":[[[29.4581,-1.8727],[29.46173,-1.87541],[29.46162,-1.88043],[29.4672,-1.88275],[29.46846,-1.88701],[29.46991,-1.88555],[29.46818,-1.88244],[29.47,-1.88102],[29.47153,-1.88222],[29.47361,-1.87942],[29.47883,-1.88148],[29.47928,-1.88549],[29.48203,-1.88462],[29.48246,-1.88282],[29.4845,-1.88648],[29.48639,-1.88717],[29.48798,-1.88581],[29.48852,-1.88916],[29.49105,-1.88816],[29.49269,-1.89251],[29.49769,-1.89358],[29.49884,-1.89181],[29.50049,-1.8919],[29.50376,-1.89549],[29.51381,-1.89101],[29.51654,-1.88805],[29.51914,-1.8894],[29.52229,-1.88546],[29.52409,-1.88734],[29.52531,-1.88243],[29.52812,-1.88211],[29.53057,-1.8781],[29.53632,-1.87713],[29.53678,-1.87367],[29.54113,-1.87226],[29.54169,-1.8692],[29.5445,-1.86583],[29.54607,-1.86644],[29.54807,-1.86459],[29.54879,-1.86578],[29.55363,-1.86305],[29.55661,-1.86368],[29.55898,-1.85732],[29.55712,-1.85254],[29.55908,-1.84584],[29.56413,-1.84674],[29.56635,-1.84856],[29.57382,-1.84932],[29.57508,-1.84351],[29.57729,-1.84374],[29.58741,-1.84236],[29.60026,-1.83176],[29.60162,-1.82959],[29.60082,-1.82514],[29.59248,-1.82158],[29.59115,-1.82292],[29.58997,-1.82168],[29.58369,-1.82302],[29.57999,-1.82238],[29.57678,-1.82151],[29.57581,-1.81931],[29.56777,-1.82123],[29.56503,-1.81988],[29.56018,-1.82026],[29.55807,-1.82054],[29.55661,-1.82305],[29.5541,-1.82289],[29.5506,-1.82024],[29.54453,-1.82037],[29.5384,-1.82164],[29.53668,-1.8235],[29.53725,-1.83458],[29.53262,-1.83584],[29.52783,-1.84058],[29.52071,-1.84408],[29.51629,-1.84537],[29.51078,-1.84457],[29.50861,-1.84791],[29.50587,-1.85001],[29.50383,-1.84943],[29.5036,-1.85092],[29.49816,-1.84908],[29.49317,-1.85098],[29.49027,-1.85049],[29.48687,-1.85324],[29.48568,-1.85773],[29.47696,-1.85724],[29.47183,-1.86005],[29.46801,-1.86478],[29.46195,-1.86348],[29.45964,-1.85841],[29.45707,-1.86151],[29.45932,-1.86666],[29.4581,-1.8727]]]}},{"type":"Feature","properties":{"d":"Ngororero","s":"MATYAZO"},"geometry":{"type":"Polygon","coordinates":[[[29.65887,-1.735],[29.65381,-1.73485],[29.65212,-1.73],[29.64919,-1.72686],[29.64014,-1.72461],[29.63873,-1.72205],[29.628,-1.72695],[29.62332,-1.73235],[29.61669,-1.73503],[29.61807,-1.74018],[29.61641,-1.74103],[29.61595,-1.74346],[29.61071,-1.74292],[29.6082,-1.74724],[29.59653,-1.74647],[29.59391,-1.74773],[29.58664,-1.74614],[29.58308,-1.74965],[29.58082,-1.7554],[29.58169,-1.7595],[29.58451,-1.76099],[29.5838,-1.76221],[29.58786,-1.76045],[29.59758,-1.76523],[29.59459,-1.76914],[29.59689,-1.77748],[29.60362,-1.77827],[29.60578,-1.77713],[29.60915,-1.76772],[29.61136,-1.76812],[29.61639,-1.76515],[29.62579,-1.76503],[29.62578,-1.76799],[29.62362,-1.77077],[29.62559,-1.78046],[29.62362,-1.78957],[29.62511,-1.79425],[29.62861,-1.79656],[29.62818,-1.80733],[29.63402,-1.80811],[29.63836,-1.80187],[29.6442,-1.80284],[29.64623,-1.80162],[29.64638,-1.7993],[29.64457,-1.79849],[29.64428,-1.79634],[29.64758,-1.78893],[29.6497,-1.78909],[29.65053,-1.78759],[29.65039,-1.78336],[29.65239,-1.77901],[29.65193,-1.77484],[29.65519,-1.773],[29.65348,-1.7706],[29.65445,-1.76366],[29.66395,-1.75893],[29.66189,-1.75258],[29.66277,-1.74565],[29.66484,-1.74222],[29.65972,-1.73873],[29.65887,-1.735]]]}},{"type":"Feature","properties":{"d":"Ngororero","s":"MUHANDA"},"geometry":{"type":"Polygon","coordinates":[[[29.45964,-1.85841],[29.46195,-1.86348],[29.46801,-1.86478],[29.47183,-1.86005],[29.47696,-1.85724],[29.48568,-1.85773],[29.48687,-1.85324],[29.49027,-1.85049],[29.49317,-1.85098],[29.49816,-1.84908],[29.5036,-1.85092],[29.50383,-1.84943],[29.50587,-1.85001],[29.50861,-1.84791],[29.51078,-1.84457],[29.51629,-1.84537],[29.52071,-1.84408],[29.52783,-1.84058],[29.53262,-1.83584],[29.53725,-1.83458],[29.53668,-1.8235],[29.5384,-1.82164],[29.54453,-1.82037],[29.54544,-1.81907],[29.54381,-1.81749],[29.54277,-1.81101],[29.54434,-1.80386],[29.53964,-1.79997],[29.53266,-1.7999],[29.52937,-1.80161],[29.52197,-1.79934],[29.519,-1.79385],[29.51978,-1.79003],[29.51497,-1.78617],[29.51252,-1.78112],[29.50649,-1.77794],[29.50719,-1.77639],[29.5031,-1.7701],[29.49482,-1.77143],[29.48786,-1.76695],[29.47049,-1.767],[29.46253,-1.76409],[29.46225,-1.75266],[29.45664,-1.74665],[29.45255,-1.7473],[29.45623,-1.73893],[29.45201,-1.73558],[29.44591,-1.73677],[29.44022,-1.73533],[29.43485,-1.73864],[29.43725,-1.74791],[29.44489,-1.75254],[29.44452,-1.75619],[29.44805,-1.76145],[29.44824,-1.76566],[29.44553,-1.77111],[29.44712,-1.77339],[29.44694,-1.77709],[29.44449,-1.77567],[29.4398,-1.77585],[29.4364,-1.77927],[29.4303,-1.78092],[29.42427,-1.78643],[29.41842,-1.79459],[29.41604,-1.79481],[29.41419,-1.792],[29.41078,-1.7916],[29.40917,-1.79395],[29.40531,-1.79328],[29.39872,-1.79628],[29.39862,-1.79849],[29.40006,-1.79838],[29.40115,-1.80028],[29.40352,-1.79932],[29.40481,-1.80288],[29.40851,-1.80292],[29.40877,-1.80149],[29.41112,-1.80081],[29.41502,-1.80281],[29.41455,-1.80469],[29.41521,-1.80898],[29.41815,-1.8121],[29.42278,-1.81155],[29.42545,-1.81488],[29.42967,-1.81647],[29.43358,-1.82889],[29.43674,-1.83149],[29.43643,-1.83288],[29.43952,-1.83687],[29.44694,-1.83824],[29.45356,-1.84377],[29.45948,-1.84397],[29.46302,-1.84652],[29.46162,-1.85006],[29.46208,-1.85489],[29.45964,-1.85841]]]}},{"type":"Feature","properties":{"d":"Ngororero","s":"MUHORORO"},"geometry":{"type":"Polygon","coordinates":[[[29.66763,-1.86952],[29.66283,-1.87121],[29.65929,-1.87479],[29.65389,-1.87351],[29.64769,-1.87686],[29.64618,-1.87949],[29.6338,-1.88486],[29.62813,-1.88233],[29.62166,-1.88394],[29.61429,-1.883],[29.60937,-1.88558],[29.60438,-1.88312],[29.60489,-1.88487],[29.60258,-1.88758],[29.59377,-1.88891],[29.59392,-1.89348],[29.5907,-1.89305],[29.5898,-1.89881],[29.58757,-1.90026],[29.5871,-1.90433],[29.58332,-1.90982],[29.58301,-1.91406],[29.57771,-1.91288],[29.5768,-1.915],[29.57741,-1.91728],[29.57611,-1.91802],[29.57591,-1.92081],[29.578,-1.92036],[29.58051,-1.91682],[29.5884,-1.91599],[29.59175,-1.91072],[29.59717,-1.90995],[29.60521,-1.91313],[29.6069,-1.91584],[29.60973,-1.91705],[29.61865,-1.91589],[29.62001,-1.9178],[29.61957,-1.92127],[29.62928,-1.92243],[29.63019,-1.91865],[29.63492,-1.91765],[29.64068,-1.9192],[29.64612,-1.91801],[29.65408,-1.92238],[29.66133,-1.92066],[29.6661,-1.91518],[29.67075,-1.91405],[29.6731,-1.91054],[29.66993,-1.90748],[29.6701,-1.90166],[29.67307,-1.90153],[29.67329,-1.9003],[29.67517,-1.89627],[29.67287,-1.89393],[29.67113,-1.88624],[29.66894,-1.88405],[29.67117,-1.87987],[29.67115,-1.87565],[29.66763,-1.86952]]]}},{"type":"Feature","properties":{"d":"Ngororero","s":"NDARO"},"geometry":{"type":"Polygon","coordinates":[[[29.62232,-1.97669],[29.61227,-1.97146],[29.60373,-1.97188],[29.60185,-1.97045],[29.59792,-1.97043],[29.59682,-1.96774],[29.59381,-1.96636],[29.59171,-1.96181],[29.589,-1.96166],[29.58499,-1.95712],[29.58337,-1.95372],[29.57988,-1.95345],[29.58132,-1.95465],[29.58025,-1.9602],[29.58204,-1.96416],[29.58074,-1.96471],[29.58053,-1.96857],[29.57594,-1.97124],[29.57043,-1.97222],[29.56894,-1.97469],[29.56456,-1.97379],[29.55952,-1.97522],[29.55647,-1.97887],[29.55386,-1.97895],[29.55227,-1.98098],[29.55044,-1.97922],[29.54585,-1.98499],[29.53769,-1.98462],[29.53321,-1.9807],[29.52605,-1.9788],[29.52425,-1.97592],[29.51669,-1.97529],[29.51487,-1.97791],[29.51705,-1.98333],[29.51954,-1.98345],[29.53127,-1.99714],[29.53584,-2.00591],[29.54758,-2.01095],[29.55257,-2.01746],[29.56258,-2.02006],[29.5656,-2.02504],[29.57464,-2.02547],[29.57772,-2.02736],[29.57864,-2.02657],[29.58001,-2.02873],[29.58249,-2.02871],[29.59086,-2.02237],[29.59458,-2.02382],[29.59913,-2.02265],[29.60002,-2.02068],[29.60229,-2.02206],[29.60242,-2.01827],[29.60675,-2.01833],[29.60969,-2.01481],[29.61427,-2.0153],[29.61418,-2.01346],[29.61641,-2.01083],[29.61876,-2.01042],[29.6191,-2.00888],[29.62482,-2.00955],[29.62937,-2.00744],[29.63139,-2.00071],[29.63453,-1.99934],[29.63681,-1.99514],[29.63441,-1.98993],[29.62608,-1.98483],[29.62203,-1.97987],[29.62232,-1.97669]]]}},{"type":"Feature","properties":{"d":"Ngororero","s":"NGORORERO"},"geometry":{"type":"MultiPolygon","coordinates":[[[[29.60026,-1.83176],[29.58741,-1.84236],[29.57729,-1.84374],[29.58145,-1.84979],[29.58544,-1.85081],[29.59065,-1.85504],[29.5961,-1.85603],[29.61158,-1.84764],[29.61856,-1.84774],[29.61875,-1.84482],[29.61397,-1.84354],[29.6071,-1.83867],[29.60174,-1.84021],[29.60342,-1.83799],[29.60344,-1.83435],[29.60082,-1.83421],[29.60026,-1.83176]]],[[[29.66898,-1.81585],[29.66932,-1.8093],[29.67219,-1.80915],[29.67264,-1.80473],[29.66887,-1.79966],[29.66937,-1.78928],[29.67316,-1.78713],[29.67202,-1.7829],[29.67332,-1.78098],[29.67292,-1.77958],[29.6712,-1.7795],[29.67145,-1.77356],[29.66945,-1.77201],[29.66652,-1.76523],[29.66774,-1.76259],[29.66395,-1.75893],[29.65445,-1.76366],[29.65348,-1.7706],[29.65519,-1.773],[29.65193,-1.77484],[29.65239,-1.77901],[29.65039,-1.78336],[29.65053,-1.78759],[29.6497,-1.78909],[29.64758,-1.78893],[29.64428,-1.79634],[29.64457,-1.79849],[29.64638,-1.7993],[29.64623,-1.80162],[29.6442,-1.80284],[29.63836,-1.80187],[29.63402,-1.80811],[29.63399,-1.81257],[29.63741,-1.8171],[29.63714,-1.81852],[29.62917,-1.8219],[29.62821,-1.82017],[29.62625,-1.82082],[29.62496,-1.82363],[29.6267,-1.8263],[29.62553,-1.82979],[29.62255,-1.83136],[29.62395,-1.83671],[29.62181,-1.84124],[29.6254,-1.84365],[29.62125,-1.84554],[29.62512,-1.85035],[29.62206,-1.85294],[29.62282,-1.856],[29.61349,-1.85903],[29.61468,-1.86106],[29.61176,-1.8641],[29.60438,-1.88312],[29.60937,-1.88558],[29.61429,-1.883],[29.62166,-1.88394],[29.62813,-1.88233],[29.6338,-1.88486],[29.64618,-1.87949],[29.64769,-1.87686],[29.65389,-1.87351],[29.65929,-1.87479],[29.66283,-1.87121],[29.66763,-1.86952],[29.66808,-1.8661],[29.66534,-1.86484],[29.66522,-1.86259],[29.66332,-1.8613],[29.66485,-1.85812],[29.66381,-1.85302],[29.66579,-1.85023],[29.66433,-1.84332],[29.66688,-1.83598],[29.6648,-1.83081],[29.67231,-1.82264],[29.67083,-1.81745],[29.66868,-1.81765],[29.66898,-1.81585]]]]}},{"type":"Feature","properties":{"d":"Ngororero","s":"NYANGE"},"geometry":{"type":"Polygon","coordinates":[[[29.62937,-2.00744],[29.62482,-2.00955],[29.6191,-2.00888],[29.61876,-2.01042],[29.61641,-2.01083],[29.61418,-2.01346],[29.61427,-2.0153],[29.60969,-2.01481],[29.60675,-2.01833],[29.60242,-2.01827],[29.60229,-2.02206],[29.60002,-2.02068],[29.59913,-2.02265],[29.59458,-2.02382],[29.59086,-2.02237],[29.58249,-2.02871],[29.58001,-2.02873],[29.57864,-2.02657],[29.57772,-2.02736],[29.57464,-2.02547],[29.5656,-2.02504],[29.56057,-2.02768],[29.55808,-2.02627],[29.5549,-2.02759],[29.54919,-2.0273],[29.5475,-2.0311],[29.54491,-2.03208],[29.54928,-2.04006],[29.54163,-2.04643],[29.53845,-2.05192],[29.53794,-2.05573],[29.53963,-2.05934],[29.5449,-2.05937],[29.5489,-2.06261],[29.55472,-2.05916],[29.55571,-2.06226],[29.55842,-2.06382],[29.5641,-2.06343],[29.5692,-2.06594],[29.5748,-2.06593],[29.57808,-2.06764],[29.58398,-2.06261],[29.58794,-2.06194],[29.58727,-2.06446],[29.59072,-2.06772],[29.59229,-2.07432],[29.60087,-2.07186],[29.60661,-2.07348],[29.61015,-2.07249],[29.61804,-2.08267],[29.62339,-2.0834],[29.62454,-2.08586],[29.62666,-2.08565],[29.62792,-2.08351],[29.62977,-2.08497],[29.62916,-2.07976],[29.63356,-2.07911],[29.63413,-2.07552],[29.63262,-2.07497],[29.6319,-2.07221],[29.63718,-2.067],[29.63397,-2.06602],[29.63477,-2.06457],[29.63328,-2.06407],[29.63303,-2.06205],[29.6339,-2.05896],[29.63683,-2.0588],[29.63561,-2.05478],[29.639,-2.05011],[29.63857,-2.04744],[29.63624,-2.04566],[29.63654,-2.04285],[29.63481,-2.04259],[29.63432,-2.03882],[29.63086,-2.03795],[29.63267,-2.03329],[29.63112,-2.02943],[29.63236,-2.02711],[29.63132,-2.02405],[29.62842,-2.0216],[29.63368,-2.01678],[29.63111,-2.01544],[29.62937,-2.00744]]]}},{"type":"Feature","properties":{"d":"Ngororero","s":"SOVU"},"geometry":{"type":"Polygon","coordinates":[[[29.53311,-1.95436],[29.53449,-1.95333],[29.53737,-1.95603],[29.53886,-1.95583],[29.53716,-1.95693],[29.5393,-1.95752],[29.53893,-1.95968],[29.5425,-1.96029],[29.54406,-1.9543],[29.54153,-1.95272],[29.54401,-1.94315],[29.55273,-1.94304],[29.55453,-1.94516],[29.55683,-1.94424],[29.55879,-1.94061],[29.55769,-1.94076],[29.55699,-1.93758],[29.55971,-1.93329],[29.56795,-1.9288],[29.56937,-1.93035],[29.57265,-1.93042],[29.57279,-1.92843],[29.57523,-1.92762],[29.57591,-1.92081],[29.57611,-1.91802],[29.57741,-1.91728],[29.5768,-1.915],[29.5706,-1.91247],[29.56579,-1.90805],[29.5614,-1.9014],[29.56137,-1.89795],[29.55394,-1.89526],[29.55142,-1.89177],[29.54652,-1.88994],[29.54273,-1.88568],[29.54022,-1.8856],[29.53863,-1.88384],[29.53411,-1.88394],[29.53192,-1.88584],[29.52869,-1.88498],[29.52543,-1.88818],[29.52409,-1.88734],[29.52229,-1.88546],[29.51914,-1.8894],[29.51654,-1.88805],[29.51381,-1.89101],[29.50376,-1.89549],[29.50049,-1.8919],[29.49884,-1.89181],[29.49769,-1.89358],[29.49269,-1.89251],[29.49105,-1.88816],[29.48852,-1.88916],[29.48798,-1.88581],[29.48639,-1.88717],[29.4845,-1.88648],[29.48246,-1.88282],[29.48203,-1.88462],[29.47928,-1.88549],[29.47883,-1.88148],[29.47361,-1.87942],[29.47153,-1.88222],[29.47,-1.88102],[29.46818,-1.88244],[29.46991,-1.88555],[29.46846,-1.88701],[29.46661,-1.88779],[29.4666,-1.89114],[29.4715,-1.89503],[29.47229,-1.89821],[29.47125,-1.89915],[29.47272,-1.8998],[29.47194,-1.90203],[29.47914,-1.9096],[29.47893,-1.91403],[29.48087,-1.91577],[29.47962,-1.9165],[29.48058,-1.91737],[29.48376,-1.91501],[29.49017,-1.91933],[29.49185,-1.91812],[29.49572,-1.9231],[29.50091,-1.9225],[29.50418,-1.92688],[29.50583,-1.92608],[29.50837,-1.92733],[29.50647,-1.93069],[29.50899,-1.93062],[29.5082,-1.93274],[29.51492,-1.93736],[29.51454,-1.94137],[29.52527,-1.95123],[29.52878,-1.9508],[29.52906,-1.95223],[29.53311,-1.95436]]]}},{"type":"Feature","properties":{"d":"Rusizi","s":"Bugarama"},"geometry":{"type":"Polygon","coordinates":[[[29.02501,-2.68467],[29.01098,-2.68454],[29.00728,-2.68261],[29.00724,-2.67952],[29.00319,-2.68928],[29.00057,-2.69054],[28.99892,-2.68922],[28.99456,-2.68942],[28.99438,-2.6919],[28.99665,-2.69546],[28.99606,-2.69981],[28.99715,-2.70289],[29.00412,-2.70458],[29.01566,-2.71702],[29.02125,-2.71988],[29.02403,-2.72518],[29.03229,-2.73349],[29.03488,-2.73401],[29.0355,-2.73787],[29.0405,-2.74467],[29.0406,-2.73953],[29.04209,-2.73882],[29.04129,-2.7352],[29.04307,-2.73587],[29.04145,-2.72935],[29.04252,-2.72939],[29.04238,-2.72511],[29.04516,-2.72492],[29.04709,-2.72047],[29.0493,-2.71959],[29.05735,-2.70984],[29.05532,-2.70867],[29.05563,-2.70579],[29.05128,-2.70446],[29.04988,-2.70213],[29.05256,-2.69894],[29.05068,-2.69399],[29.05164,-2.6928],[29.05461,-2.69346],[29.05542,-2.69175],[29.05442,-2.68863],[29.04993,-2.68808],[29.04544,-2.68887],[29.03776,-2.68535],[29.03234,-2.68478],[29.0293,-2.68529],[29.02813,-2.68719],[29.02501,-2.68467]]]}},{"type":"Feature","properties":{"d":"Rusizi","s":"Butare"},"geometry":{"type":"Polygon","coordinates":[[[29.25473,-2.47726],[29.25269,-2.47829],[29.25205,-2.47531],[29.24913,-2.47702],[29.24817,-2.47543],[29.24512,-2.47816],[29.24546,-2.4755],[29.24218,-2.47459],[29.24063,-2.47262],[29.23928,-2.47374],[29.23729,-2.47311],[29.23663,-2.47455],[29.22945,-2.47403],[29.22426,-2.47581],[29.21914,-2.47817],[29.21499,-2.48212],[29.21127,-2.48121],[29.20547,-2.47587],[29.20347,-2.47563],[29.20062,-2.47877],[29.19849,-2.48789],[29.19173,-2.49064],[29.19043,-2.48917],[29.18652,-2.48876],[29.18203,-2.48386],[29.17862,-2.48243],[29.17759,-2.48393],[29.1747,-2.4804],[29.17342,-2.48143],[29.17289,-2.48054],[29.1719,-2.48326],[29.16655,-2.48234],[29.16429,-2.48649],[29.16035,-2.48852],[29.15846,-2.49154],[29.15309,-2.48988],[29.15153,-2.49205],[29.15177,-2.49522],[29.14424,-2.49185],[29.14175,-2.49292],[29.13799,-2.49174],[29.13255,-2.48591],[29.12752,-2.48771],[29.12042,-2.48169],[29.11926,-2.47811],[29.11839,-2.48267],[29.12102,-2.48863],[29.12103,-2.49291],[29.12391,-2.49578],[29.12408,-2.49956],[29.12222,-2.50142],[29.12266,-2.50531],[29.11763,-2.50546],[29.11533,-2.51338],[29.1124,-2.51494],[29.10538,-2.51488],[29.10076,-2.52039],[29.0934,-2.51964],[29.09168,-2.51793],[29.08072,-2.51845],[29.07906,-2.51977],[29.08027,-2.52108],[29.07741,-2.52279],[29.07441,-2.52776],[29.07305,-2.53271],[29.07351,-2.54795],[29.07206,-2.55233],[29.07021,-2.55178],[29.06957,-2.55337],[29.07122,-2.55419],[29.07229,-2.55735],[29.07029,-2.55746],[29.06635,-2.56212],[29.06383,-2.56255],[29.0639,-2.56665],[29.05918,-2.5705],[29.06344,-2.57639],[29.06195,-2.57763],[29.05981,-2.57615],[29.05623,-2.57697],[29.05869,-2.58069],[29.06373,-2.58401],[29.06273,-2.58662],[29.0688,-2.59169],[29.07045,-2.59765],[29.0681,-2.60291],[29.07312,-2.60378],[29.07607,-2.59955],[29.08185,-2.59522],[29.08826,-2.59222],[29.09137,-2.59336],[29.09301,-2.59205],[29.09556,-2.59707],[29.09884,-2.59584],[29.10258,-2.59703],[29.10822,-2.59524],[29.11331,-2.59791],[29.1161,-2.59724],[29.11562,-2.59952],[29.11712,-2.59881],[29.12093,-2.60359],[29.12421,-2.60404],[29.12385,-2.60728],[29.12795,-2.61059],[29.13549,-2.60471],[29.13875,-2.60588],[29.14163,-2.60426],[29.13949,-2.59919],[29.14139,-2.59657],[29.14879,-2.59505],[29.14969,-2.59174],[29.15081,-2.5921],[29.15103,-2.59588],[29.15332,-2.59496],[29.15573,-2.5932],[29.15706,-2.58859],[29.1567,-2.58581],[29.1529,-2.58227],[29.15265,-2.57922],[29.15898,-2.57322],[29.16462,-2.5728],[29.16302,-2.57018],[29.16508,-2.56966],[29.16552,-2.5674],[29.16673,-2.56857],[29.17303,-2.56546],[29.18571,-2.56451],[29.18569,-2.56816],[29.18782,-2.56678],[29.19078,-2.5673],[29.19169,-2.57046],[29.19428,-2.57264],[29.19714,-2.57095],[29.2003,-2.57331],[29.20449,-2.57268],[29.20786,-2.56999],[29.21789,-2.5703],[29.22168,-2.56655],[29.22331,-2.56935],[29.22597,-2.56815],[29.22821,-2.56882],[29.2292,-2.56668],[29.22649,-2.56463],[29.22749,-2.5592],[29.23005,-2.55459],[29.23536,-2.55379],[29.23927,-2.5501],[29.24066,-2.54715],[29.2388,-2.54381],[29.24139,-2.54197],[29.24102,-2.54005],[29.24731,-2.53871],[29.25006,-2.53598],[29.2573,-2.5328],[29.2549,-2.52968],[29.25721,-2.52503],[29.25414,-2.51965],[29.25539,-2.51722],[29.25546,-2.51029],[29.26083,-2.51076],[29.26589,-2.50516],[29.27856,-2.50491],[29.28235,-2.50625],[29.28357,-2.51145],[29.28897,-2.51489],[29.2975,-2.50749],[29.29451,-2.50403],[29.28982,-2.50299],[29.28708,-2.49889],[29.27585,-2.49703],[29.274,-2.49352],[29.27454,-2.49101],[29.27263,-2.49201],[29.26703,-2.48748],[29.26499,-2.48826],[29.26192,-2.48685],[29.25453,-2.47903],[29.25473,-2.47726]]]}},{"type":"Feature","properties":{"d":"Rusizi","s":"Bweyeye"},"geometry":{"type":"Polygon","coordinates":[[[29.34544,-2.5754],[29.34426,-2.5708],[29.34692,-2.56535],[29.34468,-2.56332],[29.34692,-2.55941],[29.34497,-2.5576],[29.33723,-2.55833],[29.33597,-2.55725],[29.33792,-2.55364],[29.33717,-2.54828],[29.34023,-2.54341],[29.33923,-2.54014],[29.33461,-2.53812],[29.32892,-2.53911],[29.32606,-2.53654],[29.31908,-2.53779],[29.31914,-2.53518],[29.32263,-2.52914],[29.32217,-2.5275],[29.32405,-2.5258],[29.32312,-2.51874],[29.32415,-2.5178],[29.32152,-2.51721],[29.32318,-2.51392],[29.32254,-2.50755],[29.3108,-2.49854],[29.30716,-2.4929],[29.30106,-2.49326],[29.2997,-2.49508],[29.29214,-2.49335],[29.29087,-2.49113],[29.28873,-2.48962],[29.28277,-2.49009],[29.27982,-2.48917],[29.27791,-2.48676],[29.27715,-2.48748],[29.27672,-2.48999],[29.27454,-2.49101],[29.274,-2.49352],[29.27585,-2.49703],[29.28708,-2.49889],[29.28982,-2.50299],[29.29451,-2.50403],[29.2975,-2.50749],[29.28897,-2.51489],[29.28357,-2.51145],[29.28235,-2.50625],[29.27856,-2.50491],[29.26589,-2.50516],[29.26083,-2.51076],[29.25546,-2.51029],[29.25539,-2.51722],[29.25414,-2.51965],[29.25721,-2.52503],[29.2549,-2.52968],[29.2573,-2.5328],[29.25006,-2.53598],[29.24731,-2.53871],[29.24102,-2.54005],[29.24139,-2.54197],[29.2388,-2.54381],[29.24066,-2.54715],[29.23927,-2.5501],[29.23536,-2.55379],[29.23005,-2.55459],[29.22749,-2.5592],[29.22649,-2.56463],[29.2292,-2.56668],[29.22821,-2.56882],[29.22597,-2.56815],[29.22331,-2.56935],[29.22168,-2.56655],[29.21789,-2.5703],[29.20786,-2.56999],[29.20449,-2.57268],[29.2003,-2.57331],[29.19714,-2.57095],[29.19428,-2.57264],[29.19169,-2.57046],[29.19078,-2.5673],[29.18782,-2.56678],[29.18569,-2.56816],[29.18571,-2.56451],[29.17303,-2.56546],[29.16673,-2.56857],[29.16552,-2.5674],[29.16508,-2.56966],[29.16302,-2.57018],[29.16462,-2.5728],[29.15898,-2.57322],[29.15265,-2.57922],[29.1529,-2.58227],[29.1567,-2.58581],[29.15706,-2.58859],[29.15573,-2.5932],[29.15332,-2.59496],[29.1569,-2.59691],[29.1629,-2.59557],[29.16252,-2.60078],[29.16851,-2.60324],[29.16875,-2.60657],[29.17161,-2.60754],[29.1738,-2.61047],[29.17377,-2.61559],[29.17615,-2.61618],[29.17715,-2.61468],[29.18258,-2.61435],[29.18365,-2.61183],[29.1871,-2.61028],[29.18855,-2.61302],[29.18553,-2.61475],[29.18596,-2.61594],[29.19726,-2.61801],[29.20342,-2.61573],[29.20813,-2.62199],[29.2098,-2.62291],[29.21299,-2.62168],[29.21556,-2.62586],[29.21896,-2.62655],[29.21903,-2.63134],[29.22043,-2.63231],[29.22379,-2.63112],[29.22367,-2.62862],[29.22586,-2.6277],[29.22641,-2.62565],[29.2304,-2.62905],[29.23314,-2.62884],[29.23583,-2.62789],[29.23593,-2.62479],[29.2393,-2.62741],[29.24059,-2.62465],[29.24437,-2.62308],[29.24642,-2.6252],[29.24756,-2.6221],[29.24875,-2.62577],[29.25134,-2.62691],[29.25448,-2.62313],[29.26341,-2.61873],[29.26534,-2.61885],[29.26733,-2.62234],[29.2671,-2.62475],[29.2724,-2.62396],[29.2813,-2.62636],[29.2842,-2.63177],[29.28666,-2.63231],[29.29358,-2.64088],[29.31169,-2.64495],[29.31485,-2.64697],[29.31533,-2.65156],[29.31982,-2.65668],[29.32251,-2.6538],[29.3262,-2.65354],[29.33272,-2.66336],[29.33177,-2.66624],[29.33503,-2.66943],[29.33503,-2.67407],[29.33194,-2.6764],[29.33198,-2.68012],[29.32906,-2.68262],[29.3353,-2.67963],[29.33939,-2.68043],[29.34679,-2.6789],[29.35424,-2.66612],[29.35207,-2.66024],[29.35592,-2.65392],[29.35798,-2.64405],[29.3651,-2.6378],[29.36793,-2.63138],[29.36334,-2.62414],[29.36447,-2.62021],[29.36212,-2.6179],[29.36305,-2.6151],[29.35626,-2.60797],[29.35294,-2.59585],[29.35043,-2.59523],[29.34525,-2.59699],[29.34254,-2.59316],[29.3424,-2.5904],[29.34505,-2.58824],[29.34501,-2.58527],[29.34128,-2.58389],[29.33974,-2.58125],[29.34544,-2.5754]]]}},{"type":"Feature","properties":{"d":"Rusizi","s":"Gashonga"},"geometry":{"type":"Polygon","coordinates":[[[28.95369,-2.56092],[28.95268,-2.55918],[28.94333,-2.56096],[28.94371,-2.5653],[28.9353,-2.56741],[28.93546,-2.56479],[28.93382,-2.56339],[28.92956,-2.56382],[28.92586,-2.55932],[28.91601,-2.56288],[28.9146,-2.5621],[28.916,-2.5693],[28.9145,-2.57113],[28.91043,-2.57257],[28.90757,-2.5762],[28.90018,-2.57829],[28.89837,-2.58052],[28.89953,-2.58722],[28.89749,-2.59886],[28.90235,-2.60821],[28.90021,-2.61588],[28.90135,-2.61763],[28.90035,-2.62145],[28.91731,-2.62453],[28.92298,-2.6274],[28.92652,-2.62535],[28.92936,-2.62895],[28.94133,-2.63492],[28.94044,-2.62362],[28.9415,-2.61017],[28.94587,-2.61047],[28.95378,-2.60733],[28.96257,-2.60923],[28.96785,-2.61672],[28.97723,-2.62343],[28.98059,-2.62374],[28.97869,-2.62212],[28.97579,-2.61407],[28.97704,-2.61078],[28.97938,-2.60945],[28.97744,-2.60825],[28.97573,-2.60406],[28.97208,-2.60256],[28.97396,-2.60127],[28.97327,-2.5989],[28.96786,-2.59644],[28.966,-2.59138],[28.96161,-2.58769],[28.9624,-2.58249],[28.96,-2.57775],[28.961,-2.57299],[28.95813,-2.57005],[28.95769,-2.56491],[28.95531,-2.56459],[28.95369,-2.56092]]]}},{"type":"Feature","properties":{"d":"Rusizi","s":"Giheke"},"geometry":{"type":"Polygon","coordinates":[[[28.98063,-2.47443],[28.98179,-2.47183],[28.98063,-2.46793],[28.97543,-2.45918],[28.97833,-2.45066],[28.9781,-2.44577],[28.97645,-2.44312],[28.9681,-2.44276],[28.96489,-2.43843],[28.96608,-2.4309],[28.96977,-2.42345],[28.96774,-2.41137],[28.95981,-2.41569],[28.95729,-2.4206],[28.95409,-2.42123],[28.9517,-2.42395],[28.94505,-2.42349],[28.94172,-2.42864],[28.93972,-2.42906],[28.93693,-2.42667],[28.93421,-2.42986],[28.93521,-2.43212],[28.93275,-2.43784],[28.93516,-2.45149],[28.93285,-2.45735],[28.93406,-2.46154],[28.93031,-2.47458],[28.93242,-2.48084],[28.93999,-2.48696],[28.94316,-2.48797],[28.94559,-2.4931],[28.94922,-2.49484],[28.9501,-2.49714],[28.95384,-2.50222],[28.95737,-2.50399],[28.95672,-2.49994],[28.95815,-2.49611],[28.96431,-2.49334],[28.9676,-2.48945],[28.97641,-2.4883],[28.97633,-2.47759],[28.98063,-2.47443]]]}},{"type":"Feature","properties":{"d":"Rusizi","s":"Gihundwe"},"geometry":{"type":"MultiPolygon","coordinates":[[[[28.89127,-2.43352],[28.88789,-2.43797],[28.88713,-2.44303],[28.88392,-2.4441],[28.88703,-2.44822],[28.88617,-2.45321],[28.89011,-2.44657],[28.89199,-2.43751],[28.89127,-2.43352]]],[[[28.89244,-2.45386],[28.89973,-2.43638],[28.89834,-2.43307],[28.89244,-2.45386]]],[[[28.93421,-2.42986],[28.92767,-2.43011],[28.92581,-2.4277],[28.92713,-2.42405],[28.91963,-2.4156],[28.91513,-2.42099],[28.91966,-2.4281],[28.91952,-2.43142],[28.91781,-2.43256],[28.91046,-2.43063],[28.90751,-2.43346],[28.90388,-2.43248],[28.90201,-2.44282],[28.89778,-2.45032],[28.89857,-2.45329],[28.89685,-2.45498],[28.89402,-2.46678],[28.8945,-2.46854],[28.89691,-2.46905],[28.90048,-2.46439],[28.90158,-2.46539],[28.90125,-2.46831],[28.89792,-2.47123],[28.89841,-2.4761],[28.8996,-2.47613],[28.90136,-2.47643],[28.89918,-2.47364],[28.90013,-2.4709],[28.90262,-2.47168],[28.90659,-2.46998],[28.91055,-2.45503],[28.9119,-2.45483],[28.91026,-2.46466],[28.91397,-2.46684],[28.91362,-2.47477],[28.91684,-2.47803],[28.91403,-2.48535],[28.91892,-2.48843],[28.91888,-2.48624],[28.91689,-2.48457],[28.92357,-2.47489],[28.92563,-2.49021],[28.93523,-2.50097],[28.93647,-2.49989],[28.94193,-2.50057],[28.94564,-2.50241],[28.9501,-2.49714],[28.94922,-2.49484],[28.94559,-2.4931],[28.94316,-2.48797],[28.93999,-2.48696],[28.93242,-2.48084],[28.93031,-2.47458],[28.93406,-2.46154],[28.93285,-2.45735],[28.93516,-2.45149],[28.93275,-2.43784],[28.93521,-2.43212],[28.93421,-2.42986]]]]}},{"type":"Feature","properties":{"d":"Rusizi","s":"Gikundamvura"},"geometry":{"type":"Polygon","coordinates":[[[29.04993,-2.68808],[29.04773,-2.68742],[29.04909,-2.6853],[29.05183,-2.68626],[29.0567,-2.6838],[29.05806,-2.67809],[29.05661,-2.67588],[29.0523,-2.67605],[29.04995,-2.67217],[29.04783,-2.6705],[29.04673,-2.67119],[29.0494,-2.66879],[29.04804,-2.66501],[29.0524,-2.65711],[29.05499,-2.65639],[29.05478,-2.65304],[29.05609,-2.65394],[29.05842,-2.65304],[29.0618,-2.64983],[29.05977,-2.64861],[29.05982,-2.64554],[29.0543,-2.64014],[29.05528,-2.63743],[29.05387,-2.63048],[29.05482,-2.63005],[29.05449,-2.62722],[29.05254,-2.6276],[29.05256,-2.62344],[29.05442,-2.62082],[29.05347,-2.61934],[29.05823,-2.61827],[29.05956,-2.61352],[29.05851,-2.61054],[29.06089,-2.60821],[29.0623,-2.60226],[29.0681,-2.60291],[29.07045,-2.59765],[29.0688,-2.59169],[29.06273,-2.58662],[29.06373,-2.58401],[29.05869,-2.58069],[29.05623,-2.57697],[29.04748,-2.57637],[29.04509,-2.5793],[29.04402,-2.57827],[29.04223,-2.57996],[29.03931,-2.57985],[29.03752,-2.58334],[29.03848,-2.58466],[29.03649,-2.585],[29.03371,-2.59247],[29.02933,-2.59532],[29.02811,-2.60137],[29.02932,-2.60409],[29.02682,-2.60574],[29.02696,-2.60925],[29.03285,-2.61816],[29.02987,-2.62387],[29.02979,-2.626],[29.03154,-2.6259],[29.03196,-2.62748],[29.02966,-2.62864],[29.03196,-2.62925],[29.03016,-2.63205],[29.03203,-2.63176],[29.03419,-2.64404],[29.03193,-2.64734],[29.02898,-2.64774],[29.02871,-2.65608],[29.02626,-2.66041],[29.02459,-2.65989],[29.02482,-2.66184],[29.02298,-2.66394],[29.02471,-2.66387],[29.0234,-2.6655],[29.02474,-2.66694],[29.02389,-2.66773],[29.02607,-2.66925],[29.02629,-2.67139],[29.02759,-2.67116],[29.0257,-2.67421],[29.02648,-2.67558],[29.02524,-2.675],[29.02596,-2.67638],[29.0247,-2.67756],[29.02304,-2.67651],[29.0219,-2.67884],[29.02539,-2.68314],[29.02501,-2.68467],[29.02813,-2.68719],[29.0293,-2.68529],[29.03234,-2.68478],[29.03776,-2.68535],[29.04544,-2.68887],[29.04993,-2.68808]]]}},{"type":"Feature","properties":{"d":"Rusizi","s":"Gitambi"},"geometry":{"type":"Polygon","coordinates":[[[28.98059,-2.62374],[28.98449,-2.62632],[28.99047,-2.62784],[28.99413,-2.62691],[28.99953,-2.62972],[29.0019,-2.62903],[29.00427,-2.63183],[29.00688,-2.6322],[29.00753,-2.63098],[29.00957,-2.63267],[29.00979,-2.62946],[29.01086,-2.63031],[29.01449,-2.62839],[29.0148,-2.6243],[29.01366,-2.62385],[29.01538,-2.61654],[29.01387,-2.60524],[29.01541,-2.60009],[29.01698,-2.59972],[29.01262,-2.5947],[29.01348,-2.59064],[29.01564,-2.58915],[29.01426,-2.5852],[29.01023,-2.58241],[29.00387,-2.5808],[29.00099,-2.57768],[28.99333,-2.57359],[28.98662,-2.55885],[28.98254,-2.55842],[28.97701,-2.56077],[28.97365,-2.56038],[28.97322,-2.56812],[28.97025,-2.57277],[28.96647,-2.57277],[28.96753,-2.57135],[28.96525,-2.57064],[28.961,-2.57299],[28.96,-2.57775],[28.9624,-2.58249],[28.96161,-2.58769],[28.966,-2.59138],[28.96786,-2.59644],[28.97327,-2.5989],[28.97396,-2.60127],[28.97208,-2.60256],[28.97573,-2.60406],[28.97744,-2.60825],[28.97938,-2.60945],[28.97704,-2.61078],[28.97579,-2.61407],[28.97869,-2.62212],[28.98059,-2.62374]]]}},{"type":"Feature","properties":{"d":"Rusizi","s":"Kamembe"},"geometry":{"type":"Polygon","coordinates":[[[28.89841,-2.4761],[28.89828,-2.48006],[28.89601,-2.48236],[28.8976,-2.47726],[28.89568,-2.47584],[28.89327,-2.48245],[28.89469,-2.4837],[28.89326,-2.49029],[28.89872,-2.49336],[28.9039,-2.50399],[28.90865,-2.50744],[28.91156,-2.50812],[28.9167,-2.50451],[28.9205,-2.50737],[28.92109,-2.50842],[28.91705,-2.51307],[28.91936,-2.51341],[28.91789,-2.51544],[28.91932,-2.51794],[28.93378,-2.51458],[28.93422,-2.50836],[28.93662,-2.50488],[28.93523,-2.50097],[28.92563,-2.49021],[28.92357,-2.47489],[28.91689,-2.48457],[28.91888,-2.48624],[28.91892,-2.48843],[28.91403,-2.48535],[28.91684,-2.47803],[28.91362,-2.47477],[28.91397,-2.46684],[28.91026,-2.46466],[28.9119,-2.45483],[28.91055,-2.45503],[28.90659,-2.46998],[28.90262,-2.47168],[28.90013,-2.4709],[28.89918,-2.47364],[28.90136,-2.47643],[28.8996,-2.47613],[28.89841,-2.4761]]]}},{"type":"Feature","properties":{"d":"Rusizi","s":"Muganza"},"geometry":{"type":"Polygon","coordinates":[[[29.02501,-2.68467],[29.02539,-2.68314],[29.0219,-2.67884],[29.02304,-2.67651],[29.0247,-2.67756],[29.02596,-2.67638],[29.02524,-2.675],[29.02648,-2.67558],[29.0257,-2.67421],[29.02759,-2.67116],[29.02629,-2.67139],[29.02607,-2.66925],[29.02389,-2.66773],[29.02474,-2.66694],[29.0234,-2.6655],[29.02471,-2.66387],[29.02298,-2.66394],[29.02482,-2.66184],[29.02459,-2.65989],[29.02626,-2.66041],[29.02871,-2.65608],[29.02898,-2.64774],[29.03193,-2.64734],[29.03419,-2.64404],[29.03203,-2.63176],[29.03016,-2.63205],[29.03196,-2.62925],[29.02966,-2.62864],[29.03196,-2.62748],[29.03154,-2.6259],[29.02979,-2.626],[29.02987,-2.62387],[29.03285,-2.61816],[29.02696,-2.60925],[29.02682,-2.60574],[29.02932,-2.60409],[29.02811,-2.60137],[29.02488,-2.6013],[29.0222,-2.59912],[29.01698,-2.59972],[29.01541,-2.60009],[29.01387,-2.60524],[29.01538,-2.61654],[29.01366,-2.62385],[29.0148,-2.6243],[29.01449,-2.62839],[29.01086,-2.63031],[29.00979,-2.62946],[29.00957,-2.63267],[29.00929,-2.65992],[29.00522,-2.66553],[29.0079,-2.66774],[29.00724,-2.67952],[29.00728,-2.68261],[29.01098,-2.68454],[29.02501,-2.68467]]]}},{"type":"Feature","properties":{"d":"Rusizi","s":"Mururu"},"geometry":{"type":"Polygon","coordinates":[[[28.93523,-2.50097],[28.93662,-2.50488],[28.93422,-2.50836],[28.93378,-2.51458],[28.91932,-2.51794],[28.91789,-2.51544],[28.91936,-2.51341],[28.91705,-2.51307],[28.92109,-2.50842],[28.9205,-2.50737],[28.9167,-2.50451],[28.91156,-2.50812],[28.90865,-2.50744],[28.9039,-2.50399],[28.89872,-2.49336],[28.89326,-2.49029],[28.88861,-2.50563],[28.87433,-2.50941],[28.86612,-2.51666],[28.86173,-2.52419],[28.86298,-2.53333],[28.86958,-2.53861],[28.87776,-2.55075],[28.88906,-2.557],[28.89152,-2.55319],[28.89152,-2.54929],[28.88863,-2.5438],[28.89169,-2.53839],[28.89047,-2.53608],[28.89577,-2.53129],[28.89686,-2.53322],[28.89897,-2.5336],[28.90271,-2.53095],[28.91461,-2.53069],[28.92415,-2.5361],[28.92741,-2.53382],[28.932,-2.5339],[28.93479,-2.52887],[28.94559,-2.52935],[28.94705,-2.53221],[28.9502,-2.53328],[28.95335,-2.52897],[28.95229,-2.52597],[28.95486,-2.51966],[28.9542,-2.51754],[28.95237,-2.51259],[28.95383,-2.50816],[28.95116,-2.50591],[28.94687,-2.5051],[28.94564,-2.50241],[28.94193,-2.50057],[28.93647,-2.49989],[28.93523,-2.50097]]]}},{"type":"Feature","properties":{"d":"Rusizi","s":"Nkanka"},"geometry":{"type":"Polygon","coordinates":[[[28.96774,-2.41137],[28.96932,-2.40499],[28.97097,-2.39971],[28.96856,-2.39971],[28.97051,-2.39611],[28.96657,-2.40013],[28.96562,-2.39966],[28.96841,-2.39433],[28.9687,-2.39065],[28.96772,-2.3901],[28.96748,-2.39234],[28.96372,-2.39459],[28.95858,-2.39219],[28.95666,-2.39644],[28.95116,-2.39931],[28.95135,-2.3956],[28.94779,-2.39356],[28.948,-2.39132],[28.95027,-2.39057],[28.94908,-2.38768],[28.94997,-2.38519],[28.94852,-2.38399],[28.94639,-2.3887],[28.94037,-2.39281],[28.93966,-2.3995],[28.93515,-2.40059],[28.93385,-2.40435],[28.93145,-2.40316],[28.93016,-2.39758],[28.92835,-2.39911],[28.92936,-2.40327],[28.92695,-2.39977],[28.92796,-2.39727],[28.92686,-2.39584],[28.91917,-2.40346],[28.92092,-2.40725],[28.91726,-2.40526],[28.9166,-2.40278],[28.91082,-2.40847],[28.90835,-2.40839],[28.90313,-2.42022],[28.90149,-2.4205],[28.90388,-2.43248],[28.90751,-2.43346],[28.91046,-2.43063],[28.91781,-2.43256],[28.91952,-2.43142],[28.91966,-2.4281],[28.91513,-2.42099],[28.91963,-2.4156],[28.92713,-2.42405],[28.92581,-2.4277],[28.92767,-2.43011],[28.93421,-2.42986],[28.93693,-2.42667],[28.93972,-2.42906],[28.94172,-2.42864],[28.94505,-2.42349],[28.9517,-2.42395],[28.95409,-2.42123],[28.95729,-2.4206],[28.95981,-2.41569],[28.96774,-2.41137]]]}},{"type":"Feature","properties":{"d":"Rusizi","s":"Nkombo"},"geometry":{"type":"MultiPolygon","coordinates":[[[[28.89358,-2.42799],[28.89427,-2.42427],[28.89332,-2.42358],[28.89358,-2.42799]]],[[[28.94146,-2.37942],[28.93913,-2.37981],[28.93513,-2.38454],[28.93428,-2.38166],[28.93197,-2.38139],[28.92957,-2.38358],[28.92976,-2.38814],[28.92775,-2.38989],[28.93002,-2.39357],[28.93327,-2.39264],[28.94146,-2.37942]]],[[[28.93214,-2.37396],[28.92705,-2.37657],[28.9259,-2.37491],[28.92389,-2.37561],[28.92226,-2.37396],[28.91548,-2.37515],[28.91309,-2.37394],[28.91108,-2.37545],[28.90762,-2.38469],[28.90778,-2.39085],[28.90649,-2.39169],[28.90262,-2.38875],[28.9041,-2.39409],[28.90162,-2.39646],[28.8997,-2.39508],[28.89996,-2.40012],[28.89627,-2.39883],[28.89795,-2.40109],[28.89553,-2.40288],[28.89312,-2.40032],[28.89314,-2.40925],[28.88581,-2.41736],[28.88377,-2.43042],[28.88162,-2.43152],[28.88005,-2.42843],[28.87907,-2.4323],[28.8818,-2.43402],[28.88648,-2.43048],[28.88952,-2.41921],[28.89923,-2.41332],[28.89933,-2.40963],[28.90169,-2.40987],[28.90722,-2.40433],[28.91037,-2.40464],[28.91012,-2.40265],[28.91187,-2.40195],[28.91111,-2.40006],[28.91884,-2.39758],[28.92104,-2.39867],[28.92117,-2.39653],[28.92504,-2.39413],[28.92555,-2.39259],[28.92362,-2.39004],[28.92555,-2.3886],[28.91895,-2.38563],[28.92019,-2.38245],[28.91351,-2.38493],[28.91218,-2.37976],[28.91674,-2.37803],[28.9225,-2.37877],[28.92447,-2.38098],[28.92736,-2.38143],[28.92983,-2.37805],[28.93493,-2.37757],[28.93534,-2.37498],[28.93214,-2.37396]]]]}},{"type":"Feature","properties":{"d":"Rusizi","s":"Nkungu"},"geometry":{"type":"Polygon","coordinates":[[[28.961,-2.57299],[28.96525,-2.57064],[28.96753,-2.57135],[28.96647,-2.57277],[28.97025,-2.57277],[28.97322,-2.56812],[28.97365,-2.56038],[28.97701,-2.56077],[28.98254,-2.55842],[28.98662,-2.55885],[28.99235,-2.55931],[28.99349,-2.55381],[29.01291,-2.55059],[29.00949,-2.54757],[29.01128,-2.54672],[29.01158,-2.54425],[29.00495,-2.53892],[29.01654,-2.53375],[29.01693,-2.53131],[29.00855,-2.52674],[29.00666,-2.52086],[29.00452,-2.52034],[29.00152,-2.51648],[29.00018,-2.51055],[28.99451,-2.50445],[28.98971,-2.50208],[28.98795,-2.49799],[28.98495,-2.49711],[28.98172,-2.4919],[28.97751,-2.4905],[28.97641,-2.4883],[28.9676,-2.48945],[28.96431,-2.49334],[28.95815,-2.49611],[28.95672,-2.49994],[28.95737,-2.50399],[28.95384,-2.50222],[28.9501,-2.49714],[28.94564,-2.50241],[28.94687,-2.5051],[28.95116,-2.50591],[28.95383,-2.50816],[28.95237,-2.51259],[28.9542,-2.51754],[28.95604,-2.51617],[28.96583,-2.5168],[28.96814,-2.52213],[28.97167,-2.52393],[28.96926,-2.52716],[28.96549,-2.52564],[28.96312,-2.52696],[28.96132,-2.53063],[28.95996,-2.54064],[28.96181,-2.54538],[28.96027,-2.55226],[28.9556,-2.56032],[28.95369,-2.56092],[28.95531,-2.56459],[28.95769,-2.56491],[28.95813,-2.57005],[28.961,-2.57299]]]}},{"type":"Feature","properties":{"d":"Rusizi","s":"Nyakabuye"},"geometry":{"type":"Polygon","coordinates":[[[29.07305,-2.53271],[29.0713,-2.53199],[29.06715,-2.53347],[29.0651,-2.53564],[29.06344,-2.53488],[29.05862,-2.53854],[29.05382,-2.53755],[29.0513,-2.54111],[29.04864,-2.54111],[29.04503,-2.54518],[29.04379,-2.54501],[29.04611,-2.55009],[29.04375,-2.55461],[29.04562,-2.55916],[29.04498,-2.56234],[29.04306,-2.56466],[29.04009,-2.56506],[29.04033,-2.56699],[29.03881,-2.5667],[29.03828,-2.56907],[29.03487,-2.56466],[29.03385,-2.55933],[29.03595,-2.54616],[29.0347,-2.54142],[29.03093,-2.54074],[29.02659,-2.53668],[29.0199,-2.5363],[29.01654,-2.53375],[29.00495,-2.53892],[29.01158,-2.54425],[29.01128,-2.54672],[29.00949,-2.54757],[29.01291,-2.55059],[28.99349,-2.55381],[28.99235,-2.55931],[28.98662,-2.55885],[28.99333,-2.57359],[29.00099,-2.57768],[29.00387,-2.5808],[29.01023,-2.58241],[29.01426,-2.5852],[29.01564,-2.58915],[29.01348,-2.59064],[29.01262,-2.5947],[29.01698,-2.59972],[29.0222,-2.59912],[29.02488,-2.6013],[29.02811,-2.60137],[29.02933,-2.59532],[29.03371,-2.59247],[29.03649,-2.585],[29.03848,-2.58466],[29.03752,-2.58334],[29.03931,-2.57985],[29.04223,-2.57996],[29.04402,-2.57827],[29.04509,-2.5793],[29.04748,-2.57637],[29.05623,-2.57697],[29.05981,-2.57615],[29.06195,-2.57763],[29.06344,-2.57639],[29.05918,-2.5705],[29.0639,-2.56665],[29.06383,-2.56255],[29.06635,-2.56212],[29.07029,-2.55746],[29.07229,-2.55735],[29.07122,-2.55419],[29.06957,-2.55337],[29.07021,-2.55178],[29.07206,-2.55233],[29.07351,-2.54795],[29.07305,-2.53271]]]}},{"type":"Feature","properties":{"d":"Rusizi","s":"Nyakarenzo"},"geometry":{"type":"Polygon","coordinates":[[[28.95369,-2.56092],[28.9556,-2.56032],[28.96027,-2.55226],[28.96181,-2.54538],[28.95996,-2.54064],[28.96132,-2.53063],[28.96312,-2.52696],[28.96549,-2.52564],[28.96926,-2.52716],[28.97167,-2.52393],[28.96814,-2.52213],[28.96583,-2.5168],[28.95604,-2.51617],[28.9542,-2.51754],[28.95486,-2.51966],[28.95229,-2.52597],[28.95335,-2.52897],[28.9502,-2.53328],[28.94705,-2.53221],[28.94559,-2.52935],[28.93479,-2.52887],[28.932,-2.5339],[28.92741,-2.53382],[28.92415,-2.5361],[28.91461,-2.53069],[28.90271,-2.53095],[28.89897,-2.5336],[28.89686,-2.53322],[28.89577,-2.53129],[28.89047,-2.53608],[28.89169,-2.53839],[28.88863,-2.5438],[28.89152,-2.54929],[28.89152,-2.55319],[28.88906,-2.557],[28.89289,-2.5601],[28.89521,-2.56798],[28.89521,-2.57477],[28.89837,-2.58052],[28.90018,-2.57829],[28.90757,-2.5762],[28.91043,-2.57257],[28.9145,-2.57113],[28.916,-2.5693],[28.9146,-2.5621],[28.91601,-2.56288],[28.92586,-2.55932],[28.92956,-2.56382],[28.93382,-2.56339],[28.93546,-2.56479],[28.9353,-2.56741],[28.94371,-2.5653],[28.94333,-2.56096],[28.95268,-2.55918],[28.95369,-2.56092]]]}},{"type":"Feature","properties":{"d":"Rusizi","s":"Nzahaha"},"geometry":{"type":"Polygon","coordinates":[[[29.00724,-2.67952],[29.0079,-2.66774],[29.00522,-2.66553],[29.00295,-2.66433],[29.0004,-2.66518],[28.99858,-2.66352],[28.99479,-2.66612],[28.99074,-2.66448],[28.98575,-2.65923],[28.98595,-2.65602],[28.98409,-2.65234],[28.97456,-2.64704],[28.97173,-2.64186],[28.96548,-2.64016],[28.96184,-2.64131],[28.95886,-2.64443],[28.95409,-2.64574],[28.95126,-2.64411],[28.95016,-2.63946],[28.9411,-2.64231],[28.94133,-2.63492],[28.92936,-2.62895],[28.92652,-2.62535],[28.92298,-2.6274],[28.91731,-2.62453],[28.90035,-2.62145],[28.90403,-2.62695],[28.90388,-2.63741],[28.9057,-2.64611],[28.90353,-2.64997],[28.8961,-2.65222],[28.89624,-2.65804],[28.89949,-2.66196],[28.90342,-2.66243],[28.90574,-2.66482],[28.90717,-2.66389],[28.91002,-2.66496],[28.91034,-2.66881],[28.91755,-2.68016],[28.92319,-2.68209],[28.93133,-2.68138],[28.93388,-2.68309],[28.93466,-2.68095],[28.93733,-2.68183],[28.94044,-2.68578],[28.94002,-2.68947],[28.94375,-2.69304],[28.94504,-2.69104],[28.94727,-2.69059],[28.95946,-2.6938],[28.96662,-2.70353],[28.96881,-2.70353],[28.97135,-2.69822],[28.97471,-2.69542],[28.98049,-2.69404],[28.98313,-2.69392],[28.98846,-2.69958],[28.99134,-2.69822],[28.99606,-2.69981],[28.99665,-2.69546],[28.99438,-2.6919],[28.99456,-2.68942],[28.99892,-2.68922],[29.00057,-2.69054],[29.00319,-2.68928],[29.00724,-2.67952]]]}},{"type":"Feature","properties":{"d":"Rusizi","s":"Rwimbogo"},"geometry":{"type":"Polygon","coordinates":[[[28.94133,-2.63492],[28.9411,-2.64231],[28.95016,-2.63946],[28.95126,-2.64411],[28.95409,-2.64574],[28.95886,-2.64443],[28.96184,-2.64131],[28.96548,-2.64016],[28.97173,-2.64186],[28.97456,-2.64704],[28.98409,-2.65234],[28.98595,-2.65602],[28.98575,-2.65923],[28.99074,-2.66448],[28.99479,-2.66612],[28.99858,-2.66352],[29.0004,-2.66518],[29.00295,-2.66433],[29.00522,-2.66553],[29.00929,-2.65992],[29.00957,-2.63267],[29.00753,-2.63098],[29.00688,-2.6322],[29.00427,-2.63183],[29.0019,-2.62903],[28.99953,-2.62972],[28.99413,-2.62691],[28.99047,-2.62784],[28.98449,-2.62632],[28.98059,-2.62374],[28.97723,-2.62343],[28.96785,-2.61672],[28.96257,-2.60923],[28.95378,-2.60733],[28.94587,-2.61047],[28.9415,-2.61017],[28.94044,-2.62362],[28.94133,-2.63492]]]}},{"type":"Feature","properties":{"d":"Nyamasheke","s":"Bushekeri"},"geometry":{"type":"MultiPolygon","coordinates":[[[[29.06196,-2.38406],[29.06251,-2.38325],[29.06059,-2.38211],[29.05952,-2.38445],[29.06196,-2.38406]]],[[[29.17289,-2.48054],[29.17276,-2.47753],[29.16591,-2.4715],[29.166,-2.46259],[29.16069,-2.4584],[29.15239,-2.45559],[29.15093,-2.45063],[29.14631,-2.44647],[29.14124,-2.45557],[29.13941,-2.45384],[29.13989,-2.44981],[29.13739,-2.44371],[29.14064,-2.44045],[29.14235,-2.43521],[29.13309,-2.43842],[29.13048,-2.43033],[29.12494,-2.42226],[29.12591,-2.41635],[29.12245,-2.40868],[29.1229,-2.40386],[29.12069,-2.40153],[29.12172,-2.39861],[29.1221,-2.39954],[29.12695,-2.3974],[29.12674,-2.39349],[29.12956,-2.39182],[29.12965,-2.39019],[29.13108,-2.39092],[29.13134,-2.38898],[29.11978,-2.39431],[29.10734,-2.38731],[29.10716,-2.3835],[29.10387,-2.38196],[29.09856,-2.38269],[29.09613,-2.38151],[29.09267,-2.38482],[29.09383,-2.38662],[29.09059,-2.38635],[29.08735,-2.39306],[29.08466,-2.39474],[29.086,-2.38971],[29.08456,-2.38699],[29.0855,-2.38464],[29.08364,-2.37695],[29.08503,-2.37316],[29.08269,-2.37212],[29.07925,-2.37308],[29.07664,-2.37818],[29.0687,-2.37405],[29.06619,-2.37552],[29.06379,-2.38079],[29.06634,-2.38108],[29.06738,-2.38271],[29.06428,-2.38371],[29.06192,-2.38786],[29.06112,-2.38525],[29.05853,-2.38899],[29.05764,-2.39404],[29.05936,-2.39569],[29.05538,-2.39786],[29.0545,-2.40065],[29.05091,-2.40391],[29.04939,-2.40752],[29.05039,-2.41186],[29.04832,-2.4138],[29.04516,-2.41988],[29.05014,-2.4242],[29.05012,-2.42758],[29.05276,-2.42792],[29.05345,-2.4267],[29.05784,-2.43052],[29.05879,-2.44242],[29.05753,-2.44526],[29.05943,-2.44937],[29.05793,-2.45233],[29.06029,-2.45438],[29.06019,-2.45595],[29.06385,-2.4583],[29.06003,-2.4597],[29.06087,-2.46329],[29.06266,-2.46413],[29.06184,-2.46602],[29.06436,-2.46687],[29.06615,-2.4745],[29.07134,-2.47432],[29.07305,-2.47881],[29.07748,-2.48153],[29.07717,-2.48395],[29.07969,-2.48637],[29.0801,-2.48932],[29.09318,-2.48784],[29.09392,-2.48641],[29.09543,-2.49139],[29.09935,-2.49326],[29.10006,-2.49098],[29.09833,-2.48793],[29.10459,-2.48701],[29.10672,-2.48394],[29.11117,-2.48249],[29.11174,-2.47898],[29.11396,-2.48041],[29.1162,-2.47832],[29.11926,-2.47811],[29.12042,-2.48169],[29.12752,-2.48771],[29.13255,-2.48591],[29.13799,-2.49174],[29.14175,-2.49292],[29.14424,-2.49185],[29.15177,-2.49522],[29.15153,-2.49205],[29.15309,-2.48988],[29.15846,-2.49154],[29.16035,-2.48852],[29.16429,-2.48649],[29.16655,-2.48234],[29.1719,-2.48326],[29.17289,-2.48054]]]]}},{"type":"Feature","properties":{"d":"Nyamasheke","s":"Bushenge"},"geometry":{"type":"Polygon","coordinates":[[[28.98063,-2.47443],[28.98403,-2.47272],[28.98523,-2.46827],[28.99003,-2.46781],[28.99172,-2.4657],[28.9982,-2.46579],[28.99821,-2.46093],[28.99657,-2.45992],[28.99874,-2.45043],[28.99814,-2.44693],[28.9997,-2.44629],[29.00164,-2.44178],[29.00505,-2.44139],[29.00794,-2.43565],[29.01303,-2.43485],[29.0152,-2.43592],[29.01785,-2.43404],[29.01789,-2.43126],[29.02142,-2.43223],[29.02647,-2.43029],[29.02366,-2.42616],[29.02442,-2.42329],[29.02082,-2.42155],[29.01374,-2.42208],[29.01062,-2.41937],[29.00794,-2.41996],[28.99734,-2.41117],[28.9962,-2.4029],[28.99732,-2.39768],[28.99374,-2.39346],[28.99528,-2.39007],[28.99448,-2.38374],[28.9933,-2.38357],[28.98987,-2.37584],[28.98674,-2.37748],[28.98031,-2.38466],[28.97991,-2.3875],[28.97583,-2.39045],[28.97676,-2.39189],[28.97587,-2.39334],[28.97827,-2.39399],[28.97511,-2.39686],[28.97637,-2.40053],[28.97102,-2.40075],[28.96932,-2.40499],[28.96774,-2.41137],[28.96977,-2.42345],[28.96608,-2.4309],[28.96489,-2.43843],[28.9681,-2.44276],[28.97645,-2.44312],[28.9781,-2.44577],[28.97833,-2.45066],[28.97543,-2.45918],[28.98063,-2.46793],[28.98179,-2.47183],[28.98063,-2.47443]]]}},{"type":"Feature","properties":{"d":"Nyamasheke","s":"Cyato"},"geometry":{"type":"Polygon","coordinates":[[[29.32855,-2.41097],[29.32666,-2.40611],[29.32286,-2.40604],[29.32153,-2.4019],[29.31829,-2.39864],[29.32271,-2.38827],[29.32747,-2.38872],[29.33078,-2.3837],[29.33065,-2.37988],[29.33595,-2.37839],[29.33743,-2.37058],[29.34321,-2.36542],[29.34312,-2.35738],[29.33919,-2.35955],[29.32906,-2.36116],[29.32386,-2.35788],[29.3173,-2.35651],[29.30697,-2.34875],[29.30057,-2.35648],[29.28968,-2.35542],[29.28662,-2.35623],[29.28641,-2.35906],[29.28436,-2.35936],[29.28007,-2.35717],[29.28112,-2.35337],[29.2757,-2.34857],[29.2721,-2.34959],[29.2703,-2.35429],[29.26594,-2.35872],[29.25677,-2.35339],[29.2511,-2.35514],[29.24986,-2.35844],[29.24794,-2.35787],[29.2478,-2.35959],[29.2466,-2.35877],[29.24642,-2.35991],[29.24259,-2.36063],[29.24034,-2.35931],[29.23831,-2.36043],[29.23491,-2.35669],[29.22993,-2.35793],[29.22704,-2.35592],[29.22504,-2.35842],[29.22155,-2.3582],[29.21804,-2.36562],[29.22035,-2.36748],[29.21778,-2.36859],[29.21461,-2.3686],[29.21296,-2.36602],[29.20707,-2.36768],[29.20201,-2.36499],[29.20019,-2.36564],[29.19922,-2.36401],[29.19769,-2.36646],[29.19319,-2.369],[29.19344,-2.37106],[29.18449,-2.3853],[29.17895,-2.38577],[29.1767,-2.39157],[29.17539,-2.39193],[29.17627,-2.3958],[29.17377,-2.39841],[29.17543,-2.39936],[29.17491,-2.40127],[29.1769,-2.40276],[29.18051,-2.40194],[29.18282,-2.40331],[29.18216,-2.40544],[29.18464,-2.40856],[29.18658,-2.40581],[29.1868,-2.40785],[29.1891,-2.40816],[29.18959,-2.40965],[29.19196,-2.40883],[29.19158,-2.41194],[29.19444,-2.4106],[29.19459,-2.4137],[29.19608,-2.41346],[29.19565,-2.41478],[29.19719,-2.41608],[29.1962,-2.41927],[29.19828,-2.42137],[29.19399,-2.42255],[29.19349,-2.42474],[29.19452,-2.42514],[29.19199,-2.42588],[29.19203,-2.43247],[29.19788,-2.43454],[29.19929,-2.43887],[29.20834,-2.44558],[29.21512,-2.44261],[29.21745,-2.44373],[29.22068,-2.44311],[29.22134,-2.44425],[29.22567,-2.44423],[29.23044,-2.4419],[29.2381,-2.44309],[29.23426,-2.44817],[29.24818,-2.4591],[29.252,-2.46556],[29.25138,-2.46744],[29.2554,-2.47028],[29.25473,-2.47726],[29.25453,-2.47903],[29.26192,-2.48685],[29.26499,-2.48826],[29.26703,-2.48748],[29.27263,-2.49201],[29.27454,-2.49101],[29.27672,-2.48999],[29.27715,-2.48748],[29.26975,-2.48299],[29.26465,-2.48202],[29.26939,-2.47547],[29.26562,-2.47232],[29.26623,-2.47074],[29.26866,-2.46649],[29.27242,-2.46382],[29.27327,-2.45655],[29.27738,-2.4489],[29.27948,-2.44803],[29.28031,-2.44186],[29.29912,-2.4404],[29.30313,-2.43409],[29.30717,-2.43409],[29.30993,-2.43571],[29.31753,-2.43134],[29.32352,-2.43247],[29.32594,-2.42794],[29.32591,-2.42299],[29.32867,-2.42165],[29.32746,-2.42007],[29.3294,-2.41619],[29.32721,-2.4134],[29.32855,-2.41097]]]}},{"type":"Feature","properties":{"d":"Nyamasheke","s":"Gihombo"},"geometry":{"type":"MultiPolygon","coordinates":[[[[29.18885,-2.2208],[29.18499,-2.22144],[29.18401,-2.22465],[29.18885,-2.2208]]],[[[29.18089,-2.20201],[29.17994,-2.2032],[29.18238,-2.20492],[29.18406,-2.20342],[29.18403,-2.20242],[29.18089,-2.20201]]],[[[29.19448,-2.19987],[29.19197,-2.20044],[29.19417,-2.20326],[29.19448,-2.19987]]],[[[29.28004,-2.18902],[29.28048,-2.18287],[29.27777,-2.18274],[29.27931,-2.18148],[29.27861,-2.17994],[29.27534,-2.18029],[29.27611,-2.17823],[29.27027,-2.1708],[29.26981,-2.16829],[29.26674,-2.16951],[29.26616,-2.16659],[29.26212,-2.16674],[29.26526,-2.1614],[29.26057,-2.1586],[29.25776,-2.15986],[29.25803,-2.15724],[29.25605,-2.15604],[29.25406,-2.1572],[29.25263,-2.15501],[29.24867,-2.15924],[29.24743,-2.15739],[29.24361,-2.15892],[29.24547,-2.15502],[29.24812,-2.1534],[29.24687,-2.15018],[29.24702,-2.15315],[29.24523,-2.15156],[29.24286,-2.15595],[29.24261,-2.15259],[29.24143,-2.15203],[29.2418,-2.15824],[29.24386,-2.16235],[29.24215,-2.1626],[29.24258,-2.16933],[29.24027,-2.1691],[29.24051,-2.16657],[29.23792,-2.16715],[29.23897,-2.16447],[29.23588,-2.15994],[29.23055,-2.16032],[29.22868,-2.15907],[29.23178,-2.16492],[29.22998,-2.16739],[29.22837,-2.16705],[29.22582,-2.17259],[29.22357,-2.16622],[29.22436,-2.17324],[29.22308,-2.17427],[29.22042,-2.1714],[29.21959,-2.16762],[29.21811,-2.16915],[29.21603,-2.16864],[29.21527,-2.16699],[29.21651,-2.16377],[29.21374,-2.16411],[29.21298,-2.16261],[29.21065,-2.16242],[29.21543,-2.16822],[29.21794,-2.17504],[29.21448,-2.17457],[29.21206,-2.17622],[29.20971,-2.17405],[29.21107,-2.17685],[29.20942,-2.17769],[29.21058,-2.18024],[29.20858,-2.18372],[29.20207,-2.18312],[29.20133,-2.17914],[29.19756,-2.18021],[29.19881,-2.18374],[29.19765,-2.18631],[29.20205,-2.19043],[29.2032,-2.1983],[29.204,-2.19622],[29.20764,-2.19577],[29.2103,-2.19833],[29.21309,-2.19564],[29.21085,-2.19273],[29.2142,-2.19398],[29.21511,-2.20224],[29.21316,-2.20164],[29.21253,-2.20283],[29.21617,-2.20669],[29.21529,-2.20796],[29.21835,-2.21229],[29.21421,-2.21158],[29.21198,-2.20699],[29.21083,-2.20879],[29.20992,-2.20768],[29.20678,-2.20998],[29.19818,-2.20146],[29.19744,-2.20364],[29.19367,-2.20555],[29.19553,-2.21014],[29.1943,-2.21124],[29.19794,-2.21459],[29.19392,-2.21461],[29.19614,-2.21725],[29.1948,-2.21869],[29.19113,-2.21669],[29.19437,-2.22077],[29.19109,-2.22372],[29.19442,-2.22276],[29.19609,-2.22701],[29.20155,-2.23621],[29.20367,-2.23555],[29.20712,-2.23794],[29.20783,-2.23589],[29.21135,-2.23627],[29.21386,-2.23556],[29.21424,-2.23344],[29.21874,-2.23317],[29.22578,-2.23833],[29.23075,-2.23786],[29.2365,-2.24143],[29.23973,-2.24118],[29.2389,-2.24349],[29.24192,-2.24558],[29.24597,-2.24545],[29.2492,-2.23736],[29.24903,-2.23452],[29.25195,-2.22957],[29.25192,-2.22363],[29.25723,-2.22045],[29.2591,-2.21462],[29.26264,-2.21384],[29.26257,-2.21069],[29.26518,-2.20791],[29.26551,-2.20344],[29.27255,-2.19774],[29.27175,-2.19467],[29.27308,-2.19191],[29.27904,-2.18762],[29.28004,-2.18902]]]]}},{"type":"Feature","properties":{"d":"Nyamasheke","s":"Kagano"},"geometry":{"type":"Polygon","coordinates":[[[29.13134,-2.38898],[29.13406,-2.3818],[29.13539,-2.38191],[29.13819,-2.37841],[29.14505,-2.37602],[29.14516,-2.37251],[29.14859,-2.36888],[29.14931,-2.36543],[29.14768,-2.36334],[29.14899,-2.36],[29.15009,-2.3584],[29.1475,-2.35756],[29.14972,-2.35556],[29.14604,-2.35508],[29.14763,-2.35245],[29.14564,-2.35099],[29.14638,-2.34888],[29.1426,-2.34794],[29.14038,-2.34342],[29.13543,-2.34207],[29.13131,-2.34499],[29.13078,-2.34348],[29.12289,-2.34149],[29.11992,-2.33763],[29.11824,-2.34053],[29.11622,-2.33975],[29.11961,-2.33672],[29.11694,-2.33584],[29.11891,-2.3341],[29.11897,-2.33159],[29.11415,-2.33433],[29.11298,-2.33175],[29.11604,-2.3298],[29.11365,-2.32854],[29.1156,-2.32753],[29.11511,-2.32584],[29.11812,-2.32924],[29.12093,-2.32791],[29.11633,-2.32368],[29.11786,-2.32028],[29.12045,-2.32109],[29.12215,-2.31947],[29.12253,-2.32171],[29.12495,-2.32145],[29.12843,-2.31676],[29.12812,-2.31469],[29.12964,-2.31452],[29.1284,-2.31332],[29.12641,-2.31592],[29.12443,-2.31588],[29.12266,-2.31275],[29.11969,-2.31302],[29.11944,-2.31153],[29.12563,-2.30411],[29.12947,-2.30358],[29.13199,-2.3012],[29.13031,-2.29694],[29.12766,-2.29577],[29.12472,-2.29927],[29.12044,-2.29975],[29.11953,-2.30261],[29.12093,-2.30496],[29.11959,-2.30672],[29.11584,-2.3073],[29.11289,-2.30421],[29.10988,-2.30407],[29.10506,-2.30979],[29.10434,-2.3128],[29.10772,-2.31247],[29.10783,-2.31492],[29.1097,-2.31685],[29.10729,-2.31983],[29.10906,-2.3206],[29.10842,-2.32258],[29.10597,-2.32184],[29.10252,-2.32361],[29.10292,-2.32728],[29.10497,-2.3282],[29.10629,-2.33107],[29.10624,-2.33639],[29.10029,-2.33851],[29.09861,-2.33815],[29.09935,-2.33702],[29.09552,-2.33728],[29.09869,-2.33335],[29.0946,-2.3302],[29.08743,-2.33517],[29.08653,-2.33925],[29.08359,-2.33821],[29.08316,-2.33955],[29.08006,-2.33984],[29.07841,-2.33558],[29.07389,-2.33951],[29.06743,-2.33602],[29.0682,-2.3381],[29.06684,-2.33921],[29.0745,-2.34217],[29.07567,-2.34069],[29.08058,-2.34137],[29.08354,-2.34022],[29.08272,-2.34497],[29.07729,-2.3501],[29.08047,-2.3528],[29.07903,-2.35522],[29.0808,-2.35404],[29.08235,-2.35717],[29.07944,-2.36032],[29.08007,-2.36168],[29.07828,-2.36513],[29.08028,-2.36645],[29.0783,-2.37229],[29.07925,-2.37308],[29.08269,-2.37212],[29.08503,-2.37316],[29.08364,-2.37695],[29.0855,-2.38464],[29.08456,-2.38699],[29.086,-2.38971],[29.08466,-2.39474],[29.08735,-2.39306],[29.09059,-2.38635],[29.09383,-2.38662],[29.09267,-2.38482],[29.09613,-2.38151],[29.09856,-2.38269],[29.10387,-2.38196],[29.10716,-2.3835],[29.10734,-2.38731],[29.11978,-2.39431],[29.13134,-2.38898]]]}},{"type":"Feature","properties":{"d":"Nyamasheke","s":"Kanjongo"},"geometry":{"type":"MultiPolygon","coordinates":[[[[29.14997,-2.29791],[29.14813,-2.29831],[29.1501,-2.29928],[29.14997,-2.29791]]],[[[29.15888,-2.29296],[29.15915,-2.28882],[29.15776,-2.28992],[29.15888,-2.29296]]],[[[29.22155,-2.3582],[29.22181,-2.35639],[29.21998,-2.35449],[29.22066,-2.35151],[29.21521,-2.3523],[29.21302,-2.34941],[29.20282,-2.3524],[29.20182,-2.35059],[29.20008,-2.35072],[29.20002,-2.3475],[29.19755,-2.34606],[29.19471,-2.34045],[29.19023,-2.34082],[29.18402,-2.33535],[29.18189,-2.33827],[29.17934,-2.33822],[29.17699,-2.33471],[29.1763,-2.3357],[29.17314,-2.33358],[29.17445,-2.33279],[29.17261,-2.33157],[29.17049,-2.33053],[29.16918,-2.33253],[29.16677,-2.3316],[29.16655,-2.32752],[29.16443,-2.3252],[29.17021,-2.32217],[29.16937,-2.31105],[29.17068,-2.30751],[29.16859,-2.30452],[29.16864,-2.29913],[29.16713,-2.29703],[29.16813,-2.28997],[29.16653,-2.28842],[29.16178,-2.28927],[29.15867,-2.29352],[29.16002,-2.2965],[29.15886,-2.29804],[29.15676,-2.29451],[29.15319,-2.29479],[29.15205,-2.29297],[29.15298,-2.29144],[29.1505,-2.29215],[29.15286,-2.29631],[29.15429,-2.29656],[29.15403,-2.29862],[29.15152,-2.29901],[29.15086,-2.30055],[29.14738,-2.3002],[29.14754,-2.29915],[29.14593,-2.29916],[29.14619,-2.29742],[29.14197,-2.29548],[29.14266,-2.29798],[29.14113,-2.29727],[29.13917,-2.30348],[29.13714,-2.30599],[29.13471,-2.30576],[29.13685,-2.30855],[29.13426,-2.30901],[29.13134,-2.31184],[29.13172,-2.31292],[29.1349,-2.31301],[29.13642,-2.31168],[29.13964,-2.31434],[29.13749,-2.31602],[29.13641,-2.31377],[29.13378,-2.31535],[29.13423,-2.31953],[29.13208,-2.3195],[29.13263,-2.32122],[29.12845,-2.32377],[29.12962,-2.32899],[29.12604,-2.32979],[29.128,-2.3319],[29.12445,-2.33126],[29.12317,-2.3323],[29.12185,-2.3381],[29.12655,-2.33813],[29.12289,-2.34149],[29.13078,-2.34348],[29.13131,-2.34499],[29.13543,-2.34207],[29.14038,-2.34342],[29.1426,-2.34794],[29.14638,-2.34888],[29.14564,-2.35099],[29.14763,-2.35245],[29.14604,-2.35508],[29.14972,-2.35556],[29.1475,-2.35756],[29.15009,-2.3584],[29.14899,-2.36],[29.14983,-2.3621],[29.15223,-2.36267],[29.1571,-2.36116],[29.15604,-2.36317],[29.15793,-2.36414],[29.15679,-2.36593],[29.15874,-2.36734],[29.15895,-2.37074],[29.16703,-2.37777],[29.1692,-2.38572],[29.16894,-2.3899],[29.17539,-2.39193],[29.1767,-2.39157],[29.17895,-2.38577],[29.18449,-2.3853],[29.19344,-2.37106],[29.19319,-2.369],[29.19769,-2.36646],[29.19922,-2.36401],[29.20019,-2.36564],[29.20201,-2.36499],[29.20707,-2.36768],[29.21296,-2.36602],[29.21461,-2.3686],[29.21778,-2.36859],[29.22035,-2.36748],[29.21804,-2.36562],[29.22155,-2.3582]]]]}},{"type":"Feature","properties":{"d":"Nyamasheke","s":"Karambi"},"geometry":{"type":"Polygon","coordinates":[[[29.34304,-2.35691],[29.33788,-2.35286],[29.33754,-2.34825],[29.33374,-2.34702],[29.32728,-2.33965],[29.32675,-2.33677],[29.32826,-2.33438],[29.32581,-2.33091],[29.32458,-2.32443],[29.3214,-2.32308],[29.32001,-2.32093],[29.32172,-2.31814],[29.32292,-2.31702],[29.32515,-2.31601],[29.32284,-2.31524],[29.32155,-2.31245],[29.32082,-2.3061],[29.31484,-2.30415],[29.30885,-2.2995],[29.31102,-2.29285],[29.3063,-2.29081],[29.30501,-2.28854],[29.30161,-2.28947],[29.3004,-2.28569],[29.29613,-2.28371],[29.28319,-2.28521],[29.2804,-2.28427],[29.27768,-2.28747],[29.27465,-2.28715],[29.27326,-2.28898],[29.27057,-2.28648],[29.27171,-2.28282],[29.26909,-2.28199],[29.26206,-2.28191],[29.26009,-2.27896],[29.2556,-2.28014],[29.2512,-2.27809],[29.2487,-2.27864],[29.24273,-2.27528],[29.24452,-2.27986],[29.24293,-2.28118],[29.24266,-2.28467],[29.23877,-2.28494],[29.23667,-2.29142],[29.23714,-2.293],[29.24069,-2.29384],[29.24309,-2.30217],[29.24175,-2.30844],[29.23791,-2.31287],[29.2364,-2.31736],[29.23222,-2.31749],[29.22151,-2.30713],[29.21674,-2.30797],[29.21096,-2.30305],[29.20561,-2.30482],[29.21307,-2.31063],[29.21813,-2.32124],[29.21113,-2.32982],[29.20964,-2.3376],[29.2245,-2.35099],[29.22343,-2.35236],[29.22504,-2.35842],[29.22704,-2.35592],[29.22993,-2.35793],[29.23491,-2.35669],[29.23831,-2.36043],[29.24034,-2.35931],[29.24259,-2.36063],[29.24642,-2.35991],[29.2466,-2.35877],[29.2478,-2.35959],[29.24794,-2.35787],[29.24986,-2.35844],[29.2511,-2.35514],[29.25677,-2.35339],[29.26594,-2.35872],[29.2703,-2.35429],[29.2721,-2.34959],[29.2757,-2.34857],[29.28112,-2.35337],[29.28007,-2.35717],[29.28436,-2.35936],[29.28641,-2.35906],[29.28662,-2.35623],[29.28968,-2.35542],[29.30057,-2.35648],[29.30697,-2.34875],[29.3173,-2.35651],[29.32386,-2.35788],[29.32906,-2.36116],[29.33919,-2.35955],[29.34312,-2.35738],[29.34304,-2.35691]]]}},{"type":"Feature","properties":{"d":"Nyamasheke","s":"Karengera"},"geometry":{"type":"Polygon","coordinates":[[[29.11926,-2.47811],[29.1162,-2.47832],[29.11396,-2.48041],[29.11174,-2.47898],[29.11117,-2.48249],[29.10672,-2.48394],[29.10459,-2.48701],[29.09833,-2.48793],[29.10006,-2.49098],[29.09935,-2.49326],[29.09543,-2.49139],[29.09392,-2.48641],[29.09318,-2.48784],[29.0801,-2.48932],[29.07479,-2.49007],[29.06893,-2.49489],[29.06644,-2.49355],[29.06218,-2.49378],[29.05804,-2.49716],[29.05458,-2.4966],[29.05309,-2.49825],[29.05336,-2.50193],[29.04466,-2.51133],[29.04561,-2.5129],[29.04405,-2.51324],[29.04375,-2.51544],[29.03866,-2.51303],[29.03422,-2.50819],[29.03682,-2.50007],[29.03479,-2.49507],[29.03555,-2.49264],[29.02686,-2.48882],[29.0209,-2.48874],[29.01329,-2.48645],[29.00981,-2.49399],[29.0061,-2.49694],[29.00417,-2.49566],[28.99789,-2.49761],[28.99451,-2.50445],[29.00018,-2.51055],[29.00152,-2.51648],[29.00452,-2.52034],[29.00666,-2.52086],[29.00855,-2.52674],[29.01693,-2.53131],[29.01654,-2.53375],[29.0199,-2.5363],[29.02659,-2.53668],[29.03093,-2.54074],[29.0347,-2.54142],[29.03595,-2.54616],[29.03385,-2.55933],[29.03487,-2.56466],[29.03828,-2.56907],[29.03881,-2.5667],[29.04033,-2.56699],[29.04009,-2.56506],[29.04306,-2.56466],[29.04498,-2.56234],[29.04562,-2.55916],[29.04375,-2.55461],[29.04611,-2.55009],[29.04379,-2.54501],[29.04503,-2.54518],[29.04864,-2.54111],[29.0513,-2.54111],[29.05382,-2.53755],[29.05862,-2.53854],[29.06344,-2.53488],[29.0651,-2.53564],[29.06715,-2.53347],[29.0713,-2.53199],[29.07305,-2.53271],[29.07441,-2.52776],[29.07741,-2.52279],[29.08027,-2.52108],[29.07906,-2.51977],[29.08072,-2.51845],[29.09168,-2.51793],[29.0934,-2.51964],[29.10076,-2.52039],[29.10538,-2.51488],[29.1124,-2.51494],[29.11533,-2.51338],[29.11763,-2.50546],[29.12266,-2.50531],[29.12222,-2.50142],[29.12408,-2.49956],[29.12391,-2.49578],[29.12103,-2.49291],[29.12102,-2.48863],[29.11839,-2.48267],[29.11926,-2.47811]]]}},{"type":"Feature","properties":{"d":"Nyamasheke","s":"Kirimbi"},"geometry":{"type":"MultiPolygon","coordinates":[[[[29.17305,-2.22867],[29.17296,-2.23069],[29.17785,-2.23669],[29.1785,-2.24017],[29.18229,-2.24017],[29.18344,-2.2368],[29.18073,-2.23175],[29.17305,-2.22867]]],[[[29.19609,-2.22701],[29.19043,-2.22614],[29.18905,-2.22864],[29.18709,-2.22771],[29.18646,-2.23067],[29.1893,-2.23321],[29.18877,-2.23503],[29.1863,-2.23456],[29.1874,-2.23644],[29.18555,-2.2368],[29.18531,-2.24051],[29.18397,-2.24152],[29.18762,-2.24482],[29.1899,-2.24428],[29.18962,-2.24629],[29.19192,-2.24987],[29.19097,-2.25113],[29.18919,-2.24911],[29.18279,-2.24663],[29.18304,-2.24882],[29.18531,-2.24894],[29.18435,-2.25108],[29.18548,-2.25279],[29.18699,-2.24962],[29.2013,-2.25556],[29.20274,-2.25063],[29.20443,-2.25146],[29.20344,-2.24779],[29.20583,-2.24472],[29.20713,-2.24485],[29.20615,-2.24867],[29.20944,-2.24869],[29.20867,-2.25021],[29.2103,-2.25138],[29.2042,-2.25383],[29.20449,-2.2564],[29.20275,-2.25805],[29.20562,-2.25967],[29.20748,-2.26373],[29.20511,-2.26466],[29.2056,-2.26309],[29.20216,-2.26066],[29.20391,-2.26456],[29.20184,-2.2643],[29.20012,-2.26144],[29.19969,-2.2639],[29.1974,-2.26167],[29.19837,-2.25755],[29.19572,-2.25754],[29.19423,-2.2559],[29.19313,-2.25712],[29.1924,-2.25578],[29.19027,-2.25581],[29.18863,-2.25757],[29.18937,-2.25929],[29.18643,-2.25984],[29.1875,-2.26103],[29.19098,-2.26367],[29.19162,-2.26712],[29.19438,-2.2692],[29.19411,-2.27193],[29.19134,-2.27325],[29.1931,-2.27754],[29.19665,-2.27795],[29.19865,-2.28025],[29.20089,-2.27934],[29.20771,-2.2806],[29.21058,-2.28515],[29.21291,-2.28495],[29.21436,-2.28722],[29.21811,-2.28683],[29.21925,-2.28791],[29.22414,-2.28664],[29.22985,-2.28844],[29.23155,-2.29064],[29.23667,-2.29142],[29.23877,-2.28494],[29.24266,-2.28467],[29.24293,-2.28118],[29.24452,-2.27986],[29.24273,-2.27528],[29.2487,-2.27864],[29.2512,-2.27809],[29.2556,-2.28014],[29.26009,-2.27896],[29.26206,-2.28191],[29.26909,-2.28199],[29.2756,-2.27759],[29.27781,-2.26993],[29.28359,-2.26833],[29.27856,-2.26312],[29.27902,-2.25957],[29.2722,-2.25702],[29.26481,-2.25683],[29.26119,-2.25366],[29.26009,-2.25516],[29.25803,-2.25354],[29.25464,-2.25451],[29.25165,-2.25046],[29.25325,-2.24812],[29.2492,-2.23736],[29.24597,-2.24545],[29.24192,-2.24558],[29.2389,-2.24349],[29.23973,-2.24118],[29.2365,-2.24143],[29.23075,-2.23786],[29.22578,-2.23833],[29.21874,-2.23317],[29.21424,-2.23344],[29.21386,-2.23556],[29.21135,-2.23627],[29.20783,-2.23589],[29.20712,-2.23794],[29.20367,-2.23555],[29.20155,-2.23621],[29.19609,-2.22701]]]]}},{"type":"Feature","properties":{"d":"Nyamasheke","s":"Macuba"},"geometry":{"type":"MultiPolygon","coordinates":[[[[29.1402,-2.28449],[29.13532,-2.28196],[29.13414,-2.28512],[29.13657,-2.28461],[29.13814,-2.2861],[29.1402,-2.28449]]],[[[29.14762,-2.2771],[29.1467,-2.27561],[29.14569,-2.27611],[29.14613,-2.27936],[29.14428,-2.28361],[29.14545,-2.28545],[29.14242,-2.28696],[29.14511,-2.28736],[29.14329,-2.28895],[29.14311,-2.29164],[29.14772,-2.29525],[29.14655,-2.29137],[29.15075,-2.28651],[29.14864,-2.28619],[29.14995,-2.28403],[29.14843,-2.28291],[29.14837,-2.28025],[29.14642,-2.28154],[29.14613,-2.28027],[29.14892,-2.27736],[29.14762,-2.2771]]],[[[29.1404,-2.26962],[29.13691,-2.2705],[29.13603,-2.2728],[29.1404,-2.26962]]],[[[29.16286,-2.25661],[29.16093,-2.25719],[29.16136,-2.25939],[29.16472,-2.26251],[29.16286,-2.25661]]],[[[29.22504,-2.35842],[29.22343,-2.35236],[29.2245,-2.35099],[29.20964,-2.3376],[29.21113,-2.32982],[29.21813,-2.32124],[29.21307,-2.31063],[29.20561,-2.30482],[29.21096,-2.30305],[29.21674,-2.30797],[29.22151,-2.30713],[29.23222,-2.31749],[29.2364,-2.31736],[29.23791,-2.31287],[29.24175,-2.30844],[29.24309,-2.30217],[29.24069,-2.29384],[29.23714,-2.293],[29.23667,-2.29142],[29.23155,-2.29064],[29.22985,-2.28844],[29.22414,-2.28664],[29.21925,-2.28791],[29.21811,-2.28683],[29.21436,-2.28722],[29.21291,-2.28495],[29.21058,-2.28515],[29.20771,-2.2806],[29.20089,-2.27934],[29.19865,-2.28025],[29.19665,-2.27795],[29.1931,-2.27754],[29.19134,-2.27325],[29.19411,-2.27193],[29.19438,-2.2692],[29.19162,-2.26712],[29.19098,-2.26367],[29.1875,-2.26103],[29.18734,-2.26281],[29.18585,-2.26263],[29.18463,-2.26584],[29.18206,-2.26727],[29.18276,-2.26952],[29.18049,-2.27119],[29.18095,-2.26575],[29.17976,-2.26338],[29.18151,-2.26381],[29.18237,-2.26052],[29.18085,-2.25969],[29.18091,-2.25744],[29.17881,-2.25739],[29.17981,-2.25574],[29.17763,-2.25848],[29.17936,-2.25932],[29.17797,-2.26146],[29.17611,-2.26198],[29.17405,-2.26017],[29.17123,-2.26594],[29.17007,-2.26214],[29.16705,-2.26128],[29.16677,-2.25922],[29.16556,-2.26497],[29.16777,-2.26434],[29.16709,-2.26619],[29.16536,-2.26711],[29.16231,-2.26605],[29.16515,-2.26878],[29.16524,-2.27086],[29.16189,-2.26856],[29.15926,-2.27088],[29.1572,-2.27047],[29.15647,-2.27547],[29.15505,-2.27577],[29.15619,-2.27766],[29.15456,-2.27913],[29.15487,-2.28177],[29.157,-2.28328],[29.15953,-2.28157],[29.15866,-2.28332],[29.15966,-2.28442],[29.15776,-2.28411],[29.15665,-2.28634],[29.1586,-2.28503],[29.16016,-2.28751],[29.16077,-2.28565],[29.16266,-2.28572],[29.16178,-2.28927],[29.16653,-2.28842],[29.16813,-2.28997],[29.16713,-2.29703],[29.16864,-2.29913],[29.16859,-2.30452],[29.17068,-2.30751],[29.16937,-2.31105],[29.17021,-2.32217],[29.16443,-2.3252],[29.16655,-2.32752],[29.16677,-2.3316],[29.16918,-2.33253],[29.17049,-2.33053],[29.17261,-2.33157],[29.17445,-2.33279],[29.17314,-2.33358],[29.1763,-2.3357],[29.17699,-2.33471],[29.17934,-2.33822],[29.18189,-2.33827],[29.18402,-2.33535],[29.19023,-2.34082],[29.19471,-2.34045],[29.19755,-2.34606],[29.20002,-2.3475],[29.20008,-2.35072],[29.20182,-2.35059],[29.20282,-2.3524],[29.21302,-2.34941],[29.21521,-2.3523],[29.22066,-2.35151],[29.21998,-2.35449],[29.22181,-2.35639],[29.22155,-2.3582],[29.22504,-2.35842]]]]}},{"type":"Feature","properties":{"d":"Nyamasheke","s":"Mahembe"},"geometry":{"type":"Polygon","coordinates":[[[29.28223,-2.1888],[29.28093,-2.19068],[29.28004,-2.18902],[29.27904,-2.18762],[29.27308,-2.19191],[29.27175,-2.19467],[29.27255,-2.19774],[29.26551,-2.20344],[29.26518,-2.20791],[29.26257,-2.21069],[29.26264,-2.21384],[29.2591,-2.21462],[29.25723,-2.22045],[29.25192,-2.22363],[29.25195,-2.22957],[29.24903,-2.23452],[29.2492,-2.23736],[29.25325,-2.24812],[29.25165,-2.25046],[29.25464,-2.25451],[29.25803,-2.25354],[29.26009,-2.25516],[29.26119,-2.25366],[29.26481,-2.25683],[29.2722,-2.25702],[29.27902,-2.25957],[29.27856,-2.26312],[29.28359,-2.26833],[29.27781,-2.26993],[29.2756,-2.27759],[29.26909,-2.28199],[29.27171,-2.28282],[29.27057,-2.28648],[29.27326,-2.28898],[29.27465,-2.28715],[29.27768,-2.28747],[29.2804,-2.28427],[29.28319,-2.28521],[29.29613,-2.28371],[29.3004,-2.28569],[29.30161,-2.28947],[29.30501,-2.28854],[29.3056,-2.2843],[29.30913,-2.28492],[29.31032,-2.28207],[29.31365,-2.28073],[29.3149,-2.27753],[29.31792,-2.27563],[29.3158,-2.27437],[29.31178,-2.26349],[29.31331,-2.2534],[29.31184,-2.24836],[29.31466,-2.24452],[29.31103,-2.2429],[29.31238,-2.24031],[29.31136,-2.23734],[29.30571,-2.23451],[29.30408,-2.23225],[29.30673,-2.22884],[29.30647,-2.22616],[29.30888,-2.22496],[29.31106,-2.21672],[29.31528,-2.21699],[29.31587,-2.21502],[29.3152,-2.21365],[29.31343,-2.21469],[29.31187,-2.21237],[29.30972,-2.21208],[29.30492,-2.21468],[29.30234,-2.20928],[29.29645,-2.20878],[29.29657,-2.20658],[29.2932,-2.20119],[29.29107,-2.20382],[29.28923,-2.20251],[29.29022,-2.19896],[29.28281,-2.18938],[29.28269,-2.18927],[29.28231,-2.18884],[29.28223,-2.1888]]]}},{"type":"Feature","properties":{"d":"Nyamasheke","s":"Nyabitekeri"},"geometry":{"type":"Polygon","coordinates":[[[29.04444,-2.35587],[29.04534,-2.35122],[29.04335,-2.34841],[29.04275,-2.33832],[29.04408,-2.33642],[29.04561,-2.33766],[29.04581,-2.33537],[29.05048,-2.33113],[29.05136,-2.32559],[29.04932,-2.32321],[29.05391,-2.31337],[29.052,-2.3129],[29.0519,-2.31082],[29.04998,-2.31056],[29.04327,-2.30276],[29.04135,-2.29725],[29.03272,-2.29152],[29.03194,-2.295],[29.02963,-2.29717],[29.02715,-2.29496],[29.0247,-2.29667],[29.02013,-2.29582],[29.01892,-2.29679],[29.02441,-2.29954],[29.02044,-2.30033],[29.0206,-2.30341],[29.02285,-2.30422],[29.02048,-2.30521],[29.02008,-2.30694],[29.02229,-2.30731],[29.02392,-2.30569],[29.02612,-2.30868],[29.01972,-2.31154],[29.02277,-2.31536],[29.02087,-2.31576],[29.02044,-2.32035],[29.0177,-2.32161],[29.01768,-2.3242],[29.01604,-2.32596],[29.01694,-2.32866],[29.01336,-2.32962],[29.01261,-2.33483],[29.00969,-2.33652],[29.01006,-2.33842],[29.01434,-2.33877],[29.01197,-2.34062],[29.01173,-2.34393],[29.00972,-2.34018],[29.00668,-2.3407],[29.00667,-2.34937],[29.00181,-2.35047],[29.00265,-2.35364],[29.00162,-2.35504],[29.00545,-2.35754],[29.00693,-2.36305],[29.00234,-2.35778],[28.99778,-2.36549],[29.00176,-2.37093],[29.00201,-2.37344],[29.00458,-2.3752],[29.01088,-2.37979],[29.01345,-2.38388],[29.01569,-2.38411],[29.01723,-2.37857],[29.02472,-2.36908],[29.03534,-2.36414],[29.03818,-2.35988],[29.0417,-2.35927],[29.04444,-2.35587]]]}},{"type":"Feature","properties":{"d":"Nyamasheke","s":"Rangiro"},"geometry":{"type":"Polygon","coordinates":[[[29.25473,-2.47726],[29.2554,-2.47028],[29.25138,-2.46744],[29.252,-2.46556],[29.24818,-2.4591],[29.23426,-2.44817],[29.2381,-2.44309],[29.23044,-2.4419],[29.22567,-2.44423],[29.22134,-2.44425],[29.22068,-2.44311],[29.21745,-2.44373],[29.21512,-2.44261],[29.20834,-2.44558],[29.19929,-2.43887],[29.19788,-2.43454],[29.19203,-2.43247],[29.19199,-2.42588],[29.19452,-2.42514],[29.19349,-2.42474],[29.19399,-2.42255],[29.19828,-2.42137],[29.1962,-2.41927],[29.19719,-2.41608],[29.19565,-2.41478],[29.19608,-2.41346],[29.19459,-2.4137],[29.19444,-2.4106],[29.19158,-2.41194],[29.19196,-2.40883],[29.18959,-2.40965],[29.1891,-2.40816],[29.1868,-2.40785],[29.18658,-2.40581],[29.18464,-2.40856],[29.18216,-2.40544],[29.18282,-2.40331],[29.18051,-2.40194],[29.1769,-2.40276],[29.17491,-2.40127],[29.17543,-2.39936],[29.17377,-2.39841],[29.17627,-2.3958],[29.17539,-2.39193],[29.16894,-2.3899],[29.1692,-2.38572],[29.16703,-2.37777],[29.15895,-2.37074],[29.15874,-2.36734],[29.15679,-2.36593],[29.15793,-2.36414],[29.15604,-2.36317],[29.1571,-2.36116],[29.15223,-2.36267],[29.14983,-2.3621],[29.14899,-2.36],[29.14768,-2.36334],[29.14931,-2.36543],[29.14859,-2.36888],[29.14516,-2.37251],[29.14505,-2.37602],[29.13819,-2.37841],[29.13539,-2.38191],[29.13406,-2.3818],[29.13134,-2.38898],[29.13108,-2.39092],[29.12965,-2.39019],[29.12956,-2.39182],[29.12674,-2.39349],[29.12695,-2.3974],[29.1221,-2.39954],[29.12172,-2.39861],[29.12069,-2.40153],[29.1229,-2.40386],[29.12245,-2.40868],[29.12591,-2.41635],[29.12494,-2.42226],[29.13048,-2.43033],[29.13309,-2.43842],[29.14235,-2.43521],[29.14064,-2.44045],[29.13739,-2.44371],[29.13989,-2.44981],[29.13941,-2.45384],[29.14124,-2.45557],[29.14631,-2.44647],[29.15093,-2.45063],[29.15239,-2.45559],[29.16069,-2.4584],[29.166,-2.46259],[29.16591,-2.4715],[29.17276,-2.47753],[29.17289,-2.48054],[29.17342,-2.48143],[29.1747,-2.4804],[29.17759,-2.48393],[29.17862,-2.48243],[29.18203,-2.48386],[29.18652,-2.48876],[29.19043,-2.48917],[29.19173,-2.49064],[29.19849,-2.48789],[29.20062,-2.47877],[29.20347,-2.47563],[29.20547,-2.47587],[29.21127,-2.48121],[29.21499,-2.48212],[29.21914,-2.47817],[29.22426,-2.47581],[29.22945,-2.47403],[29.23663,-2.47455],[29.23729,-2.47311],[29.23928,-2.47374],[29.24063,-2.47262],[29.24218,-2.47459],[29.24546,-2.4755],[29.24512,-2.47816],[29.24817,-2.47543],[29.24913,-2.47702],[29.25205,-2.47531],[29.25269,-2.47829],[29.25473,-2.47726]]]}},{"type":"Feature","properties":{"d":"Nyamasheke","s":"Ruharambuga"},"geometry":{"type":"Polygon","coordinates":[[[28.97641,-2.4883],[28.97751,-2.4905],[28.98172,-2.4919],[28.98495,-2.49711],[28.98795,-2.49799],[28.98971,-2.50208],[28.99451,-2.50445],[28.99789,-2.49761],[29.00417,-2.49566],[29.0061,-2.49694],[29.00981,-2.49399],[29.01329,-2.48645],[29.0209,-2.48874],[29.02686,-2.48882],[29.03555,-2.49264],[29.03479,-2.49507],[29.03682,-2.50007],[29.03422,-2.50819],[29.03866,-2.51303],[29.04375,-2.51544],[29.04405,-2.51324],[29.04561,-2.5129],[29.04466,-2.51133],[29.05336,-2.50193],[29.05309,-2.49825],[29.05458,-2.4966],[29.05804,-2.49716],[29.06218,-2.49378],[29.06644,-2.49355],[29.06893,-2.49489],[29.07479,-2.49007],[29.0801,-2.48932],[29.07969,-2.48637],[29.07717,-2.48395],[29.07748,-2.48153],[29.07305,-2.47881],[29.07134,-2.47432],[29.06615,-2.4745],[29.06436,-2.46687],[29.06184,-2.46602],[29.06266,-2.46413],[29.06087,-2.46329],[29.06003,-2.4597],[29.06385,-2.4583],[29.06019,-2.45595],[29.06029,-2.45438],[29.05793,-2.45233],[29.05943,-2.44937],[29.05753,-2.44526],[29.05879,-2.44242],[29.05784,-2.43052],[29.05345,-2.4267],[29.05276,-2.42792],[29.05012,-2.42758],[29.05014,-2.4242],[29.04516,-2.41988],[29.04091,-2.4271],[29.03916,-2.42698],[29.03814,-2.42917],[29.03609,-2.42763],[29.03028,-2.43087],[29.02647,-2.43029],[29.02142,-2.43223],[29.01789,-2.43126],[29.01785,-2.43404],[29.0152,-2.43592],[29.01303,-2.43485],[29.00794,-2.43565],[29.00505,-2.44139],[29.00164,-2.44178],[28.9997,-2.44629],[28.99814,-2.44693],[28.99874,-2.45043],[28.99657,-2.45992],[28.99821,-2.46093],[28.9982,-2.46579],[28.99172,-2.4657],[28.99003,-2.46781],[28.98523,-2.46827],[28.98403,-2.47272],[28.98063,-2.47443],[28.97633,-2.47759],[28.97641,-2.4883]]]}},{"type":"Feature","properties":{"d":"Nyamasheke","s":"Shangi"},"geometry":{"type":"Polygon","coordinates":[[[29.04832,-2.4138],[29.0432,-2.41009],[29.04207,-2.40666],[29.04009,-2.4073],[29.03872,-2.40302],[29.04016,-2.40159],[29.04031,-2.39825],[29.04394,-2.3963],[29.05144,-2.38541],[29.05636,-2.38255],[29.05837,-2.3774],[29.05646,-2.37311],[29.06158,-2.37068],[29.06043,-2.36723],[29.055,-2.36675],[29.05539,-2.36427],[29.05681,-2.36385],[29.05682,-2.35962],[29.05471,-2.35907],[29.05237,-2.36304],[29.04837,-2.35719],[29.04444,-2.35587],[29.0417,-2.35927],[29.03818,-2.35988],[29.03534,-2.36414],[29.02472,-2.36908],[29.01723,-2.37857],[29.01569,-2.38411],[29.01345,-2.38388],[29.01088,-2.37979],[29.00458,-2.3752],[29.00396,-2.37662],[28.99912,-2.37247],[28.99558,-2.37743],[28.99723,-2.38179],[28.99527,-2.38483],[28.99448,-2.38374],[28.99528,-2.39007],[28.99374,-2.39346],[28.99732,-2.39768],[28.9962,-2.4029],[28.99734,-2.41117],[29.00794,-2.41996],[29.01062,-2.41937],[29.01374,-2.42208],[29.02082,-2.42155],[29.02442,-2.42329],[29.02366,-2.42616],[29.02647,-2.43029],[29.03028,-2.43087],[29.03609,-2.42763],[29.03814,-2.42917],[29.03916,-2.42698],[29.04091,-2.4271],[29.04516,-2.41988],[29.04832,-2.4138]]]}},{"type":"Feature","properties":{"d":"Rulindo","s":"BASE"},"geometry":{"type":"Polygon","coordinates":[[[29.8873,-1.61209],[29.88598,-1.60909],[29.88209,-1.60912],[29.87457,-1.61006],[29.87324,-1.61294],[29.87084,-1.61164],[29.86433,-1.61265],[29.86911,-1.6315],[29.87147,-1.63271],[29.87116,-1.63512],[29.87464,-1.64458],[29.88093,-1.64966],[29.87882,-1.65783],[29.88176,-1.66073],[29.88341,-1.65975],[29.88768,-1.66177],[29.89386,-1.66831],[29.90191,-1.66433],[29.90849,-1.6795],[29.91884,-1.67063],[29.92138,-1.66541],[29.90959,-1.6557],[29.91658,-1.65243],[29.91998,-1.65241],[29.92646,-1.64462],[29.92725,-1.63851],[29.92938,-1.63604],[29.92795,-1.63248],[29.92833,-1.62722],[29.92518,-1.62695],[29.91671,-1.62122],[29.91039,-1.62236],[29.90765,-1.6208],[29.90225,-1.62938],[29.89553,-1.63354],[29.8951,-1.6312],[29.88975,-1.62627],[29.89141,-1.62439],[29.88943,-1.62152],[29.88888,-1.6147],[29.8873,-1.61209]]]}},{"type":"Feature","properties":{"d":"Rulindo","s":"BUREGA"},"geometry":{"type":"Polygon","coordinates":[[[30.07587,-1.7329],[30.07111,-1.72871],[30.0629,-1.72709],[30.05913,-1.72496],[30.05761,-1.72181],[30.05616,-1.72203],[30.05035,-1.71512],[30.04926,-1.71317],[30.05016,-1.71128],[30.04676,-1.70922],[30.04748,-1.7073],[30.04371,-1.70696],[30.04245,-1.70812],[30.03976,-1.70548],[30.03403,-1.70435],[30.03122,-1.70644],[30.02864,-1.70539],[30.02262,-1.70734],[30.01881,-1.71106],[30.01351,-1.71033],[29.99574,-1.72491],[29.99839,-1.7329],[30.0102,-1.74504],[30.01655,-1.74567],[30.02218,-1.74969],[30.0229,-1.74698],[30.03187,-1.749],[30.03751,-1.74878],[30.04955,-1.75692],[30.05108,-1.76057],[30.05861,-1.75229],[30.06502,-1.74823],[30.08208,-1.74346],[30.08179,-1.74005],[30.07587,-1.7329]]]}},{"type":"Feature","properties":{"d":"Rulindo","s":"BUSHOKI"},"geometry":{"type":"Polygon","coordinates":[[[29.87882,-1.65783],[29.8744,-1.66056],[29.87247,-1.66416],[29.87509,-1.67518],[29.8818,-1.6829],[29.88788,-1.6922],[29.88811,-1.69571],[29.89185,-1.69818],[29.89688,-1.70725],[29.90035,-1.7169],[29.90003,-1.71938],[29.90307,-1.72359],[29.90116,-1.72686],[29.90324,-1.72982],[29.90378,-1.74154],[29.90637,-1.74441],[29.90582,-1.74755],[29.90773,-1.75223],[29.91238,-1.75601],[29.91156,-1.75809],[29.9128,-1.76047],[29.9166,-1.7575],[29.91872,-1.75283],[29.92174,-1.75191],[29.92286,-1.74804],[29.92301,-1.73337],[29.92578,-1.72777],[29.93011,-1.72325],[29.9283,-1.71976],[29.92567,-1.71822],[29.93424,-1.69901],[29.93937,-1.70107],[29.94364,-1.69966],[29.94133,-1.69486],[29.93676,-1.69132],[29.92901,-1.69007],[29.92488,-1.69495],[29.92177,-1.69537],[29.91914,-1.68463],[29.92332,-1.67876],[29.92613,-1.66847],[29.92138,-1.66541],[29.91884,-1.67063],[29.90849,-1.6795],[29.90191,-1.66433],[29.89386,-1.66831],[29.88768,-1.66177],[29.88341,-1.65975],[29.88176,-1.66073],[29.87882,-1.65783]]]}},{"type":"Feature","properties":{"d":"Rulindo","s":"BUYOGA"},"geometry":{"type":"Polygon","coordinates":[[[30.07587,-1.7329],[30.07693,-1.72593],[30.0815,-1.72213],[30.08393,-1.71699],[30.08341,-1.71493],[30.08169,-1.71426],[30.07849,-1.70514],[30.07322,-1.70145],[30.07213,-1.69681],[30.0665,-1.68811],[30.0634,-1.68724],[30.05833,-1.67449],[30.05639,-1.67381],[30.0574,-1.67139],[30.05509,-1.66907],[30.05197,-1.66661],[30.03948,-1.67129],[30.03425,-1.66955],[30.03205,-1.66725],[30.03199,-1.67133],[30.02751,-1.67316],[30.01682,-1.67335],[30.01493,-1.67474],[30.00963,-1.67326],[30.0031,-1.66813],[29.99685,-1.6665],[29.99388,-1.67316],[29.99404,-1.68112],[29.98983,-1.68428],[29.9906,-1.68556],[29.98859,-1.68707],[29.985,-1.6863],[29.98535,-1.68486],[29.96987,-1.68112],[29.96889,-1.69374],[29.97011,-1.70311],[29.96861,-1.70961],[29.97214,-1.70983],[29.97502,-1.71299],[29.98188,-1.71572],[29.98111,-1.72356],[29.9795,-1.72561],[29.98096,-1.7268],[29.98595,-1.72564],[29.99155,-1.727],[29.99236,-1.72482],[29.99574,-1.72491],[30.01351,-1.71033],[30.01881,-1.71106],[30.02262,-1.70734],[30.02864,-1.70539],[30.03122,-1.70644],[30.03403,-1.70435],[30.03976,-1.70548],[30.04245,-1.70812],[30.04371,-1.70696],[30.04748,-1.7073],[30.04676,-1.70922],[30.05016,-1.71128],[30.04926,-1.71317],[30.05035,-1.71512],[30.05616,-1.72203],[30.05761,-1.72181],[30.05913,-1.72496],[30.0629,-1.72709],[30.07111,-1.72871],[30.07587,-1.7329]]]}},{"type":"Feature","properties":{"d":"Rulindo","s":"CYINZUZI"},"geometry":{"type":"Polygon","coordinates":[[[29.99574,-1.72491],[29.99236,-1.72482],[29.99155,-1.727],[29.98595,-1.72564],[29.98096,-1.7268],[29.97811,-1.72855],[29.9773,-1.73558],[29.97522,-1.73789],[29.97656,-1.74328],[29.97903,-1.74606],[29.97916,-1.74983],[29.98351,-1.75476],[29.98345,-1.76348],[29.98518,-1.76498],[29.98573,-1.77057],[29.98764,-1.77297],[29.98679,-1.77461],[29.98935,-1.78146],[29.98866,-1.78501],[30.00068,-1.7797],[30.00711,-1.78914],[30.01018,-1.79097],[30.0107,-1.79419],[30.01382,-1.79616],[30.01355,-1.77934],[30.01864,-1.77349],[30.0275,-1.78404],[30.03428,-1.78488],[30.04262,-1.77311],[30.04675,-1.7699],[30.05402,-1.76802],[30.05954,-1.77138],[30.06226,-1.77027],[30.06271,-1.76823],[30.05841,-1.76801],[30.05108,-1.76057],[30.04955,-1.75692],[30.03751,-1.74878],[30.03187,-1.749],[30.0229,-1.74698],[30.02218,-1.74969],[30.01655,-1.74567],[30.0102,-1.74504],[29.99839,-1.7329],[29.99574,-1.72491]]]}},{"type":"Feature","properties":{"d":"Rulindo","s":"CYUNGO"},"geometry":{"type":"Polygon","coordinates":[[[29.92938,-1.63604],[29.93221,-1.63356],[29.93973,-1.63238],[29.94439,-1.62903],[29.94318,-1.62356],[29.94501,-1.61935],[29.94457,-1.6168],[29.94067,-1.61104],[29.94338,-1.60747],[29.94168,-1.60144],[29.94318,-1.5965],[29.94163,-1.59512],[29.93614,-1.59757],[29.92845,-1.59322],[29.92228,-1.59171],[29.9209,-1.59342],[29.91781,-1.59385],[29.91708,-1.59582],[29.91457,-1.59229],[29.90948,-1.58979],[29.90093,-1.58963],[29.90515,-1.59501],[29.90376,-1.60357],[29.90532,-1.61097],[29.893,-1.60824],[29.8873,-1.61209],[29.88888,-1.6147],[29.88943,-1.62152],[29.89141,-1.62439],[29.88975,-1.62627],[29.8951,-1.6312],[29.89553,-1.63354],[29.90225,-1.62938],[29.90765,-1.6208],[29.91039,-1.62236],[29.91671,-1.62122],[29.92518,-1.62695],[29.92833,-1.62722],[29.92795,-1.63248],[29.92938,-1.63604]]]}},{"type":"Feature","properties":{"d":"Rulindo","s":"KINIHIRA"},"geometry":{"type":"Polygon","coordinates":[[[29.92138,-1.66541],[29.92613,-1.66847],[29.94252,-1.67553],[29.95101,-1.67626],[29.96987,-1.68112],[29.98535,-1.68486],[29.985,-1.6863],[29.98859,-1.68707],[29.9906,-1.68556],[29.98983,-1.68428],[29.99404,-1.68112],[29.99388,-1.67316],[29.99685,-1.6665],[29.99989,-1.66148],[29.99399,-1.64136],[29.98717,-1.63383],[29.98264,-1.63232],[29.97886,-1.6363],[29.97855,-1.6391],[29.97459,-1.63917],[29.97441,-1.64538],[29.97038,-1.65389],[29.96579,-1.65632],[29.95197,-1.6577],[29.94506,-1.65453],[29.93387,-1.65209],[29.92406,-1.65339],[29.91998,-1.65241],[29.91658,-1.65243],[29.90959,-1.6557],[29.92138,-1.66541]]]}},{"type":"Feature","properties":{"d":"Rulindo","s":"KISARO"},"geometry":{"type":"Polygon","coordinates":[[[30.05509,-1.66907],[30.05536,-1.66603],[30.06191,-1.66111],[30.06051,-1.65891],[30.06328,-1.65952],[30.07169,-1.65218],[30.07636,-1.651],[30.0646,-1.63543],[30.05762,-1.62681],[30.05354,-1.61826],[30.04125,-1.61104],[30.03493,-1.60195],[30.03222,-1.60532],[30.0221,-1.61083],[30.01938,-1.61635],[30.01245,-1.61937],[30.0105,-1.62262],[30.01395,-1.63119],[30.01314,-1.64298],[30.01617,-1.6471],[30.0181,-1.65409],[30.01408,-1.65428],[30.00728,-1.65178],[29.99989,-1.66148],[29.99685,-1.6665],[30.0031,-1.66813],[30.00963,-1.67326],[30.01493,-1.67474],[30.01682,-1.67335],[30.02751,-1.67316],[30.03199,-1.67133],[30.03205,-1.66725],[30.03425,-1.66955],[30.03948,-1.67129],[30.05197,-1.66661],[30.05509,-1.66907]]]}},{"type":"Feature","properties":{"d":"Rulindo","s":"MASORO"},"geometry":{"type":"Polygon","coordinates":[[[30.08029,-1.82638],[30.09472,-1.82058],[30.09854,-1.81558],[30.09545,-1.81108],[30.08188,-1.80339],[30.08005,-1.79836],[30.083,-1.78597],[30.0782,-1.77965],[30.0741,-1.7782],[30.07108,-1.77508],[30.07024,-1.77241],[30.06549,-1.76874],[30.06271,-1.76823],[30.06226,-1.77027],[30.05954,-1.77138],[30.05402,-1.76802],[30.04675,-1.7699],[30.04262,-1.77311],[30.04377,-1.77643],[30.048,-1.77664],[30.04936,-1.78],[30.04959,-1.78768],[30.04597,-1.78823],[30.04143,-1.79476],[30.04327,-1.80235],[30.04756,-1.80583],[30.04432,-1.80866],[30.04323,-1.81379],[30.04428,-1.81448],[30.04314,-1.81678],[30.04442,-1.82695],[30.04623,-1.83059],[30.04544,-1.83338],[30.04902,-1.84014],[30.05353,-1.8435],[30.05244,-1.84433],[30.05703,-1.84427],[30.05577,-1.84023],[30.05655,-1.83753],[30.05949,-1.83223],[30.06329,-1.82893],[30.06957,-1.82687],[30.08029,-1.82638]]]}},{"type":"Feature","properties":{"d":"Rulindo","s":"MBOGO"},"geometry":{"type":"Polygon","coordinates":[[[29.92286,-1.74804],[29.92426,-1.75316],[29.93001,-1.76158],[29.93105,-1.76875],[29.93431,-1.77154],[29.9361,-1.78118],[29.93877,-1.78372],[29.93958,-1.78871],[29.94589,-1.80094],[29.95298,-1.80749],[29.95523,-1.81147],[29.95883,-1.812],[29.95966,-1.81412],[29.96171,-1.80756],[29.95621,-1.79838],[29.95479,-1.79165],[29.96198,-1.78854],[29.96258,-1.78619],[29.9652,-1.79269],[29.97219,-1.80225],[29.97492,-1.80193],[29.97614,-1.79842],[29.97926,-1.79809],[29.98673,-1.79928],[29.9884,-1.80127],[29.9892,-1.7967],[29.98805,-1.79253],[29.98963,-1.79086],[29.98866,-1.78501],[29.98935,-1.78146],[29.98679,-1.77461],[29.98764,-1.77297],[29.98573,-1.77057],[29.98518,-1.76498],[29.98345,-1.76348],[29.98351,-1.75476],[29.97916,-1.74983],[29.97903,-1.74606],[29.97656,-1.74328],[29.97522,-1.73789],[29.97239,-1.73606],[29.96577,-1.73913],[29.96329,-1.74261],[29.9552,-1.74334],[29.95006,-1.74674],[29.93485,-1.72601],[29.93011,-1.72325],[29.92578,-1.72777],[29.92301,-1.73337],[29.92286,-1.74804]]]}},{"type":"Feature","properties":{"d":"Rulindo","s":"MURAMBI"},"geometry":{"type":"Polygon","coordinates":[[[30.05244,-1.84433],[30.05353,-1.8435],[30.04902,-1.84014],[30.04544,-1.83338],[30.04623,-1.83059],[30.04442,-1.82695],[30.04314,-1.81678],[30.04428,-1.81448],[30.04323,-1.81379],[30.04432,-1.80866],[30.04756,-1.80583],[30.04327,-1.80235],[30.04143,-1.79476],[30.04597,-1.78823],[30.04959,-1.78768],[30.04936,-1.78],[30.048,-1.77664],[30.04377,-1.77643],[30.04262,-1.77311],[30.03428,-1.78488],[30.0275,-1.78404],[30.01864,-1.77349],[30.01355,-1.77934],[30.01382,-1.79616],[30.0149,-1.80688],[30.01224,-1.81452],[30.01518,-1.82177],[30.01356,-1.82384],[30.01616,-1.83437],[30.01537,-1.83609],[30.0199,-1.84401],[30.02162,-1.85255],[30.02689,-1.85703],[30.02935,-1.8652],[30.03439,-1.86049],[30.03876,-1.85961],[30.04219,-1.85509],[30.04552,-1.8539],[30.05244,-1.84433]]]}},{"type":"Feature","properties":{"d":"Rulindo","s":"NGOMA"},"geometry":{"type":"Polygon","coordinates":[[[30.01537,-1.83609],[30.01616,-1.83437],[30.01356,-1.82384],[30.01518,-1.82177],[30.01224,-1.81452],[30.0149,-1.80688],[30.01382,-1.79616],[30.0107,-1.79419],[30.01018,-1.79097],[30.00711,-1.78914],[30.00068,-1.7797],[29.98866,-1.78501],[29.98963,-1.79086],[29.98805,-1.79253],[29.9892,-1.7967],[29.9884,-1.80127],[29.98673,-1.79928],[29.97926,-1.79809],[29.97614,-1.79842],[29.97492,-1.80193],[29.97219,-1.80225],[29.9652,-1.79269],[29.96258,-1.78619],[29.96198,-1.78854],[29.95479,-1.79165],[29.95621,-1.79838],[29.96171,-1.80756],[29.95966,-1.81412],[29.96611,-1.82031],[29.9688,-1.83232],[29.9686,-1.83724],[29.97118,-1.83908],[29.97771,-1.84291],[29.98864,-1.84386],[29.99122,-1.84787],[29.99455,-1.84663],[29.99883,-1.8416],[30.00641,-1.83867],[30.01321,-1.83812],[30.01537,-1.83609]]]}},{"type":"Feature","properties":{"d":"Rulindo","s":"NTARABANA"},"geometry":{"type":"Polygon","coordinates":[[[30.12636,-1.81052],[30.12803,-1.80898],[30.13059,-1.79968],[30.13028,-1.79004],[30.13288,-1.78386],[30.13296,-1.7796],[30.12997,-1.77765],[30.12781,-1.77366],[30.12245,-1.77097],[30.11708,-1.77181],[30.11417,-1.77522],[30.09919,-1.77272],[30.09782,-1.7697],[30.09384,-1.76782],[30.09095,-1.76185],[30.0844,-1.75647],[30.08626,-1.75159],[30.08208,-1.74346],[30.06502,-1.74823],[30.05861,-1.75229],[30.05108,-1.76057],[30.05841,-1.76801],[30.06271,-1.76823],[30.06549,-1.76874],[30.07024,-1.77241],[30.07108,-1.77508],[30.0741,-1.7782],[30.0782,-1.77965],[30.083,-1.78597],[30.08005,-1.79836],[30.08188,-1.80339],[30.09545,-1.81108],[30.09854,-1.81558],[30.09878,-1.81326],[30.10046,-1.81276],[30.1141,-1.82072],[30.11864,-1.81926],[30.12287,-1.81244],[30.12636,-1.81052]]]}},{"type":"Feature","properties":{"d":"Rulindo","s":"RUKOZO"},"geometry":{"type":"Polygon","coordinates":[[[29.91998,-1.65241],[29.92406,-1.65339],[29.93387,-1.65209],[29.94506,-1.65453],[29.95197,-1.6577],[29.96579,-1.65632],[29.97038,-1.65389],[29.97441,-1.64538],[29.97459,-1.63917],[29.96733,-1.62884],[29.96661,-1.6205],[29.96305,-1.61693],[29.95829,-1.61474],[29.95959,-1.6114],[29.95781,-1.60728],[29.95054,-1.60415],[29.94395,-1.59573],[29.94318,-1.5965],[29.94168,-1.60144],[29.94338,-1.60747],[29.94067,-1.61104],[29.94457,-1.6168],[29.94501,-1.61935],[29.94318,-1.62356],[29.94439,-1.62903],[29.93973,-1.63238],[29.93221,-1.63356],[29.92938,-1.63604],[29.92725,-1.63851],[29.92646,-1.64462],[29.91998,-1.65241]]]}},{"type":"Feature","properties":{"d":"Rulindo","s":"RUSIGA"},"geometry":{"type":"Polygon","coordinates":[[[29.9128,-1.76047],[29.91897,-1.7717],[29.92124,-1.77287],[29.92027,-1.7767],[29.9233,-1.78843],[29.9284,-1.79612],[29.93265,-1.79989],[29.91866,-1.80538],[29.91451,-1.80475],[29.91222,-1.80705],[29.91166,-1.81539],[29.90878,-1.82255],[29.90774,-1.83159],[29.91045,-1.83899],[29.91381,-1.83628],[29.91908,-1.83644],[29.92111,-1.83212],[29.92553,-1.83227],[29.93332,-1.82915],[29.93661,-1.82933],[29.94375,-1.83292],[29.94575,-1.83956],[29.94884,-1.84091],[29.95111,-1.84015],[29.95091,-1.84176],[29.95423,-1.8454],[29.95388,-1.84741],[29.95702,-1.84953],[29.95939,-1.85434],[29.96213,-1.85276],[29.96786,-1.84111],[29.97118,-1.83908],[29.9686,-1.83724],[29.9688,-1.83232],[29.96611,-1.82031],[29.95966,-1.81412],[29.95883,-1.812],[29.95523,-1.81147],[29.95298,-1.80749],[29.94589,-1.80094],[29.93958,-1.78871],[29.93877,-1.78372],[29.9361,-1.78118],[29.93431,-1.77154],[29.93105,-1.76875],[29.93001,-1.76158],[29.92426,-1.75316],[29.92286,-1.74804],[29.92174,-1.75191],[29.91872,-1.75283],[29.9166,-1.7575],[29.9128,-1.76047]]]}},{"type":"Feature","properties":{"d":"Rulindo","s":"SHYORONGI"},"geometry":{"type":"Polygon","coordinates":[[[29.98943,-1.86677],[29.99298,-1.85542],[29.99122,-1.84787],[29.98864,-1.84386],[29.97771,-1.84291],[29.97118,-1.83908],[29.96786,-1.84111],[29.96213,-1.85276],[29.95939,-1.85434],[29.95702,-1.84953],[29.95388,-1.84741],[29.95423,-1.8454],[29.95091,-1.84176],[29.95111,-1.84015],[29.94884,-1.84091],[29.94575,-1.83956],[29.94375,-1.83292],[29.93661,-1.82933],[29.93332,-1.82915],[29.92553,-1.83227],[29.92111,-1.83212],[29.91908,-1.83644],[29.91381,-1.83628],[29.91045,-1.83899],[29.90998,-1.84347],[29.90338,-1.84917],[29.90294,-1.85372],[29.9048,-1.85987],[29.91128,-1.85792],[29.918,-1.86442],[29.91918,-1.86991],[29.92694,-1.86782],[29.9291,-1.87155],[29.93165,-1.87155],[29.93381,-1.87768],[29.93812,-1.87654],[29.94236,-1.87799],[29.94236,-1.88436],[29.94779,-1.88714],[29.94866,-1.89095],[29.95412,-1.8915],[29.95654,-1.89436],[29.95952,-1.89526],[29.95659,-1.90018],[29.96032,-1.9006],[29.96141,-1.90345],[29.9636,-1.90383],[29.96217,-1.90647],[29.96288,-1.90762],[29.96587,-1.9073],[29.96883,-1.90888],[29.97184,-1.90736],[29.97567,-1.90948],[29.97567,-1.90617],[29.9772,-1.90578],[29.98027,-1.91171],[29.98284,-1.91338],[29.9925,-1.90735],[29.98617,-1.89634],[29.98426,-1.89581],[29.98077,-1.89135],[29.97803,-1.89068],[29.98037,-1.88675],[29.97752,-1.88104],[29.98,-1.87136],[29.98943,-1.86677]]]}},{"type":"Feature","properties":{"d":"Rulindo","s":"TUMBA"},"geometry":{"type":"Polygon","coordinates":[[[29.93011,-1.72325],[29.93485,-1.72601],[29.95006,-1.74674],[29.9552,-1.74334],[29.96329,-1.74261],[29.96577,-1.73913],[29.97239,-1.73606],[29.97522,-1.73789],[29.9773,-1.73558],[29.97811,-1.72855],[29.98096,-1.7268],[29.9795,-1.72561],[29.98111,-1.72356],[29.98188,-1.71572],[29.97502,-1.71299],[29.97214,-1.70983],[29.96861,-1.70961],[29.97011,-1.70311],[29.96889,-1.69374],[29.96987,-1.68112],[29.95101,-1.67626],[29.94252,-1.67553],[29.92613,-1.66847],[29.92332,-1.67876],[29.91914,-1.68463],[29.92177,-1.69537],[29.92488,-1.69495],[29.92901,-1.69007],[29.93676,-1.69132],[29.94133,-1.69486],[29.94364,-1.69966],[29.93937,-1.70107],[29.93424,-1.69901],[29.92567,-1.71822],[29.9283,-1.71976],[29.93011,-1.72325]]]}},{"type":"Feature","properties":{"d":"Gakenke","s":"Busengo"},"geometry":{"type":"Polygon","coordinates":[[[29.75514,-1.65382],[29.7534,-1.65198],[29.75374,-1.64745],[29.74854,-1.6347],[29.74622,-1.63197],[29.74333,-1.63162],[29.74177,-1.62776],[29.73888,-1.62746],[29.73954,-1.62455],[29.73802,-1.62466],[29.73142,-1.6178],[29.73522,-1.61477],[29.73712,-1.61101],[29.74409,-1.61194],[29.7442,-1.60853],[29.7472,-1.60777],[29.74906,-1.60225],[29.73952,-1.60425],[29.73806,-1.60679],[29.73169,-1.60658],[29.72521,-1.60938],[29.71931,-1.61432],[29.71495,-1.60927],[29.71858,-1.60836],[29.71732,-1.60433],[29.71436,-1.60558],[29.70891,-1.60527],[29.70592,-1.60191],[29.70311,-1.60784],[29.69367,-1.61378],[29.68599,-1.61092],[29.68396,-1.61272],[29.68363,-1.61563],[29.68043,-1.61536],[29.67941,-1.61718],[29.67571,-1.61388],[29.66828,-1.62282],[29.6715,-1.6212],[29.67298,-1.6245],[29.67609,-1.62369],[29.67768,-1.63069],[29.68018,-1.63445],[29.67985,-1.63887],[29.68194,-1.64133],[29.69161,-1.64525],[29.6956,-1.65053],[29.69896,-1.65116],[29.69969,-1.64842],[29.70565,-1.65233],[29.70673,-1.65572],[29.71011,-1.65786],[29.71877,-1.65564],[29.72493,-1.65133],[29.72602,-1.65754],[29.72771,-1.65879],[29.72693,-1.65988],[29.73163,-1.6606],[29.73501,-1.66354],[29.74599,-1.6658],[29.74663,-1.66233],[29.75137,-1.66134],[29.74855,-1.6585],[29.74974,-1.65743],[29.75196,-1.65965],[29.75514,-1.65382]]]}},{"type":"Feature","properties":{"d":"Gakenke","s":"Coko"},"geometry":{"type":"Polygon","coordinates":[[[29.79837,-1.82936],[29.80238,-1.8271],[29.80257,-1.82286],[29.80776,-1.82408],[29.81311,-1.82281],[29.81646,-1.81633],[29.82708,-1.80981],[29.83368,-1.80368],[29.83622,-1.79595],[29.83667,-1.78564],[29.83365,-1.7836],[29.83607,-1.78213],[29.83325,-1.7826],[29.83383,-1.77945],[29.83723,-1.77485],[29.83642,-1.77191],[29.83964,-1.77203],[29.84504,-1.76704],[29.8532,-1.76459],[29.85442,-1.76319],[29.85224,-1.7599],[29.85203,-1.75598],[29.84966,-1.75312],[29.84917,-1.7422],[29.85078,-1.73999],[29.8434,-1.73764],[29.83953,-1.73226],[29.83317,-1.73574],[29.82967,-1.74152],[29.8278,-1.73953],[29.82321,-1.73717],[29.82205,-1.73991],[29.8129,-1.74704],[29.81083,-1.75318],[29.80301,-1.75418],[29.79962,-1.75782],[29.79035,-1.76224],[29.7887,-1.76719],[29.78635,-1.7665],[29.7837,-1.76811],[29.78301,-1.77127],[29.78076,-1.77299],[29.77888,-1.77182],[29.77293,-1.7823],[29.76667,-1.78636],[29.76972,-1.79137],[29.76934,-1.8068],[29.7719,-1.81037],[29.77807,-1.80944],[29.78589,-1.81965],[29.78958,-1.82079],[29.79154,-1.8252],[29.7963,-1.82634],[29.79837,-1.82936]]]}},{"type":"Feature","properties":{"d":"Gakenke","s":"Cyabingo"},"geometry":{"type":"Polygon","coordinates":[[[29.70592,-1.60191],[29.70596,-1.59792],[29.70792,-1.59622],[29.71464,-1.59136],[29.72273,-1.58935],[29.72189,-1.57818],[29.72315,-1.57629],[29.71484,-1.57028],[29.7128,-1.56624],[29.7062,-1.56328],[29.70398,-1.56019],[29.69825,-1.56088],[29.6887,-1.56074],[29.68417,-1.55801],[29.67969,-1.56218],[29.67863,-1.57249],[29.67353,-1.57463],[29.67662,-1.58035],[29.66867,-1.57934],[29.67117,-1.58892],[29.67356,-1.59005],[29.67428,-1.59294],[29.67558,-1.59471],[29.67386,-1.59801],[29.67572,-1.59922],[29.67463,-1.60503],[29.67739,-1.6094],[29.67571,-1.61388],[29.67941,-1.61718],[29.68043,-1.61536],[29.68363,-1.61563],[29.68396,-1.61272],[29.68599,-1.61092],[29.69367,-1.61378],[29.70311,-1.60784],[29.70592,-1.60191]]]}},{"type":"Feature","properties":{"d":"Gakenke","s":"Gakenke"},"geometry":{"type":"Polygon","coordinates":[[[29.75137,-1.66134],[29.74969,-1.66335],[29.75173,-1.66415],[29.75277,-1.6689],[29.75,-1.66974],[29.74751,-1.67492],[29.74992,-1.67656],[29.74903,-1.6785],[29.7511,-1.68311],[29.75009,-1.68843],[29.7519,-1.697],[29.751,-1.69798],[29.75146,-1.70153],[29.75824,-1.70617],[29.76013,-1.70342],[29.75962,-1.69979],[29.76275,-1.69595],[29.76216,-1.69484],[29.76598,-1.6942],[29.76772,-1.69033],[29.771,-1.69033],[29.779,-1.69543],[29.78503,-1.69249],[29.79165,-1.6914],[29.79357,-1.69355],[29.79546,-1.69308],[29.79561,-1.69431],[29.80047,-1.69587],[29.80353,-1.69157],[29.80653,-1.69176],[29.81214,-1.68877],[29.8173,-1.69155],[29.81943,-1.69119],[29.82096,-1.68808],[29.81987,-1.68338],[29.82201,-1.67904],[29.8206,-1.67672],[29.82132,-1.6702],[29.82852,-1.67105],[29.83347,-1.66469],[29.82943,-1.6599],[29.82561,-1.6584],[29.82634,-1.6552],[29.82269,-1.65467],[29.82284,-1.65565],[29.81867,-1.65557],[29.81545,-1.65754],[29.80883,-1.65602],[29.80938,-1.65207],[29.80505,-1.64701],[29.79645,-1.64864],[29.79117,-1.64514],[29.78792,-1.64487],[29.78395,-1.63895],[29.77998,-1.6397],[29.77817,-1.64254],[29.77527,-1.64328],[29.77405,-1.64163],[29.77119,-1.64219],[29.76956,-1.64049],[29.76418,-1.63993],[29.76028,-1.64897],[29.75734,-1.65198],[29.75728,-1.65443],[29.75514,-1.65382],[29.75196,-1.65965],[29.74974,-1.65743],[29.74855,-1.6585],[29.75137,-1.66134]]]}},{"type":"Feature","properties":{"d":"Gakenke","s":"Gashenyi"},"geometry":{"type":"Polygon","coordinates":[[[29.86433,-1.61265],[29.86048,-1.61017],[29.85848,-1.60692],[29.85715,-1.59514],[29.85463,-1.58974],[29.85565,-1.58503],[29.85363,-1.57984],[29.84285,-1.58021],[29.84144,-1.57802],[29.83873,-1.57916],[29.83748,-1.58394],[29.83784,-1.58928],[29.83984,-1.59241],[29.83613,-1.60245],[29.848,-1.60683],[29.8481,-1.61293],[29.85128,-1.6204],[29.85027,-1.62299],[29.84416,-1.62235],[29.8413,-1.62513],[29.84084,-1.62841],[29.84414,-1.6374],[29.84111,-1.63749],[29.83768,-1.6403],[29.83472,-1.63898],[29.83221,-1.63956],[29.83361,-1.64279],[29.83214,-1.64333],[29.83117,-1.64724],[29.82269,-1.65467],[29.82634,-1.6552],[29.82561,-1.6584],[29.82943,-1.6599],[29.83347,-1.66469],[29.82852,-1.67105],[29.82132,-1.6702],[29.8206,-1.67672],[29.82201,-1.67904],[29.81987,-1.68338],[29.82096,-1.68808],[29.82671,-1.69071],[29.82607,-1.69488],[29.82733,-1.69712],[29.83263,-1.70055],[29.83585,-1.69899],[29.83945,-1.68763],[29.83899,-1.68479],[29.84311,-1.6818],[29.84521,-1.67749],[29.85299,-1.686],[29.85667,-1.68756],[29.85707,-1.68318],[29.85909,-1.68239],[29.86155,-1.67561],[29.86945,-1.67209],[29.87509,-1.67518],[29.87247,-1.66416],[29.8744,-1.66056],[29.87882,-1.65783],[29.88093,-1.64966],[29.87464,-1.64458],[29.87116,-1.63512],[29.87147,-1.63271],[29.86911,-1.6315],[29.86433,-1.61265]]]}},{"type":"Feature","properties":{"d":"Gakenke","s":"Janja"},"geometry":{"type":"Polygon","coordinates":[[[29.68018,-1.63445],[29.67792,-1.63511],[29.67312,-1.6414],[29.67305,-1.64671],[29.67482,-1.65002],[29.67723,-1.65383],[29.67668,-1.65546],[29.67264,-1.65611],[29.67289,-1.6602],[29.67024,-1.66906],[29.67362,-1.67643],[29.66987,-1.68782],[29.67144,-1.68683],[29.67881,-1.69016],[29.68117,-1.68918],[29.68671,-1.69352],[29.69126,-1.69418],[29.69573,-1.69725],[29.70629,-1.69115],[29.70652,-1.68677],[29.70192,-1.67775],[29.70637,-1.6792],[29.71043,-1.67736],[29.71721,-1.67705],[29.72218,-1.68081],[29.73711,-1.68395],[29.74189,-1.68289],[29.7438,-1.67782],[29.74751,-1.67492],[29.75,-1.66974],[29.75277,-1.6689],[29.75173,-1.66415],[29.74969,-1.66335],[29.75137,-1.66134],[29.74663,-1.66233],[29.74599,-1.6658],[29.73501,-1.66354],[29.73163,-1.6606],[29.72693,-1.65988],[29.72771,-1.65879],[29.72602,-1.65754],[29.72493,-1.65133],[29.71877,-1.65564],[29.71011,-1.65786],[29.70673,-1.65572],[29.70565,-1.65233],[29.69969,-1.64842],[29.69896,-1.65116],[29.6956,-1.65053],[29.69161,-1.64525],[29.68194,-1.64133],[29.67985,-1.63887],[29.68018,-1.63445]]]}},{"type":"Feature","properties":{"d":"Gakenke","s":"Kamubuga"},"geometry":{"type":"Polygon","coordinates":[[[29.84144,-1.57802],[29.83712,-1.56928],[29.83866,-1.56701],[29.83775,-1.56579],[29.84005,-1.56508],[29.84026,-1.56287],[29.83746,-1.5596],[29.83585,-1.55966],[29.82677,-1.56256],[29.82267,-1.56139],[29.81331,-1.56501],[29.81293,-1.56651],[29.80468,-1.56385],[29.8043,-1.56571],[29.79716,-1.56804],[29.79472,-1.56657],[29.78664,-1.56914],[29.78177,-1.56593],[29.78178,-1.56152],[29.77947,-1.55905],[29.77426,-1.55995],[29.77057,-1.55429],[29.76175,-1.54968],[29.7567,-1.55721],[29.75676,-1.5609],[29.75948,-1.56251],[29.76507,-1.57389],[29.76713,-1.57542],[29.76539,-1.58081],[29.76874,-1.58478],[29.76946,-1.58886],[29.77221,-1.58962],[29.7696,-1.59086],[29.76947,-1.59536],[29.76786,-1.59748],[29.77033,-1.59753],[29.77325,-1.59507],[29.77543,-1.59531],[29.78412,-1.60081],[29.78965,-1.59775],[29.79922,-1.59684],[29.80974,-1.60368],[29.81384,-1.60879],[29.82555,-1.60135],[29.83613,-1.60245],[29.83984,-1.59241],[29.83784,-1.58928],[29.83748,-1.58394],[29.83873,-1.57916],[29.84144,-1.57802]]]}},{"type":"Feature","properties":{"d":"Gakenke","s":"Karambo"},"geometry":{"type":"Polygon","coordinates":[[[29.82269,-1.65467],[29.83117,-1.64724],[29.83214,-1.64333],[29.83361,-1.64279],[29.83221,-1.63956],[29.83472,-1.63898],[29.83768,-1.6403],[29.84111,-1.63749],[29.84414,-1.6374],[29.84084,-1.62841],[29.8413,-1.62513],[29.84416,-1.62235],[29.85027,-1.62299],[29.85128,-1.6204],[29.8481,-1.61293],[29.848,-1.60683],[29.83613,-1.60245],[29.82555,-1.60135],[29.81384,-1.60879],[29.81058,-1.61092],[29.80505,-1.62275],[29.80425,-1.62719],[29.80548,-1.62897],[29.80227,-1.63916],[29.80505,-1.64701],[29.80938,-1.65207],[29.80883,-1.65602],[29.81545,-1.65754],[29.81867,-1.65557],[29.82284,-1.65565],[29.82269,-1.65467]]]}},{"type":"Feature","properties":{"d":"Gakenke","s":"Kivuruga"},"geometry":{"type":"Polygon","coordinates":[[[29.75514,-1.65382],[29.75728,-1.65443],[29.75734,-1.65198],[29.76028,-1.64897],[29.76418,-1.63993],[29.76366,-1.63783],[29.76792,-1.62414],[29.76619,-1.61579],[29.76837,-1.6122],[29.76716,-1.60825],[29.76855,-1.60274],[29.76781,-1.59906],[29.77033,-1.59753],[29.76786,-1.59748],[29.76947,-1.59536],[29.7696,-1.59086],[29.77221,-1.58962],[29.76946,-1.58886],[29.76874,-1.58478],[29.76539,-1.58081],[29.76713,-1.57542],[29.76507,-1.57389],[29.75948,-1.56251],[29.75676,-1.5609],[29.75191,-1.56594],[29.75344,-1.57318],[29.75314,-1.58363],[29.74973,-1.58538],[29.74802,-1.58354],[29.73692,-1.58467],[29.72808,-1.5766],[29.72315,-1.57629],[29.72189,-1.57818],[29.72273,-1.58935],[29.71464,-1.59136],[29.70792,-1.59622],[29.70596,-1.59792],[29.70592,-1.60191],[29.70891,-1.60527],[29.71436,-1.60558],[29.71732,-1.60433],[29.71858,-1.60836],[29.71495,-1.60927],[29.71931,-1.61432],[29.72521,-1.60938],[29.73169,-1.60658],[29.73806,-1.60679],[29.73952,-1.60425],[29.74906,-1.60225],[29.7472,-1.60777],[29.7442,-1.60853],[29.74409,-1.61194],[29.73712,-1.61101],[29.73522,-1.61477],[29.73142,-1.6178],[29.73802,-1.62466],[29.73954,-1.62455],[29.73888,-1.62746],[29.74177,-1.62776],[29.74333,-1.63162],[29.74622,-1.63197],[29.74854,-1.6347],[29.75374,-1.64745],[29.7534,-1.65198],[29.75514,-1.65382]]]}},{"type":"Feature","properties":{"d":"Gakenke","s":"Mataba"},"geometry":{"type":"Polygon","coordinates":[[[29.71626,-1.75501],[29.72095,-1.755],[29.72851,-1.74816],[29.73358,-1.74834],[29.73834,-1.75138],[29.74155,-1.74977],[29.74447,-1.75153],[29.74634,-1.74999],[29.74822,-1.75158],[29.74982,-1.7515],[29.74905,-1.75019],[29.7506,-1.74969],[29.74923,-1.74681],[29.75003,-1.74436],[29.75447,-1.74323],[29.75526,-1.73913],[29.75936,-1.73854],[29.76223,-1.73372],[29.7661,-1.73316],[29.76541,-1.72879],[29.76794,-1.7289],[29.76975,-1.72641],[29.77311,-1.72766],[29.78092,-1.72474],[29.78305,-1.72704],[29.78865,-1.72249],[29.79118,-1.71571],[29.79436,-1.71528],[29.79347,-1.71359],[29.7963,-1.71122],[29.79693,-1.70713],[29.79988,-1.7058],[29.80031,-1.70073],[29.79859,-1.69976],[29.80047,-1.69587],[29.79561,-1.69431],[29.79546,-1.69308],[29.79357,-1.69355],[29.79165,-1.6914],[29.78503,-1.69249],[29.779,-1.69543],[29.771,-1.69033],[29.76772,-1.69033],[29.76598,-1.6942],[29.76216,-1.69484],[29.76275,-1.69595],[29.75962,-1.69979],[29.76013,-1.70342],[29.75824,-1.70617],[29.75146,-1.70153],[29.751,-1.69798],[29.74929,-1.70334],[29.74511,-1.70832],[29.74185,-1.71565],[29.73537,-1.71423],[29.72861,-1.7273],[29.72518,-1.72814],[29.7229,-1.72634],[29.72049,-1.72921],[29.71876,-1.73216],[29.71774,-1.73951],[29.71421,-1.74695],[29.71046,-1.74929],[29.70955,-1.75274],[29.71355,-1.75245],[29.71626,-1.75501]]]}},{"type":"Feature","properties":{"d":"Gakenke","s":"Minazi"},"geometry":{"type":"Polygon","coordinates":[[[29.76667,-1.78636],[29.77293,-1.7823],[29.77888,-1.77182],[29.78076,-1.77299],[29.78301,-1.77127],[29.7837,-1.76811],[29.78635,-1.7665],[29.7887,-1.76719],[29.79035,-1.76224],[29.79962,-1.75782],[29.80301,-1.75418],[29.81083,-1.75318],[29.8129,-1.74704],[29.82205,-1.73991],[29.82321,-1.73717],[29.8278,-1.73953],[29.83167,-1.73375],[29.83446,-1.73211],[29.83557,-1.72429],[29.8254,-1.71581],[29.81336,-1.71143],[29.81357,-1.709],[29.81776,-1.70794],[29.82149,-1.70498],[29.82224,-1.70235],[29.82071,-1.69906],[29.82181,-1.69623],[29.81943,-1.69119],[29.8173,-1.69155],[29.81214,-1.68877],[29.80653,-1.69176],[29.80353,-1.69157],[29.80047,-1.69587],[29.79859,-1.69976],[29.80031,-1.70073],[29.79988,-1.7058],[29.79693,-1.70713],[29.7963,-1.71122],[29.79347,-1.71359],[29.79436,-1.71528],[29.79118,-1.71571],[29.78865,-1.72249],[29.78305,-1.72704],[29.78092,-1.72474],[29.77311,-1.72766],[29.76975,-1.72641],[29.76794,-1.7289],[29.76541,-1.72879],[29.7661,-1.73316],[29.76223,-1.73372],[29.75936,-1.73854],[29.75526,-1.73913],[29.75447,-1.74323],[29.75003,-1.74436],[29.74923,-1.74681],[29.7506,-1.74969],[29.74905,-1.75019],[29.74982,-1.7515],[29.74822,-1.75158],[29.74419,-1.76371],[29.74841,-1.77249],[29.75029,-1.77446],[29.75843,-1.77633],[29.76377,-1.78088],[29.76667,-1.78636]]]}},{"type":"Feature","properties":{"d":"Gakenke","s":"Mugunga"},"geometry":{"type":"Polygon","coordinates":[[[29.67043,-1.73146],[29.66738,-1.72517],[29.66876,-1.72019],[29.66783,-1.71232],[29.66604,-1.7103],[29.66672,-1.70802],[29.66513,-1.70663],[29.66466,-1.69817],[29.66618,-1.69594],[29.66672,-1.68981],[29.66987,-1.68782],[29.67362,-1.67643],[29.67024,-1.66906],[29.67289,-1.6602],[29.67264,-1.65611],[29.67668,-1.65546],[29.67723,-1.65383],[29.67482,-1.65002],[29.66859,-1.65456],[29.6641,-1.65561],[29.65237,-1.65507],[29.6476,-1.65756],[29.6384,-1.65828],[29.63947,-1.68069],[29.63703,-1.69466],[29.63397,-1.69493],[29.63246,-1.69863],[29.63465,-1.70021],[29.63421,-1.71464],[29.63541,-1.71554],[29.63559,-1.71935],[29.63873,-1.72205],[29.64014,-1.72461],[29.64919,-1.72686],[29.65212,-1.73],[29.65381,-1.73485],[29.65887,-1.735],[29.66238,-1.73241],[29.67043,-1.73146]]]}},{"type":"Feature","properties":{"d":"Gakenke","s":"Muhondo"},"geometry":{"type":"Polygon","coordinates":[[[29.9048,-1.85987],[29.90294,-1.85372],[29.90338,-1.84917],[29.90998,-1.84347],[29.91045,-1.83899],[29.90774,-1.83159],[29.90878,-1.82255],[29.91166,-1.81539],[29.91222,-1.80705],[29.91451,-1.80475],[29.91866,-1.80538],[29.93265,-1.79989],[29.9284,-1.79612],[29.9233,-1.78843],[29.92027,-1.7767],[29.91579,-1.77694],[29.91303,-1.77553],[29.90205,-1.78546],[29.89406,-1.78174],[29.88466,-1.78906],[29.88225,-1.78398],[29.88056,-1.78381],[29.87871,-1.77984],[29.87581,-1.77759],[29.87448,-1.76761],[29.87324,-1.76289],[29.87018,-1.75879],[29.86056,-1.76135],[29.85801,-1.76327],[29.85442,-1.76319],[29.8532,-1.76459],[29.8535,-1.77746],[29.85911,-1.78287],[29.85597,-1.79013],[29.85745,-1.79186],[29.85771,-1.79883],[29.85273,-1.80469],[29.85655,-1.80959],[29.85617,-1.81149],[29.86091,-1.81977],[29.86103,-1.82577],[29.86557,-1.83276],[29.86633,-1.84019],[29.86822,-1.84247],[29.86723,-1.845],[29.86873,-1.8517],[29.86984,-1.8536],[29.87322,-1.85394],[29.87556,-1.85644],[29.88075,-1.85411],[29.89452,-1.8628],[29.90148,-1.86269],[29.9048,-1.85987]]]}},{"type":"Feature","properties":{"d":"Gakenke","s":"Muyongwe"},"geometry":{"type":"Polygon","coordinates":[[[29.8818,-1.6829],[29.87785,-1.68239],[29.87461,-1.68515],[29.87529,-1.68684],[29.87328,-1.68783],[29.87274,-1.69599],[29.87638,-1.6992],[29.87937,-1.70755],[29.87667,-1.71177],[29.87719,-1.71581],[29.8742,-1.72287],[29.87298,-1.73311],[29.87449,-1.73885],[29.87274,-1.7411],[29.87524,-1.74604],[29.87684,-1.75964],[29.87634,-1.76223],[29.87521,-1.76172],[29.87633,-1.76591],[29.87448,-1.76761],[29.87581,-1.77759],[29.87871,-1.77984],[29.88056,-1.78381],[29.88225,-1.78398],[29.88466,-1.78906],[29.89406,-1.78174],[29.90205,-1.78546],[29.91303,-1.77553],[29.91579,-1.77694],[29.92027,-1.7767],[29.92124,-1.77287],[29.91897,-1.7717],[29.9128,-1.76047],[29.91156,-1.75809],[29.91238,-1.75601],[29.90773,-1.75223],[29.90582,-1.74755],[29.90637,-1.74441],[29.90378,-1.74154],[29.90324,-1.72982],[29.90116,-1.72686],[29.90307,-1.72359],[29.90003,-1.71938],[29.90035,-1.7169],[29.89688,-1.70725],[29.89185,-1.69818],[29.88811,-1.69571],[29.88788,-1.6922],[29.8818,-1.6829]]]}},{"type":"Feature","properties":{"d":"Gakenke","s":"Muzo"},"geometry":{"type":"Polygon","coordinates":[[[29.70955,-1.75274],[29.71046,-1.74929],[29.71421,-1.74695],[29.71774,-1.73951],[29.71876,-1.73216],[29.72049,-1.72921],[29.7229,-1.72634],[29.72518,-1.72814],[29.72861,-1.7273],[29.73537,-1.71423],[29.74185,-1.71565],[29.74511,-1.70832],[29.74929,-1.70334],[29.751,-1.69798],[29.7519,-1.697],[29.75009,-1.68843],[29.7511,-1.68311],[29.74903,-1.6785],[29.74992,-1.67656],[29.74751,-1.67492],[29.7438,-1.67782],[29.74189,-1.68289],[29.73711,-1.68395],[29.72218,-1.68081],[29.71721,-1.67705],[29.71043,-1.67736],[29.70637,-1.6792],[29.70192,-1.67775],[29.70652,-1.68677],[29.70629,-1.69115],[29.69573,-1.69725],[29.69126,-1.69418],[29.68671,-1.69352],[29.68117,-1.68918],[29.67881,-1.69016],[29.67144,-1.68683],[29.66987,-1.68782],[29.66672,-1.68981],[29.66618,-1.69594],[29.66466,-1.69817],[29.66513,-1.70663],[29.66672,-1.70802],[29.66604,-1.7103],[29.66783,-1.71232],[29.66876,-1.72019],[29.66738,-1.72517],[29.67043,-1.73146],[29.67293,-1.73263],[29.68822,-1.73162],[29.69486,-1.73369],[29.69651,-1.73642],[29.70111,-1.73775],[29.70136,-1.74498],[29.70955,-1.75274]]]}},{"type":"Feature","properties":{"d":"Gakenke","s":"Nemba"},"geometry":{"type":"Polygon","coordinates":[[[29.80505,-1.64701],[29.80227,-1.63916],[29.80548,-1.62897],[29.80425,-1.62719],[29.80505,-1.62275],[29.81058,-1.61092],[29.81384,-1.60879],[29.80974,-1.60368],[29.79922,-1.59684],[29.78965,-1.59775],[29.78412,-1.60081],[29.77543,-1.59531],[29.77325,-1.59507],[29.77033,-1.59753],[29.76781,-1.59906],[29.76855,-1.60274],[29.76716,-1.60825],[29.76837,-1.6122],[29.76619,-1.61579],[29.76792,-1.62414],[29.76366,-1.63783],[29.76418,-1.63993],[29.76956,-1.64049],[29.77119,-1.64219],[29.77405,-1.64163],[29.77527,-1.64328],[29.77817,-1.64254],[29.77998,-1.6397],[29.78395,-1.63895],[29.78792,-1.64487],[29.79117,-1.64514],[29.79645,-1.64864],[29.80505,-1.64701]]]}},{"type":"Feature","properties":{"d":"Gakenke","s":"Ruli"},"geometry":{"type":"Polygon","coordinates":[[[29.81745,-1.85291],[29.82341,-1.85664],[29.82783,-1.85488],[29.83544,-1.8552],[29.84104,-1.85718],[29.84555,-1.8608],[29.84819,-1.86534],[29.84892,-1.87155],[29.85192,-1.87321],[29.86264,-1.86855],[29.86563,-1.86295],[29.87264,-1.86108],[29.87556,-1.85644],[29.87322,-1.85394],[29.86984,-1.8536],[29.86873,-1.8517],[29.86723,-1.845],[29.86822,-1.84247],[29.86633,-1.84019],[29.86557,-1.83276],[29.86103,-1.82577],[29.86091,-1.81977],[29.85617,-1.81149],[29.85655,-1.80959],[29.85273,-1.80469],[29.85771,-1.79883],[29.85745,-1.79186],[29.85597,-1.79013],[29.85911,-1.78287],[29.8535,-1.77746],[29.8532,-1.76459],[29.84504,-1.76704],[29.83964,-1.77203],[29.83642,-1.77191],[29.83723,-1.77485],[29.83383,-1.77945],[29.83325,-1.7826],[29.83607,-1.78213],[29.83365,-1.7836],[29.83667,-1.78564],[29.83622,-1.79595],[29.83368,-1.80368],[29.82708,-1.80981],[29.81646,-1.81633],[29.81311,-1.82281],[29.80776,-1.82408],[29.80257,-1.82286],[29.80238,-1.8271],[29.79837,-1.82936],[29.80081,-1.83873],[29.7964,-1.84618],[29.79807,-1.84893],[29.80375,-1.8519],[29.81125,-1.85254],[29.81646,-1.85139],[29.81745,-1.85291]]]}},{"type":"Feature","properties":{"d":"Gakenke","s":"Rusasa"},"geometry":{"type":"Polygon","coordinates":[[[29.63391,-1.65349],[29.63614,-1.6533],[29.6384,-1.65828],[29.6476,-1.65756],[29.65237,-1.65507],[29.6641,-1.65561],[29.66859,-1.65456],[29.67482,-1.65002],[29.67305,-1.64671],[29.67312,-1.6414],[29.67792,-1.63511],[29.68018,-1.63445],[29.67768,-1.63069],[29.67609,-1.62369],[29.67298,-1.6245],[29.6715,-1.6212],[29.66828,-1.62282],[29.67571,-1.61388],[29.67739,-1.6094],[29.67463,-1.60503],[29.67572,-1.59922],[29.67386,-1.59801],[29.67558,-1.59471],[29.67428,-1.59294],[29.66714,-1.59247],[29.66879,-1.59468],[29.66686,-1.59885],[29.66484,-1.59643],[29.65647,-1.59651],[29.65303,-1.59826],[29.64922,-1.59611],[29.64756,-1.59653],[29.64674,-1.59361],[29.6428,-1.58942],[29.63855,-1.59228],[29.63554,-1.59745],[29.63645,-1.60334],[29.63314,-1.60888],[29.6349,-1.61154],[29.63344,-1.61915],[29.63404,-1.62903],[29.63599,-1.63213],[29.63341,-1.63849],[29.63391,-1.65349]]]}},{"type":"Feature","properties":{"d":"Gakenke","s":"Rushashi"},"geometry":{"type":"Polygon","coordinates":[[[29.87509,-1.67518],[29.86945,-1.67209],[29.86155,-1.67561],[29.85909,-1.68239],[29.85707,-1.68318],[29.85667,-1.68756],[29.85299,-1.686],[29.84521,-1.67749],[29.84311,-1.6818],[29.83899,-1.68479],[29.83945,-1.68763],[29.83585,-1.69899],[29.83263,-1.70055],[29.82733,-1.69712],[29.82607,-1.69488],[29.82671,-1.69071],[29.82096,-1.68808],[29.81943,-1.69119],[29.82181,-1.69623],[29.82071,-1.69906],[29.82224,-1.70235],[29.82149,-1.70498],[29.81776,-1.70794],[29.81357,-1.709],[29.81336,-1.71143],[29.8254,-1.71581],[29.83557,-1.72429],[29.83446,-1.73211],[29.83167,-1.73375],[29.8278,-1.73953],[29.82967,-1.74152],[29.83317,-1.73574],[29.83953,-1.73226],[29.8434,-1.73764],[29.85078,-1.73999],[29.84917,-1.7422],[29.84966,-1.75312],[29.85203,-1.75598],[29.85224,-1.7599],[29.85442,-1.76319],[29.85801,-1.76327],[29.86056,-1.76135],[29.87018,-1.75879],[29.87324,-1.76289],[29.87448,-1.76761],[29.87633,-1.76591],[29.87521,-1.76172],[29.87634,-1.76223],[29.87684,-1.75964],[29.87524,-1.74604],[29.87274,-1.7411],[29.87449,-1.73885],[29.87298,-1.73311],[29.8742,-1.72287],[29.87719,-1.71581],[29.87667,-1.71177],[29.87937,-1.70755],[29.87638,-1.6992],[29.87274,-1.69599],[29.87328,-1.68783],[29.87529,-1.68684],[29.87461,-1.68515],[29.87785,-1.68239],[29.8818,-1.6829],[29.87509,-1.67518]]]}},{"type":"Feature","properties":{"d":"Musanze","s":"Busogo"},"geometry":{"type":"Polygon","coordinates":[[[29.58268,-1.58869],[29.58082,-1.5796],[29.58407,-1.57508],[29.5838,-1.5708],[29.58093,-1.56587],[29.57757,-1.56492],[29.57965,-1.56277],[29.57849,-1.5609],[29.57856,-1.55378],[29.58308,-1.55587],[29.58385,-1.55348],[29.57983,-1.55107],[29.58271,-1.54967],[29.58138,-1.54781],[29.58482,-1.54629],[29.58252,-1.54276],[29.57971,-1.54203],[29.57853,-1.54391],[29.57723,-1.54205],[29.57852,-1.53737],[29.57752,-1.53454],[29.57835,-1.53227],[29.57965,-1.5327],[29.57897,-1.52993],[29.58067,-1.52361],[29.57873,-1.52355],[29.5759,-1.52671],[29.57541,-1.52839],[29.57677,-1.5297],[29.57416,-1.53672],[29.57352,-1.53475],[29.56775,-1.53262],[29.56732,-1.53574],[29.56227,-1.53614],[29.55878,-1.54432],[29.55204,-1.54443],[29.55155,-1.54953],[29.549,-1.55166],[29.54223,-1.5509],[29.53981,-1.55382],[29.53919,-1.55969],[29.53306,-1.55621],[29.53037,-1.56366],[29.52218,-1.56943],[29.52964,-1.5725],[29.53486,-1.57123],[29.53828,-1.5746],[29.54015,-1.57122],[29.54546,-1.57144],[29.54848,-1.56787],[29.55024,-1.569],[29.5524,-1.57581],[29.55526,-1.57658],[29.55657,-1.57567],[29.556,-1.57249],[29.55924,-1.56992],[29.56787,-1.57786],[29.57013,-1.58352],[29.58268,-1.58869]]]}},{"type":"Feature","properties":{"d":"Musanze","s":"Cyuve"},"geometry":{"type":"Polygon","coordinates":[[[29.69418,-1.45976],[29.69205,-1.45902],[29.68564,-1.46167],[29.67962,-1.45668],[29.67633,-1.45639],[29.67454,-1.45782],[29.67282,-1.45606],[29.67149,-1.44626],[29.66418,-1.44776],[29.66032,-1.45038],[29.65709,-1.44999],[29.65419,-1.45187],[29.64804,-1.44968],[29.6394,-1.45214],[29.63586,-1.45098],[29.63309,-1.45429],[29.63115,-1.45366],[29.63017,-1.45481],[29.6319,-1.45964],[29.63105,-1.46488],[29.63309,-1.46665],[29.63272,-1.4682],[29.62906,-1.46637],[29.62674,-1.46916],[29.62343,-1.46913],[29.62175,-1.46749],[29.61912,-1.46806],[29.61853,-1.46965],[29.62646,-1.48923],[29.62762,-1.49526],[29.62638,-1.49856],[29.6307,-1.49875],[29.63537,-1.50393],[29.63682,-1.50252],[29.63585,-1.50011],[29.63684,-1.49748],[29.64131,-1.4947],[29.648,-1.49386],[29.6504,-1.4911],[29.6506,-1.49928],[29.66062,-1.49618],[29.67293,-1.49963],[29.67628,-1.49779],[29.67286,-1.49451],[29.67321,-1.49035],[29.68062,-1.48825],[29.68306,-1.48537],[29.68465,-1.48113],[29.69358,-1.46943],[29.69418,-1.45976]]]}},{"type":"Feature","properties":{"d":"Musanze","s":"Gacaca"},"geometry":{"type":"Polygon","coordinates":[[[29.67293,-1.49963],[29.67408,-1.50219],[29.67279,-1.50541],[29.67422,-1.5076],[29.67694,-1.50833],[29.67716,-1.51192],[29.67213,-1.51851],[29.66757,-1.52006],[29.66501,-1.52601],[29.66594,-1.52734],[29.66898,-1.52871],[29.66953,-1.53292],[29.67135,-1.53323],[29.67176,-1.53608],[29.67385,-1.53522],[29.67651,-1.53744],[29.67875,-1.53646],[29.68208,-1.53791],[29.69192,-1.53715],[29.69592,-1.53457],[29.69616,-1.53104],[29.698,-1.52931],[29.70383,-1.52521],[29.70624,-1.52528],[29.71073,-1.52135],[29.71433,-1.51379],[29.72654,-1.50742],[29.73181,-1.50657],[29.73215,-1.50124],[29.72975,-1.49615],[29.72943,-1.49136],[29.72499,-1.4928],[29.72392,-1.48543],[29.72077,-1.48223],[29.71778,-1.48255],[29.71651,-1.47854],[29.70798,-1.46988],[29.70308,-1.4678],[29.70208,-1.46279],[29.69606,-1.45772],[29.69418,-1.45976],[29.69358,-1.46943],[29.68465,-1.48113],[29.68306,-1.48537],[29.68062,-1.48825],[29.67321,-1.49035],[29.67286,-1.49451],[29.67628,-1.49779],[29.67293,-1.49963]]]}},{"type":"Feature","properties":{"d":"Musanze","s":"Gashaki"},"geometry":{"type":"Polygon","coordinates":[[[29.76175,-1.54968],[29.76504,-1.53907],[29.76497,-1.52948],[29.76023,-1.5057],[29.74706,-1.48189],[29.73632,-1.48942],[29.72943,-1.49136],[29.72975,-1.49615],[29.73215,-1.50124],[29.73181,-1.50657],[29.73079,-1.50838],[29.73217,-1.50961],[29.73054,-1.51122],[29.73211,-1.51227],[29.73056,-1.51447],[29.73708,-1.52021],[29.7417,-1.53345],[29.73917,-1.53777],[29.73638,-1.5383],[29.73444,-1.54113],[29.73584,-1.54789],[29.73971,-1.555],[29.73628,-1.55741],[29.73649,-1.56353],[29.73488,-1.5658],[29.73151,-1.56656],[29.73263,-1.57024],[29.72808,-1.5766],[29.73692,-1.58467],[29.74802,-1.58354],[29.74973,-1.58538],[29.75314,-1.58363],[29.75344,-1.57318],[29.75191,-1.56594],[29.75676,-1.5609],[29.7567,-1.55721],[29.76175,-1.54968]]]}},{"type":"Feature","properties":{"d":"Musanze","s":"Gataraga"},"geometry":{"type":"Polygon","coordinates":[[[29.52218,-1.56943],[29.53037,-1.56366],[29.53306,-1.55621],[29.53919,-1.55969],[29.53981,-1.55382],[29.54223,-1.5509],[29.549,-1.55166],[29.55155,-1.54953],[29.55204,-1.54443],[29.55878,-1.54432],[29.56227,-1.53614],[29.56732,-1.53574],[29.56775,-1.53262],[29.57352,-1.53475],[29.57416,-1.53672],[29.57677,-1.5297],[29.57541,-1.52839],[29.5759,-1.52671],[29.57873,-1.52355],[29.58067,-1.52361],[29.58298,-1.52291],[29.58219,-1.52193],[29.57798,-1.52059],[29.56747,-1.52366],[29.55948,-1.52161],[29.55617,-1.51898],[29.55014,-1.51829],[29.549,-1.52166],[29.54379,-1.52368],[29.5426,-1.52284],[29.53891,-1.52581],[29.53805,-1.52143],[29.52834,-1.52107],[29.52691,-1.51927],[29.52132,-1.51811],[29.52123,-1.5145],[29.51697,-1.51306],[29.51436,-1.51405],[29.51466,-1.51269],[29.50647,-1.50975],[29.49978,-1.50923],[29.49117,-1.51156],[29.48705,-1.51414],[29.47383,-1.51604],[29.45003,-1.50608],[29.47311,-1.53612],[29.49262,-1.55847],[29.49917,-1.56366],[29.50705,-1.56399],[29.50795,-1.56224],[29.52218,-1.56943]]]}},{"type":"Feature","properties":{"d":"Musanze","s":"Kimonyi"},"geometry":{"type":"Polygon","coordinates":[[[29.5838,-1.5708],[29.58938,-1.57007],[29.59119,-1.56815],[29.58697,-1.56537],[29.58653,-1.56369],[29.59277,-1.55358],[29.58978,-1.54833],[29.5926,-1.54267],[29.59711,-1.54519],[29.59846,-1.54159],[29.60087,-1.53974],[29.60542,-1.53922],[29.60312,-1.53358],[29.61165,-1.52964],[29.61296,-1.52452],[29.61797,-1.52341],[29.61974,-1.51683],[29.60798,-1.50562],[29.60655,-1.50324],[29.60327,-1.50262],[29.59971,-1.49969],[29.59788,-1.49618],[29.59234,-1.49694],[29.58841,-1.4959],[29.58651,-1.49711],[29.58121,-1.49556],[29.57933,-1.49322],[29.5761,-1.49477],[29.57276,-1.49239],[29.57336,-1.49634],[29.5678,-1.49734],[29.57162,-1.50022],[29.57203,-1.50543],[29.5846,-1.51563],[29.58486,-1.51802],[29.58219,-1.52193],[29.58298,-1.52291],[29.58067,-1.52361],[29.57897,-1.52993],[29.57965,-1.5327],[29.57835,-1.53227],[29.57752,-1.53454],[29.57852,-1.53737],[29.57723,-1.54205],[29.57853,-1.54391],[29.57971,-1.54203],[29.58252,-1.54276],[29.58482,-1.54629],[29.58138,-1.54781],[29.58271,-1.54967],[29.57983,-1.55107],[29.58385,-1.55348],[29.58308,-1.55587],[29.57856,-1.55378],[29.57849,-1.5609],[29.57965,-1.56277],[29.57757,-1.56492],[29.58093,-1.56587],[29.5838,-1.5708]]]}},{"type":"Feature","properties":{"d":"Musanze","s":"Kinigi"},"geometry":{"type":"Polygon","coordinates":[[[29.59288,-1.38712],[29.58698,-1.39248],[29.5807,-1.38814],[29.57403,-1.38679],[29.56647,-1.38681],[29.56197,-1.3901],[29.55724,-1.38976],[29.54893,-1.39697],[29.54705,-1.40026],[29.53899,-1.40571],[29.53396,-1.4083],[29.53009,-1.40851],[29.52923,-1.4108],[29.52597,-1.40939],[29.52497,-1.41408],[29.51838,-1.42491],[29.52157,-1.42662],[29.52031,-1.42883],[29.50605,-1.434],[29.50446,-1.4404],[29.49616,-1.44271],[29.49554,-1.4458],[29.49354,-1.44668],[29.47627,-1.47026],[29.48359,-1.47482],[29.49029,-1.47629],[29.50104,-1.48188],[29.51482,-1.47489],[29.52172,-1.47489],[29.52524,-1.4773],[29.52977,-1.47518],[29.52904,-1.47029],[29.53979,-1.46345],[29.54101,-1.45665],[29.54704,-1.4615],[29.56151,-1.46114],[29.56621,-1.46012],[29.56583,-1.45714],[29.56836,-1.45442],[29.57905,-1.44997],[29.58433,-1.44897],[29.58686,-1.45],[29.58948,-1.44885],[29.59302,-1.44252],[29.60167,-1.44006],[29.61219,-1.43438],[29.60906,-1.4277],[29.60749,-1.41822],[29.60515,-1.4147],[29.60516,-1.40764],[29.59288,-1.38712]]]}},{"type":"Feature","properties":{"d":"Musanze","s":"Muhoza"},"geometry":{"type":"Polygon","coordinates":[[[29.62638,-1.49856],[29.60798,-1.50562],[29.61974,-1.51683],[29.61797,-1.52341],[29.62137,-1.52345],[29.62353,-1.52545],[29.62385,-1.52864],[29.6252,-1.52843],[29.62914,-1.52563],[29.63447,-1.52516],[29.63334,-1.52301],[29.63485,-1.52027],[29.63674,-1.5199],[29.64148,-1.53313],[29.64757,-1.53658],[29.64998,-1.53583],[29.65366,-1.53006],[29.65619,-1.53061],[29.65643,-1.52809],[29.65951,-1.52673],[29.65895,-1.52806],[29.66317,-1.52952],[29.66594,-1.52734],[29.66501,-1.52601],[29.66757,-1.52006],[29.67213,-1.51851],[29.67716,-1.51192],[29.67694,-1.50833],[29.67422,-1.5076],[29.67279,-1.50541],[29.67408,-1.50219],[29.67293,-1.49963],[29.66062,-1.49618],[29.6506,-1.49928],[29.6504,-1.4911],[29.648,-1.49386],[29.64131,-1.4947],[29.63684,-1.49748],[29.63585,-1.50011],[29.63682,-1.50252],[29.63537,-1.50393],[29.6307,-1.49875],[29.62638,-1.49856]]]}},{"type":"Feature","properties":{"d":"Musanze","s":"Muko"},"geometry":{"type":"Polygon","coordinates":[[[29.59119,-1.56815],[29.59671,-1.56716],[29.59687,-1.56336],[29.60067,-1.56291],[29.60226,-1.5609],[29.60876,-1.56023],[29.61074,-1.55666],[29.61857,-1.55797],[29.62269,-1.55526],[29.62336,-1.5573],[29.62674,-1.55884],[29.63638,-1.56105],[29.63778,-1.56098],[29.63985,-1.55782],[29.64433,-1.55838],[29.64394,-1.55404],[29.6477,-1.54938],[29.64519,-1.54336],[29.64713,-1.54158],[29.64757,-1.53658],[29.64148,-1.53313],[29.63674,-1.5199],[29.63485,-1.52027],[29.63334,-1.52301],[29.63447,-1.52516],[29.62914,-1.52563],[29.6252,-1.52843],[29.62385,-1.52864],[29.62353,-1.52545],[29.62137,-1.52345],[29.61797,-1.52341],[29.61296,-1.52452],[29.61165,-1.52964],[29.60312,-1.53358],[29.60542,-1.53922],[29.60087,-1.53974],[29.59846,-1.54159],[29.59711,-1.54519],[29.5926,-1.54267],[29.58978,-1.54833],[29.59277,-1.55358],[29.58653,-1.56369],[29.58697,-1.56537],[29.59119,-1.56815]]]}},{"type":"Feature","properties":{"d":"Musanze","s":"Musanze"},"geometry":{"type":"Polygon","coordinates":[[[29.61853,-1.46965],[29.60622,-1.47904],[29.60079,-1.48078],[29.59776,-1.47243],[29.5894,-1.46447],[29.59009,-1.45795],[29.58686,-1.45],[29.58433,-1.44897],[29.57905,-1.44997],[29.56836,-1.45442],[29.56583,-1.45714],[29.56621,-1.46012],[29.56151,-1.46114],[29.54704,-1.4615],[29.54101,-1.45665],[29.53979,-1.46345],[29.52904,-1.47029],[29.52977,-1.47518],[29.53572,-1.47614],[29.54868,-1.48505],[29.55823,-1.48387],[29.5608,-1.48716],[29.56671,-1.48979],[29.56762,-1.4918],[29.57069,-1.4934],[29.57276,-1.49239],[29.5761,-1.49477],[29.57933,-1.49322],[29.58121,-1.49556],[29.58651,-1.49711],[29.58841,-1.4959],[29.59234,-1.49694],[29.59788,-1.49618],[29.59971,-1.49969],[29.60327,-1.50262],[29.60655,-1.50324],[29.60798,-1.50562],[29.62638,-1.49856],[29.62762,-1.49526],[29.62646,-1.48923],[29.61853,-1.46965]]]}},{"type":"Feature","properties":{"d":"Musanze","s":"Nkotsi"},"geometry":{"type":"Polygon","coordinates":[[[29.58442,-1.58962],[29.58563,-1.592],[29.59044,-1.59117],[29.59598,-1.59343],[29.6078,-1.58765],[29.61238,-1.58923],[29.61373,-1.58803],[29.6182,-1.58835],[29.62448,-1.58499],[29.62921,-1.59119],[29.63244,-1.5904],[29.63855,-1.59228],[29.6428,-1.58942],[29.64674,-1.59361],[29.6526,-1.5891],[29.65522,-1.5815],[29.65293,-1.57549],[29.64753,-1.57162],[29.6479,-1.56785],[29.64433,-1.55838],[29.63985,-1.55782],[29.63778,-1.56098],[29.63638,-1.56105],[29.62674,-1.55884],[29.62336,-1.5573],[29.62269,-1.55526],[29.61857,-1.55797],[29.61074,-1.55666],[29.60876,-1.56023],[29.60226,-1.5609],[29.60067,-1.56291],[29.59687,-1.56336],[29.59671,-1.56716],[29.59119,-1.56815],[29.58938,-1.57007],[29.5838,-1.5708],[29.58407,-1.57508],[29.58082,-1.5796],[29.58268,-1.58869],[29.58442,-1.58962]]]}},{"type":"Feature","properties":{"d":"Musanze","s":"Nyange"},"geometry":{"type":"Polygon","coordinates":[[[29.66032,-1.45038],[29.65623,-1.42526],[29.65637,-1.41516],[29.66015,-1.40072],[29.65978,-1.39307],[29.6574,-1.39015],[29.64772,-1.38665],[29.62742,-1.38759],[29.60801,-1.38581],[29.59823,-1.38774],[29.59288,-1.38712],[29.60516,-1.40764],[29.60515,-1.4147],[29.60749,-1.41822],[29.60906,-1.4277],[29.61219,-1.43438],[29.60167,-1.44006],[29.59302,-1.44252],[29.58948,-1.44885],[29.58686,-1.45],[29.59009,-1.45795],[29.5894,-1.46447],[29.59776,-1.47243],[29.60079,-1.48078],[29.60622,-1.47904],[29.61853,-1.46965],[29.61912,-1.46806],[29.62175,-1.46749],[29.62343,-1.46913],[29.62674,-1.46916],[29.62906,-1.46637],[29.63272,-1.4682],[29.63309,-1.46665],[29.63105,-1.46488],[29.6319,-1.45964],[29.63017,-1.45481],[29.63115,-1.45366],[29.63309,-1.45429],[29.63586,-1.45098],[29.6394,-1.45214],[29.64804,-1.44968],[29.65419,-1.45187],[29.65709,-1.44999],[29.66032,-1.45038]]]}},{"type":"Feature","properties":{"d":"Musanze","s":"Remera"},"geometry":{"type":"Polygon","coordinates":[[[29.72315,-1.57629],[29.72808,-1.5766],[29.73263,-1.57024],[29.73151,-1.56656],[29.73488,-1.5658],[29.73649,-1.56353],[29.73628,-1.55741],[29.73971,-1.555],[29.73584,-1.54789],[29.73444,-1.54113],[29.73638,-1.5383],[29.73917,-1.53777],[29.7417,-1.53345],[29.73708,-1.52021],[29.73056,-1.51447],[29.73211,-1.51227],[29.73054,-1.51122],[29.73217,-1.50961],[29.73079,-1.50838],[29.73181,-1.50657],[29.72654,-1.50742],[29.71433,-1.51379],[29.71073,-1.52135],[29.70624,-1.52528],[29.70383,-1.52521],[29.698,-1.52931],[29.69616,-1.53104],[29.69592,-1.53457],[29.69192,-1.53715],[29.69293,-1.53934],[29.69535,-1.53994],[29.69841,-1.54721],[29.69825,-1.56088],[29.70398,-1.56019],[29.7062,-1.56328],[29.7128,-1.56624],[29.71484,-1.57028],[29.72315,-1.57629]]]}},{"type":"Feature","properties":{"d":"Musanze","s":"Rwaza"},"geometry":{"type":"Polygon","coordinates":[[[29.69825,-1.56088],[29.69841,-1.54721],[29.69535,-1.53994],[29.69293,-1.53934],[29.69192,-1.53715],[29.68208,-1.53791],[29.67875,-1.53646],[29.67651,-1.53744],[29.67385,-1.53522],[29.67176,-1.53608],[29.67135,-1.53323],[29.66953,-1.53292],[29.66898,-1.52871],[29.66594,-1.52734],[29.66317,-1.52952],[29.65895,-1.52806],[29.65951,-1.52673],[29.65643,-1.52809],[29.65619,-1.53061],[29.65366,-1.53006],[29.64998,-1.53583],[29.64757,-1.53658],[29.64713,-1.54158],[29.64519,-1.54336],[29.6477,-1.54938],[29.64394,-1.55404],[29.64433,-1.55838],[29.6479,-1.56785],[29.64753,-1.57162],[29.65293,-1.57549],[29.65522,-1.5815],[29.6526,-1.5891],[29.64674,-1.59361],[29.64756,-1.59653],[29.64922,-1.59611],[29.65303,-1.59826],[29.65647,-1.59651],[29.66484,-1.59643],[29.66686,-1.59885],[29.66879,-1.59468],[29.66714,-1.59247],[29.67428,-1.59294],[29.67356,-1.59005],[29.67117,-1.58892],[29.66867,-1.57934],[29.67662,-1.58035],[29.67353,-1.57463],[29.67863,-1.57249],[29.67969,-1.56218],[29.68417,-1.55801],[29.6887,-1.56074],[29.69825,-1.56088]]]}},{"type":"Feature","properties":{"d":"Musanze","s":"Shingiro"},"geometry":{"type":"Polygon","coordinates":[[[29.45003,-1.50608],[29.47383,-1.51604],[29.48705,-1.51414],[29.49117,-1.51156],[29.49978,-1.50923],[29.50647,-1.50975],[29.51466,-1.51269],[29.51436,-1.51405],[29.51697,-1.51306],[29.52123,-1.5145],[29.52132,-1.51811],[29.52691,-1.51927],[29.52834,-1.52107],[29.53805,-1.52143],[29.53891,-1.52581],[29.5426,-1.52284],[29.54379,-1.52368],[29.549,-1.52166],[29.55014,-1.51829],[29.55617,-1.51898],[29.55948,-1.52161],[29.56747,-1.52366],[29.57798,-1.52059],[29.58219,-1.52193],[29.58486,-1.51802],[29.5846,-1.51563],[29.57203,-1.50543],[29.57162,-1.50022],[29.5678,-1.49734],[29.57336,-1.49634],[29.57276,-1.49239],[29.57069,-1.4934],[29.56762,-1.4918],[29.56671,-1.48979],[29.5608,-1.48716],[29.55823,-1.48387],[29.54868,-1.48505],[29.53572,-1.47614],[29.52977,-1.47518],[29.52524,-1.4773],[29.52172,-1.47489],[29.51482,-1.47489],[29.50104,-1.48188],[29.49029,-1.47629],[29.48359,-1.47482],[29.47627,-1.47026],[29.45,-1.50602],[29.45003,-1.50608]]]}},{"type":"Feature","properties":{"d":"Burera","s":"Bungwe"},"geometry":{"type":"Polygon","coordinates":[[[29.99366,-1.5018],[29.99289,-1.50071],[29.98843,-1.50226],[29.98523,-1.50093],[29.98071,-1.50147],[29.97588,-1.49297],[29.97653,-1.48989],[29.98342,-1.48612],[29.97994,-1.47626],[29.98039,-1.46982],[29.9847,-1.46804],[29.98392,-1.46542],[29.98818,-1.46215],[29.98589,-1.46103],[29.98271,-1.45416],[29.97862,-1.45661],[29.97764,-1.45878],[29.96116,-1.4619],[29.95133,-1.46561],[29.94934,-1.479],[29.94671,-1.48586],[29.9482,-1.48804],[29.94575,-1.48898],[29.94775,-1.49182],[29.94758,-1.49533],[29.95047,-1.49545],[29.95155,-1.49683],[29.95127,-1.50074],[29.95452,-1.50487],[29.95287,-1.51127],[29.95534,-1.5188],[29.9549,-1.52361],[29.95865,-1.52766],[29.96161,-1.52627],[29.96389,-1.52718],[29.9668,-1.52572],[29.96939,-1.51823],[29.97508,-1.51788],[29.9793,-1.52117],[29.98278,-1.52128],[29.98957,-1.51483],[29.9936,-1.51311],[29.99521,-1.50859],[29.99366,-1.5018]]]}},{"type":"Feature","properties":{"d":"Burera","s":"Butaro"},"geometry":{"type":"Polygon","coordinates":[[[29.88323,-1.39567],[29.88336,-1.38774],[29.88086,-1.37168],[29.88086,-1.36157],[29.88312,-1.35648],[29.87098,-1.35564],[29.86196,-1.36085],[29.85816,-1.35548],[29.85889,-1.3521],[29.85559,-1.34762],[29.85171,-1.34589],[29.85022,-1.34172],[29.8428,-1.34939],[29.83798,-1.35189],[29.83652,-1.35127],[29.83616,-1.35437],[29.83762,-1.35635],[29.83193,-1.35528],[29.82589,-1.36055],[29.82657,-1.36491],[29.82429,-1.36772],[29.82613,-1.36872],[29.8287,-1.3671],[29.82995,-1.36779],[29.82764,-1.37823],[29.82831,-1.38881],[29.82562,-1.39284],[29.81911,-1.39287],[29.81688,-1.39422],[29.81425,-1.40174],[29.80987,-1.40466],[29.81431,-1.42571],[29.8189,-1.42687],[29.82303,-1.42356],[29.8268,-1.42466],[29.82712,-1.42231],[29.8316,-1.42145],[29.83714,-1.42281],[29.85254,-1.43791],[29.85708,-1.44792],[29.86105,-1.45233],[29.86999,-1.44416],[29.87081,-1.43928],[29.88309,-1.43863],[29.8811,-1.43173],[29.87747,-1.42669],[29.87795,-1.42082],[29.87551,-1.41576],[29.87158,-1.41208],[29.87132,-1.40807],[29.87236,-1.40006],[29.87397,-1.40116],[29.8773,-1.40041],[29.88323,-1.39567]]]}},{"type":"Feature","properties":{"d":"Burera","s":"Cyanika"},"geometry":{"type":"Polygon","coordinates":[[[29.7517,-1.34394],[29.73702,-1.3403],[29.71794,-1.34329],[29.71175,-1.34727],[29.70754,-1.35215],[29.70035,-1.35505],[29.69709,-1.36083],[29.6925,-1.36269],[29.68644,-1.37138],[29.69441,-1.39725],[29.69329,-1.40069],[29.70184,-1.39925],[29.70713,-1.40428],[29.72518,-1.41077],[29.72798,-1.4048],[29.72681,-1.401],[29.73058,-1.40195],[29.73205,-1.39732],[29.73542,-1.39795],[29.73516,-1.39937],[29.73999,-1.40319],[29.75023,-1.40308],[29.75543,-1.39594],[29.74917,-1.3916],[29.74891,-1.38784],[29.75032,-1.38784],[29.75119,-1.38553],[29.74584,-1.37958],[29.74731,-1.35836],[29.74447,-1.3488],[29.75085,-1.34656],[29.75127,-1.34788],[29.7517,-1.34394]]]}},{"type":"Feature","properties":{"d":"Burera","s":"Cyeru"},"geometry":{"type":"Polygon","coordinates":[[[29.83712,-1.49784],[29.8291,-1.49636],[29.82423,-1.49969],[29.81968,-1.49292],[29.82175,-1.48632],[29.81663,-1.47533],[29.80023,-1.47645],[29.80226,-1.4891],[29.80597,-1.49542],[29.80622,-1.5029],[29.81155,-1.51117],[29.81208,-1.51629],[29.81576,-1.51858],[29.81889,-1.52685],[29.81707,-1.52787],[29.81698,-1.52994],[29.81954,-1.53129],[29.81872,-1.53322],[29.82466,-1.53945],[29.82441,-1.54329],[29.82958,-1.54945],[29.83153,-1.55087],[29.83741,-1.54727],[29.84046,-1.54896],[29.8448,-1.54577],[29.84345,-1.54235],[29.84436,-1.53749],[29.85217,-1.53244],[29.84906,-1.52228],[29.84309,-1.51976],[29.84636,-1.50953],[29.83712,-1.49784]]]}},{"type":"Feature","properties":{"d":"Burera","s":"Gahunga"},"geometry":{"type":"Polygon","coordinates":[[[29.69418,-1.45976],[29.69606,-1.45772],[29.70208,-1.46279],[29.70308,-1.4678],[29.70798,-1.46988],[29.70766,-1.46354],[29.70932,-1.4628],[29.70899,-1.46136],[29.7106,-1.46196],[29.71609,-1.45883],[29.71987,-1.45173],[29.71729,-1.44896],[29.71563,-1.44383],[29.70992,-1.44497],[29.70616,-1.44358],[29.70817,-1.43977],[29.70438,-1.43771],[29.70244,-1.43257],[29.69734,-1.42685],[29.69748,-1.42245],[29.69096,-1.41491],[29.68971,-1.40965],[29.69329,-1.40069],[29.69441,-1.39725],[29.68644,-1.37138],[29.68324,-1.37777],[29.67834,-1.38284],[29.66809,-1.38639],[29.65978,-1.39307],[29.66015,-1.40072],[29.65637,-1.41516],[29.65623,-1.42526],[29.66032,-1.45038],[29.66418,-1.44776],[29.67149,-1.44626],[29.67282,-1.45606],[29.67454,-1.45782],[29.67633,-1.45639],[29.67962,-1.45668],[29.68564,-1.46167],[29.69205,-1.45902],[29.69418,-1.45976]]]}},{"type":"Feature","properties":{"d":"Burera","s":"Gatebe"},"geometry":{"type":"Polygon","coordinates":[[[29.95127,-1.50074],[29.94526,-1.50014],[29.94022,-1.49634],[29.93872,-1.49656],[29.93796,-1.50021],[29.93442,-1.50277],[29.92885,-1.50036],[29.9197,-1.49963],[29.91321,-1.5012],[29.91127,-1.49787],[29.90166,-1.49972],[29.89791,-1.50186],[29.90819,-1.51478],[29.90819,-1.52394],[29.9094,-1.52332],[29.90992,-1.52741],[29.91062,-1.52985],[29.93118,-1.53758],[29.94315,-1.54958],[29.94852,-1.55789],[29.94894,-1.56136],[29.95217,-1.56199],[29.95587,-1.56544],[29.96425,-1.57432],[29.97145,-1.56975],[29.97269,-1.5868],[29.99105,-1.56903],[29.99751,-1.56867],[29.98984,-1.5565],[29.98209,-1.5507],[29.9794,-1.54549],[29.97413,-1.54373],[29.97264,-1.53775],[29.97069,-1.53619],[29.96982,-1.54077],[29.96645,-1.53984],[29.96649,-1.53715],[29.96161,-1.52627],[29.95865,-1.52766],[29.9549,-1.52361],[29.95534,-1.5188],[29.95287,-1.51127],[29.95452,-1.50487],[29.95127,-1.50074]]]}},{"type":"Feature","properties":{"d":"Burera","s":"Gitovu"},"geometry":{"type":"Polygon","coordinates":[[[29.76497,-1.52948],[29.77405,-1.52804],[29.7815,-1.53236],[29.7828,-1.52496],[29.78705,-1.52487],[29.79145,-1.5267],[29.79691,-1.52538],[29.79996,-1.51628],[29.80633,-1.51641],[29.80878,-1.51793],[29.81208,-1.51629],[29.81155,-1.51117],[29.80622,-1.5029],[29.80597,-1.49542],[29.80226,-1.4891],[29.80023,-1.47645],[29.79174,-1.44375],[29.7874,-1.44588],[29.77101,-1.44639],[29.77113,-1.45584],[29.77358,-1.47869],[29.76711,-1.47897],[29.75778,-1.47552],[29.74706,-1.48189],[29.76023,-1.5057],[29.76497,-1.52948]]]}},{"type":"Feature","properties":{"d":"Burera","s":"Kagogo"},"geometry":{"type":"Polygon","coordinates":[[[29.75023,-1.40308],[29.75723,-1.40483],[29.75737,-1.40748],[29.76074,-1.41055],[29.77431,-1.41861],[29.77755,-1.40343],[29.78123,-1.39719],[29.79257,-1.39196],[29.79723,-1.38738],[29.79475,-1.38178],[29.79702,-1.3799],[29.79552,-1.37946],[29.7963,-1.37805],[29.79445,-1.37558],[29.79656,-1.37257],[29.78389,-1.3673],[29.77728,-1.36604],[29.76326,-1.34984],[29.7517,-1.34394],[29.75127,-1.34788],[29.75085,-1.34656],[29.74447,-1.3488],[29.74731,-1.35836],[29.74584,-1.37958],[29.75119,-1.38553],[29.75032,-1.38784],[29.74891,-1.38784],[29.74917,-1.3916],[29.75543,-1.39594],[29.75023,-1.40308]]]}},{"type":"Feature","properties":{"d":"Burera","s":"Kinoni"},"geometry":{"type":"Polygon","coordinates":[[[29.72943,-1.49136],[29.73632,-1.48942],[29.74706,-1.48189],[29.75778,-1.47552],[29.76711,-1.47897],[29.77358,-1.47869],[29.77113,-1.45584],[29.76982,-1.4563],[29.76539,-1.45284],[29.76343,-1.45501],[29.75896,-1.45267],[29.75866,-1.44757],[29.76,-1.4446],[29.74274,-1.43801],[29.73568,-1.42764],[29.73632,-1.42456],[29.7337,-1.42368],[29.7322,-1.42493],[29.7294,-1.42184],[29.72801,-1.42264],[29.72743,-1.42698],[29.72361,-1.42849],[29.72564,-1.43269],[29.72607,-1.43891],[29.71563,-1.44383],[29.71729,-1.44896],[29.71987,-1.45173],[29.71609,-1.45883],[29.7106,-1.46196],[29.70899,-1.46136],[29.70932,-1.4628],[29.70766,-1.46354],[29.70798,-1.46988],[29.71651,-1.47854],[29.71778,-1.48255],[29.72077,-1.48223],[29.72392,-1.48543],[29.72499,-1.4928],[29.72943,-1.49136]]]}},{"type":"Feature","properties":{"d":"Burera","s":"Kinyababa"},"geometry":{"type":"Polygon","coordinates":[[[29.85022,-1.34172],[29.8494,-1.33825],[29.84117,-1.3333],[29.84205,-1.33059],[29.84024,-1.32588],[29.84317,-1.32276],[29.84229,-1.32026],[29.83734,-1.319],[29.8336,-1.31495],[29.83001,-1.31534],[29.82551,-1.30962],[29.8232,-1.30908],[29.81892,-1.31467],[29.82089,-1.31619],[29.82116,-1.31864],[29.81918,-1.32742],[29.80935,-1.32971],[29.80567,-1.33508],[29.80479,-1.33906],[29.79651,-1.35031],[29.79579,-1.35755],[29.79674,-1.359],[29.79513,-1.36483],[29.79712,-1.37006],[29.79656,-1.37257],[29.79445,-1.37558],[29.7963,-1.37805],[29.79552,-1.37946],[29.79702,-1.3799],[29.79475,-1.38178],[29.79723,-1.38738],[29.79257,-1.39196],[29.78123,-1.39719],[29.77755,-1.40343],[29.77431,-1.41861],[29.77101,-1.44639],[29.7874,-1.44588],[29.79174,-1.44375],[29.79739,-1.43876],[29.80467,-1.42714],[29.81431,-1.42571],[29.80987,-1.40466],[29.81425,-1.40174],[29.81688,-1.39422],[29.81911,-1.39287],[29.82562,-1.39284],[29.82831,-1.38881],[29.82764,-1.37823],[29.82995,-1.36779],[29.8287,-1.3671],[29.82613,-1.36872],[29.82429,-1.36772],[29.82657,-1.36491],[29.82589,-1.36055],[29.83193,-1.35528],[29.83762,-1.35635],[29.83616,-1.35437],[29.83652,-1.35127],[29.83798,-1.35189],[29.8428,-1.34939],[29.85022,-1.34172]]]}},{"type":"Feature","properties":{"d":"Burera","s":"Kivuye"},"geometry":{"type":"Polygon","coordinates":[[[29.95133,-1.46561],[29.9339,-1.47216],[29.92509,-1.47982],[29.91433,-1.48204],[29.90271,-1.46082],[29.89679,-1.45687],[29.89369,-1.45158],[29.89336,-1.44223],[29.89008,-1.43314],[29.89096,-1.42993],[29.88558,-1.4231],[29.88598,-1.41532],[29.88789,-1.4133],[29.8838,-1.40623],[29.88323,-1.39567],[29.8773,-1.40041],[29.87397,-1.40116],[29.87236,-1.40006],[29.87132,-1.40807],[29.87158,-1.41208],[29.87551,-1.41576],[29.87795,-1.42082],[29.87747,-1.42669],[29.8811,-1.43173],[29.88309,-1.43863],[29.87081,-1.43928],[29.86999,-1.44416],[29.86105,-1.45233],[29.8701,-1.45977],[29.86837,-1.46212],[29.872,-1.46613],[29.87462,-1.46697],[29.87497,-1.4686],[29.87659,-1.47225],[29.88761,-1.48105],[29.89791,-1.50186],[29.90166,-1.49972],[29.91127,-1.49787],[29.91321,-1.5012],[29.9197,-1.49963],[29.92885,-1.50036],[29.93442,-1.50277],[29.93796,-1.50021],[29.93872,-1.49656],[29.94022,-1.49634],[29.94526,-1.50014],[29.95127,-1.50074],[29.95155,-1.49683],[29.95047,-1.49545],[29.94758,-1.49533],[29.94775,-1.49182],[29.94575,-1.48898],[29.9482,-1.48804],[29.94671,-1.48586],[29.94934,-1.479],[29.95133,-1.46561]]]}},{"type":"Feature","properties":{"d":"Burera","s":"Nemba"},"geometry":{"type":"Polygon","coordinates":[[[29.8873,-1.61209],[29.893,-1.60824],[29.90532,-1.61097],[29.90376,-1.60357],[29.90515,-1.59501],[29.90093,-1.58963],[29.89895,-1.58941],[29.89451,-1.58488],[29.89353,-1.57485],[29.8887,-1.55845],[29.89052,-1.55649],[29.88355,-1.54835],[29.88407,-1.55207],[29.86858,-1.55993],[29.85766,-1.54235],[29.85574,-1.53593],[29.85217,-1.53244],[29.84436,-1.53749],[29.84345,-1.54235],[29.8448,-1.54577],[29.84046,-1.54896],[29.83741,-1.54727],[29.83153,-1.55087],[29.82958,-1.54945],[29.83335,-1.55709],[29.83464,-1.5565],[29.83638,-1.55817],[29.83585,-1.55966],[29.83746,-1.5596],[29.84026,-1.56287],[29.84005,-1.56508],[29.83775,-1.56579],[29.83866,-1.56701],[29.83712,-1.56928],[29.84144,-1.57802],[29.84285,-1.58021],[29.85363,-1.57984],[29.85565,-1.58503],[29.85463,-1.58974],[29.85715,-1.59514],[29.85848,-1.60692],[29.86048,-1.61017],[29.86433,-1.61265],[29.87084,-1.61164],[29.87324,-1.61294],[29.87457,-1.61006],[29.88209,-1.60912],[29.88598,-1.60909],[29.8873,-1.61209]]]}},{"type":"Feature","properties":{"d":"Burera","s":"Rugarama"},"geometry":{"type":"Polygon","coordinates":[[[29.69329,-1.40069],[29.68971,-1.40965],[29.69096,-1.41491],[29.69748,-1.42245],[29.69734,-1.42685],[29.70244,-1.43257],[29.70438,-1.43771],[29.70817,-1.43977],[29.70616,-1.44358],[29.70992,-1.44497],[29.71563,-1.44383],[29.72607,-1.43891],[29.72564,-1.43269],[29.72361,-1.42849],[29.72743,-1.42698],[29.72801,-1.42264],[29.7294,-1.42184],[29.7322,-1.42493],[29.7337,-1.42368],[29.73632,-1.42456],[29.73568,-1.42764],[29.74274,-1.43801],[29.76,-1.4446],[29.75866,-1.44757],[29.75896,-1.45267],[29.76343,-1.45501],[29.76539,-1.45284],[29.76982,-1.4563],[29.77113,-1.45584],[29.77101,-1.44639],[29.77431,-1.41861],[29.76074,-1.41055],[29.75737,-1.40748],[29.75723,-1.40483],[29.75023,-1.40308],[29.73999,-1.40319],[29.73516,-1.39937],[29.73542,-1.39795],[29.73205,-1.39732],[29.73058,-1.40195],[29.72681,-1.401],[29.72798,-1.4048],[29.72518,-1.41077],[29.70713,-1.40428],[29.70184,-1.39925],[29.69329,-1.40069]]]}},{"type":"Feature","properties":{"d":"Burera","s":"Rugengabari"},"geometry":{"type":"Polygon","coordinates":[[[29.83585,-1.55966],[29.83638,-1.55817],[29.83464,-1.5565],[29.83335,-1.55709],[29.82958,-1.54945],[29.82441,-1.54329],[29.82466,-1.53945],[29.81872,-1.53322],[29.81954,-1.53129],[29.81698,-1.52994],[29.81707,-1.52787],[29.81889,-1.52685],[29.81576,-1.51858],[29.81208,-1.51629],[29.80878,-1.51793],[29.80633,-1.51641],[29.79996,-1.51628],[29.79691,-1.52538],[29.79145,-1.5267],[29.78705,-1.52487],[29.7828,-1.52496],[29.7815,-1.53236],[29.77405,-1.52804],[29.76497,-1.52948],[29.76504,-1.53907],[29.76175,-1.54968],[29.77057,-1.55429],[29.77426,-1.55995],[29.77947,-1.55905],[29.78178,-1.56152],[29.78177,-1.56593],[29.78664,-1.56914],[29.79472,-1.56657],[29.79716,-1.56804],[29.8043,-1.56571],[29.80468,-1.56385],[29.81293,-1.56651],[29.81331,-1.56501],[29.82267,-1.56139],[29.82677,-1.56256],[29.83585,-1.55966]]]}},{"type":"Feature","properties":{"d":"Burera","s":"Ruhunde"},"geometry":{"type":"Polygon","coordinates":[[[29.94318,-1.5965],[29.94395,-1.59573],[29.94897,-1.59749],[29.94766,-1.59359],[29.95178,-1.59538],[29.9545,-1.5931],[29.9513,-1.58267],[29.95112,-1.57651],[29.95587,-1.56544],[29.95217,-1.56199],[29.94894,-1.56136],[29.94852,-1.55789],[29.94315,-1.54958],[29.93118,-1.53758],[29.91062,-1.52985],[29.90992,-1.52741],[29.89056,-1.53184],[29.8798,-1.53843],[29.88355,-1.54835],[29.89052,-1.55649],[29.8887,-1.55845],[29.89353,-1.57485],[29.89451,-1.58488],[29.89895,-1.58941],[29.90093,-1.58963],[29.90948,-1.58979],[29.91457,-1.59229],[29.91708,-1.59582],[29.91781,-1.59385],[29.9209,-1.59342],[29.92228,-1.59171],[29.92845,-1.59322],[29.93614,-1.59757],[29.94163,-1.59512],[29.94318,-1.5965]]]}},{"type":"Feature","properties":{"d":"Burera","s":"Rusarabuye"},"geometry":{"type":"Polygon","coordinates":[[[29.81431,-1.42571],[29.80467,-1.42714],[29.79739,-1.43876],[29.79174,-1.44375],[29.80023,-1.47645],[29.81663,-1.47533],[29.82175,-1.48632],[29.81968,-1.49292],[29.82423,-1.49969],[29.8291,-1.49636],[29.83712,-1.49784],[29.83758,-1.49193],[29.83322,-1.48552],[29.8297,-1.47149],[29.84141,-1.46826],[29.84751,-1.48088],[29.85488,-1.47665],[29.87114,-1.47047],[29.87382,-1.46727],[29.87497,-1.4686],[29.87462,-1.46697],[29.872,-1.46613],[29.86837,-1.46212],[29.8701,-1.45977],[29.86105,-1.45233],[29.85708,-1.44792],[29.85254,-1.43791],[29.83714,-1.42281],[29.8316,-1.42145],[29.82712,-1.42231],[29.8268,-1.42466],[29.82303,-1.42356],[29.8189,-1.42687],[29.81431,-1.42571]]]}},{"type":"Feature","properties":{"d":"Burera","s":"Rwerere"},"geometry":{"type":"Polygon","coordinates":[[[29.85217,-1.53244],[29.85574,-1.53593],[29.85766,-1.54235],[29.86858,-1.55993],[29.88407,-1.55207],[29.88355,-1.54835],[29.8798,-1.53843],[29.89056,-1.53184],[29.90992,-1.52741],[29.9094,-1.52332],[29.90819,-1.52394],[29.90819,-1.51478],[29.89791,-1.50186],[29.88761,-1.48105],[29.87659,-1.47225],[29.87497,-1.4686],[29.87382,-1.46727],[29.87114,-1.47047],[29.85488,-1.47665],[29.84751,-1.48088],[29.84141,-1.46826],[29.8297,-1.47149],[29.83322,-1.48552],[29.83758,-1.49193],[29.83712,-1.49784],[29.84636,-1.50953],[29.84309,-1.51976],[29.84906,-1.52228],[29.85217,-1.53244]]]}},{"type":"Feature","properties":{"d":"Gicumbi","s":"Bukure"},"geometry":{"type":"Polygon","coordinates":[[[30.24777,-1.84575],[30.25608,-1.84161],[30.26032,-1.82866],[30.25647,-1.82575],[30.25177,-1.81755],[30.25086,-1.80538],[30.24297,-1.79637],[30.23629,-1.78329],[30.22601,-1.77511],[30.22106,-1.77993],[30.21989,-1.78161],[30.2207,-1.78225],[30.21835,-1.783],[30.21711,-1.78673],[30.21033,-1.78584],[30.20511,-1.78849],[30.20052,-1.78566],[30.19359,-1.78637],[30.18904,-1.79107],[30.18625,-1.79068],[30.18612,-1.79362],[30.18148,-1.79903],[30.17478,-1.80144],[30.18197,-1.8054],[30.1899,-1.81334],[30.1919,-1.81738],[30.19681,-1.82115],[30.20353,-1.83074],[30.21331,-1.83538],[30.21737,-1.84084],[30.22161,-1.8423],[30.23736,-1.84603],[30.24777,-1.84575]]]}},{"type":"Feature","properties":{"d":"Gicumbi","s":"Bwisige"},"geometry":{"type":"Polygon","coordinates":[[[30.18133,-1.51877],[30.17934,-1.51734],[30.17641,-1.51859],[30.17144,-1.51767],[30.15931,-1.52002],[30.15648,-1.51935],[30.15066,-1.52216],[30.14834,-1.52713],[30.1445,-1.52929],[30.14038,-1.52688],[30.13238,-1.52958],[30.13241,-1.53287],[30.12518,-1.53428],[30.12234,-1.52959],[30.11807,-1.53019],[30.11149,-1.52376],[30.10349,-1.52126],[30.10202,-1.52688],[30.10835,-1.53321],[30.11121,-1.54076],[30.1075,-1.54779],[30.10857,-1.55386],[30.10677,-1.55722],[30.10833,-1.56189],[30.10662,-1.5634],[30.1007,-1.56029],[30.09628,-1.55994],[30.09243,-1.56133],[30.09208,-1.56012],[30.08611,-1.56207],[30.07929,-1.56673],[30.08374,-1.5725],[30.0912,-1.57701],[30.0923,-1.57899],[30.09696,-1.57814],[30.10442,-1.5796],[30.10842,-1.57468],[30.11481,-1.57057],[30.11907,-1.57083],[30.11985,-1.57299],[30.12263,-1.57042],[30.12601,-1.57011],[30.12718,-1.56842],[30.1291,-1.56917],[30.13139,-1.56725],[30.13383,-1.5687],[30.13656,-1.57373],[30.13816,-1.58422],[30.14145,-1.58557],[30.14314,-1.58976],[30.14485,-1.59006],[30.14464,-1.59324],[30.14835,-1.59347],[30.15065,-1.59739],[30.16162,-1.59111],[30.16552,-1.58567],[30.17057,-1.58239],[30.16908,-1.56651],[30.16324,-1.55598],[30.16249,-1.54292],[30.16416,-1.53728],[30.16702,-1.53432],[30.17358,-1.5333],[30.17809,-1.53097],[30.18133,-1.51877]]]}},{"type":"Feature","properties":{"d":"Gicumbi","s":"Byumba"},"geometry":{"type":"Polygon","coordinates":[[[30.0646,-1.63543],[30.06431,-1.63242],[30.06656,-1.6286],[30.0653,-1.62338],[30.06596,-1.61284],[30.06154,-1.60273],[30.06362,-1.60178],[30.0643,-1.59776],[30.06979,-1.5922],[30.07755,-1.59058],[30.07896,-1.59345],[30.08636,-1.59188],[30.08262,-1.58148],[30.08488,-1.57522],[30.08374,-1.5725],[30.07929,-1.56673],[30.07549,-1.56266],[30.07183,-1.56108],[30.05133,-1.54054],[30.04528,-1.53079],[30.03381,-1.51603],[30.02684,-1.52438],[30.01736,-1.54002],[30.01488,-1.54095],[30.0131,-1.5437],[30.01303,-1.54965],[30.01777,-1.56034],[30.02477,-1.56853],[30.02858,-1.58094],[30.03337,-1.58709],[30.03493,-1.60195],[30.04125,-1.61104],[30.05354,-1.61826],[30.05762,-1.62681],[30.0646,-1.63543]]]}},{"type":"Feature","properties":{"d":"Gicumbi","s":"Cyumba"},"geometry":{"type":"Polygon","coordinates":[[[29.99521,-1.50859],[30.00328,-1.50607],[30.00923,-1.51418],[30.01147,-1.51481],[30.01875,-1.51158],[30.02716,-1.50228],[30.03121,-1.50221],[30.0311,-1.48465],[30.01646,-1.42533],[30.0134,-1.42004],[30.01162,-1.42468],[30.01291,-1.42836],[30.01069,-1.43428],[30.01063,-1.44944],[30.00784,-1.4536],[30.0065,-1.46052],[30.00979,-1.46781],[30.00857,-1.46814],[30.00763,-1.47185],[30.00522,-1.47207],[30.00161,-1.47635],[30.00437,-1.49094],[30.00135,-1.49157],[29.99943,-1.49451],[29.99161,-1.49475],[29.99366,-1.5018],[29.99521,-1.50859]]]}},{"type":"Feature","properties":{"d":"Gicumbi","s":"Giti"},"geometry":{"type":"Polygon","coordinates":[[[30.26032,-1.82866],[30.26406,-1.82797],[30.27113,-1.83157],[30.27562,-1.83047],[30.27126,-1.81727],[30.2751,-1.80698],[30.27419,-1.79534],[30.26281,-1.78005],[30.25555,-1.76185],[30.25385,-1.75308],[30.25113,-1.74929],[30.24417,-1.74579],[30.22858,-1.75076],[30.22518,-1.74979],[30.21591,-1.74246],[30.21323,-1.74221],[30.20654,-1.73378],[30.20204,-1.7315],[30.19932,-1.732],[30.19553,-1.73743],[30.19484,-1.74899],[30.19836,-1.75434],[30.21198,-1.76454],[30.21439,-1.7649],[30.22184,-1.7738],[30.22601,-1.77511],[30.23629,-1.78329],[30.24297,-1.79637],[30.25086,-1.80538],[30.25177,-1.81755],[30.25647,-1.82575],[30.26032,-1.82866]]]}},{"type":"Feature","properties":{"d":"Gicumbi","s":"Kageyo"},"geometry":{"type":"Polygon","coordinates":[[[30.07636,-1.651],[30.08088,-1.66211],[30.08389,-1.66308],[30.08475,-1.66654],[30.08792,-1.66813],[30.0907,-1.6726],[30.09382,-1.67217],[30.09679,-1.67394],[30.09648,-1.67251],[30.10145,-1.66582],[30.10608,-1.66235],[30.11486,-1.65879],[30.11585,-1.6563],[30.11014,-1.63876],[30.10344,-1.62968],[30.10175,-1.62267],[30.09812,-1.61794],[30.09807,-1.6128],[30.08734,-1.59773],[30.08636,-1.59188],[30.07896,-1.59345],[30.07755,-1.59058],[30.06979,-1.5922],[30.0643,-1.59776],[30.06362,-1.60178],[30.06154,-1.60273],[30.06596,-1.61284],[30.0653,-1.62338],[30.06656,-1.6286],[30.06431,-1.63242],[30.0646,-1.63543],[30.07636,-1.651]]]}},{"type":"Feature","properties":{"d":"Gicumbi","s":"Kaniga"},"geometry":{"type":"Polygon","coordinates":[[[30.0311,-1.48465],[30.03576,-1.48435],[30.04484,-1.49013],[30.05123,-1.48531],[30.05448,-1.47703],[30.05711,-1.474],[30.05596,-1.46847],[30.05733,-1.4658],[30.05289,-1.45741],[30.05001,-1.45524],[30.0481,-1.44996],[30.05496,-1.45102],[30.06178,-1.44582],[30.0663,-1.44683],[30.06733,-1.44497],[30.0698,-1.44575],[30.0685,-1.43508],[30.07764,-1.42955],[30.07523,-1.42531],[30.07493,-1.42096],[30.07681,-1.41666],[30.08273,-1.41349],[30.08374,-1.40764],[30.08282,-1.4031],[30.0756,-1.39244],[30.07073,-1.39191],[30.05139,-1.39813],[30.05415,-1.41241],[30.05396,-1.41803],[30.05586,-1.42134],[30.0543,-1.42968],[30.05244,-1.43135],[30.0425,-1.42724],[30.03698,-1.42088],[30.0258,-1.41747],[30.02421,-1.41511],[30.0134,-1.42004],[30.01646,-1.42533],[30.0311,-1.48465]]]}},{"type":"Feature","properties":{"d":"Gicumbi","s":"Manyagiro"},"geometry":{"type":"Polygon","coordinates":[[[29.96161,-1.52627],[29.96649,-1.53715],[29.96645,-1.53984],[29.96982,-1.54077],[29.97069,-1.53619],[29.97264,-1.53775],[29.97413,-1.54373],[29.9794,-1.54549],[29.98209,-1.5507],[29.98984,-1.5565],[29.99751,-1.56867],[30.00265,-1.56979],[30.01777,-1.56034],[30.01303,-1.54965],[30.0131,-1.5437],[30.01488,-1.54095],[30.01736,-1.54002],[30.02684,-1.52438],[30.03381,-1.51603],[30.03121,-1.50221],[30.02716,-1.50228],[30.01875,-1.51158],[30.01147,-1.51481],[30.00923,-1.51418],[30.00328,-1.50607],[29.99521,-1.50859],[29.9936,-1.51311],[29.98957,-1.51483],[29.98278,-1.52128],[29.9793,-1.52117],[29.97508,-1.51788],[29.96939,-1.51823],[29.9668,-1.52572],[29.96389,-1.52718],[29.96161,-1.52627]]]}},{"type":"Feature","properties":{"d":"Gicumbi","s":"Miyove"},"geometry":{"type":"Polygon","coordinates":[[[29.99989,-1.66148],[30.00728,-1.65178],[30.01408,-1.65428],[30.0181,-1.65409],[30.01617,-1.6471],[30.01314,-1.64298],[30.01395,-1.63119],[30.0105,-1.62262],[30.00089,-1.61271],[29.99798,-1.61332],[29.99939,-1.61672],[29.99936,-1.62306],[29.98716,-1.61812],[29.98471,-1.61495],[29.98092,-1.61403],[29.97413,-1.60278],[29.97269,-1.5868],[29.97145,-1.56975],[29.96425,-1.57432],[29.95587,-1.56544],[29.95112,-1.57651],[29.9513,-1.58267],[29.9545,-1.5931],[29.95178,-1.59538],[29.94766,-1.59359],[29.94897,-1.59749],[29.94395,-1.59573],[29.95054,-1.60415],[29.95781,-1.60728],[29.95959,-1.6114],[29.95829,-1.61474],[29.96305,-1.61693],[29.96661,-1.6205],[29.96733,-1.62884],[29.97459,-1.63917],[29.97855,-1.6391],[29.97886,-1.6363],[29.98264,-1.63232],[29.98717,-1.63383],[29.99399,-1.64136],[29.99989,-1.66148]]]}},{"type":"Feature","properties":{"d":"Gicumbi","s":"Mukarange"},"geometry":{"type":"Polygon","coordinates":[[[30.04528,-1.53079],[30.05122,-1.52584],[30.05051,-1.51757],[30.05483,-1.51843],[30.06248,-1.52662],[30.06953,-1.52909],[30.0722,-1.52784],[30.07222,-1.52547],[30.06984,-1.52485],[30.06857,-1.52207],[30.06421,-1.51853],[30.06159,-1.50019],[30.06234,-1.49805],[30.07098,-1.49118],[30.07968,-1.5024],[30.08364,-1.51069],[30.09483,-1.51221],[30.09785,-1.50299],[30.10559,-1.49984],[30.10183,-1.49602],[30.10719,-1.49428],[30.11005,-1.49078],[30.10603,-1.48635],[30.10647,-1.48338],[30.10416,-1.47779],[30.09955,-1.471],[30.09377,-1.46869],[30.09055,-1.45896],[30.08849,-1.45908],[30.08821,-1.462],[30.07651,-1.46463],[30.07457,-1.46211],[30.07499,-1.45908],[30.07266,-1.45249],[30.06932,-1.45193],[30.0698,-1.44575],[30.06733,-1.44497],[30.0663,-1.44683],[30.06178,-1.44582],[30.05496,-1.45102],[30.0481,-1.44996],[30.05001,-1.45524],[30.05289,-1.45741],[30.05733,-1.4658],[30.05596,-1.46847],[30.05711,-1.474],[30.05448,-1.47703],[30.05123,-1.48531],[30.04484,-1.49013],[30.03576,-1.48435],[30.0311,-1.48465],[30.03121,-1.50221],[30.03381,-1.51603],[30.04528,-1.53079]]]}},{"type":"Feature","properties":{"d":"Gicumbi","s":"Muko"},"geometry":{"type":"Polygon","coordinates":[[[30.25385,-1.75308],[30.25342,-1.74574],[30.25482,-1.73791],[30.25224,-1.72772],[30.24709,-1.72198],[30.24701,-1.71975],[30.26296,-1.7085],[30.25672,-1.69657],[30.25238,-1.69208],[30.25242,-1.68693],[30.24607,-1.68036],[30.24237,-1.67397],[30.23919,-1.67213],[30.23728,-1.67488],[30.23465,-1.6746],[30.23131,-1.67703],[30.23007,-1.67979],[30.22922,-1.67932],[30.22897,-1.68199],[30.22605,-1.68432],[30.22448,-1.68343],[30.22212,-1.68735],[30.22146,-1.68654],[30.21515,-1.69234],[30.20629,-1.69721],[30.20028,-1.68532],[30.19861,-1.68404],[30.1968,-1.68501],[30.1903,-1.68628],[30.18718,-1.68857],[30.18023,-1.696],[30.17975,-1.70425],[30.17578,-1.7088],[30.18,-1.71554],[30.19612,-1.72528],[30.20204,-1.7315],[30.20654,-1.73378],[30.21323,-1.74221],[30.21591,-1.74246],[30.22518,-1.74979],[30.22858,-1.75076],[30.24417,-1.74579],[30.25113,-1.74929],[30.25385,-1.75308]]]}},{"type":"Feature","properties":{"d":"Gicumbi","s":"Mutete"},"geometry":{"type":"Polygon","coordinates":[[[30.08208,-1.74346],[30.08626,-1.75159],[30.0844,-1.75647],[30.09095,-1.76185],[30.09384,-1.76782],[30.09782,-1.7697],[30.09919,-1.77272],[30.11417,-1.77522],[30.11708,-1.77181],[30.12245,-1.77097],[30.12781,-1.77366],[30.12571,-1.75632],[30.12754,-1.75161],[30.12678,-1.74975],[30.12916,-1.7481],[30.12999,-1.74514],[30.1274,-1.74003],[30.12436,-1.73828],[30.12262,-1.73135],[30.12092,-1.73136],[30.12004,-1.72971],[30.11853,-1.72324],[30.1189,-1.71635],[30.12088,-1.71745],[30.12299,-1.71635],[30.12499,-1.71444],[30.12033,-1.70464],[30.12097,-1.70303],[30.11893,-1.70215],[30.11473,-1.6942],[30.10855,-1.68956],[30.10481,-1.68124],[30.10321,-1.68104],[30.09679,-1.67394],[30.09382,-1.67217],[30.0907,-1.6726],[30.08792,-1.66813],[30.08475,-1.66654],[30.08389,-1.66308],[30.08088,-1.66211],[30.07636,-1.651],[30.07169,-1.65218],[30.06328,-1.65952],[30.06051,-1.65891],[30.06191,-1.66111],[30.05536,-1.66603],[30.05509,-1.66907],[30.0574,-1.67139],[30.05639,-1.67381],[30.05833,-1.67449],[30.0634,-1.68724],[30.0665,-1.68811],[30.07213,-1.69681],[30.07322,-1.70145],[30.07849,-1.70514],[30.08169,-1.71426],[30.08341,-1.71493],[30.08393,-1.71699],[30.0815,-1.72213],[30.07693,-1.72593],[30.07587,-1.7329],[30.08179,-1.74005],[30.08208,-1.74346]]]}},{"type":"Feature","properties":{"d":"Gicumbi","s":"Nyamiyaga"},"geometry":{"type":"Polygon","coordinates":[[[30.09679,-1.67394],[30.10321,-1.68104],[30.10481,-1.68124],[30.10855,-1.68956],[30.11473,-1.6942],[30.11893,-1.70215],[30.12097,-1.70303],[30.12033,-1.70464],[30.12499,-1.71444],[30.12299,-1.71635],[30.12845,-1.71837],[30.13448,-1.72335],[30.1354,-1.72089],[30.13705,-1.72123],[30.14346,-1.71408],[30.14298,-1.70604],[30.14682,-1.70142],[30.14608,-1.69906],[30.14792,-1.69413],[30.1562,-1.69066],[30.15871,-1.6879],[30.17023,-1.6884],[30.17686,-1.68629],[30.17904,-1.68776],[30.18718,-1.68857],[30.1903,-1.68628],[30.1968,-1.68501],[30.18349,-1.6688],[30.17561,-1.66752],[30.17394,-1.66483],[30.16911,-1.66271],[30.16828,-1.65618],[30.16298,-1.65053],[30.15559,-1.6516],[30.15351,-1.65357],[30.15359,-1.65105],[30.14943,-1.65142],[30.14658,-1.65412],[30.13973,-1.65593],[30.13784,-1.65775],[30.13771,-1.66219],[30.13682,-1.66349],[30.13633,-1.66254],[30.13304,-1.66359],[30.13398,-1.6655],[30.13294,-1.669],[30.12971,-1.67172],[30.12474,-1.67196],[30.12172,-1.66851],[30.11936,-1.6613],[30.11486,-1.65879],[30.10608,-1.66235],[30.10145,-1.66582],[30.09648,-1.67251],[30.09679,-1.67394]]]}},{"type":"Feature","properties":{"d":"Gicumbi","s":"Nyankenke"},"geometry":{"type":"Polygon","coordinates":[[[30.03493,-1.60195],[30.03337,-1.58709],[30.02858,-1.58094],[30.02477,-1.56853],[30.01777,-1.56034],[30.00265,-1.56979],[29.99751,-1.56867],[29.99105,-1.56903],[29.97269,-1.5868],[29.97413,-1.60278],[29.98092,-1.61403],[29.98471,-1.61495],[29.98716,-1.61812],[29.99936,-1.62306],[29.99939,-1.61672],[29.99798,-1.61332],[30.00089,-1.61271],[30.0105,-1.62262],[30.01245,-1.61937],[30.01938,-1.61635],[30.0221,-1.61083],[30.03222,-1.60532],[30.03493,-1.60195]]]}},{"type":"Feature","properties":{"d":"Gicumbi","s":"Rubaya"},"geometry":{"type":"Polygon","coordinates":[[[29.99366,-1.5018],[29.99161,-1.49475],[29.99943,-1.49451],[30.00135,-1.49157],[30.00437,-1.49094],[30.00161,-1.47635],[30.00522,-1.47207],[30.00763,-1.47185],[30.00857,-1.46814],[30.00979,-1.46781],[30.0065,-1.46052],[30.00784,-1.4536],[30.01063,-1.44944],[30.01069,-1.43428],[30.01291,-1.42836],[30.01162,-1.42468],[30.00825,-1.42895],[30.00231,-1.43225],[29.9967,-1.44639],[29.99061,-1.45033],[29.98701,-1.45069],[29.98271,-1.45416],[29.98589,-1.46103],[29.98818,-1.46215],[29.98392,-1.46542],[29.9847,-1.46804],[29.98039,-1.46982],[29.97994,-1.47626],[29.98342,-1.48612],[29.97653,-1.48989],[29.97588,-1.49297],[29.98071,-1.50147],[29.98523,-1.50093],[29.98843,-1.50226],[29.99289,-1.50071],[29.99366,-1.5018]]]}},{"type":"Feature","properties":{"d":"Gicumbi","s":"Rukomo"},"geometry":{"type":"Polygon","coordinates":[[[30.08374,-1.5725],[30.08488,-1.57522],[30.08262,-1.58148],[30.08636,-1.59188],[30.08734,-1.59773],[30.09807,-1.6128],[30.09812,-1.61794],[30.10175,-1.62267],[30.10344,-1.62968],[30.11014,-1.63876],[30.11585,-1.6563],[30.11486,-1.65879],[30.11936,-1.6613],[30.12172,-1.66851],[30.12474,-1.67196],[30.12971,-1.67172],[30.13294,-1.669],[30.13398,-1.6655],[30.13304,-1.66359],[30.13633,-1.66254],[30.13682,-1.66349],[30.13771,-1.66219],[30.13784,-1.65775],[30.13973,-1.65593],[30.14658,-1.65412],[30.14943,-1.65142],[30.15359,-1.65105],[30.15811,-1.64847],[30.1591,-1.64545],[30.16288,-1.64261],[30.15621,-1.63878],[30.15346,-1.63505],[30.1546,-1.63333],[30.1538,-1.62681],[30.14984,-1.628],[30.1459,-1.62633],[30.14493,-1.62145],[30.14256,-1.62046],[30.1429,-1.61799],[30.14757,-1.61359],[30.14436,-1.60856],[30.14221,-1.60934],[30.13562,-1.59699],[30.14007,-1.59068],[30.14314,-1.58976],[30.14145,-1.58557],[30.13816,-1.58422],[30.13656,-1.57373],[30.13383,-1.5687],[30.13139,-1.56725],[30.1291,-1.56917],[30.12718,-1.56842],[30.12601,-1.57011],[30.12263,-1.57042],[30.11985,-1.57299],[30.11907,-1.57083],[30.11481,-1.57057],[30.10842,-1.57468],[30.10442,-1.5796],[30.09696,-1.57814],[30.0923,-1.57899],[30.0912,-1.57701],[30.08374,-1.5725]]]}},{"type":"Feature","properties":{"d":"Gicumbi","s":"Rushaki"},"geometry":{"type":"Polygon","coordinates":[[[30.14038,-1.52688],[30.13845,-1.51658],[30.14301,-1.51492],[30.14529,-1.51575],[30.14554,-1.51412],[30.14216,-1.50275],[30.13378,-1.49475],[30.13657,-1.49102],[30.1336,-1.48154],[30.12922,-1.47837],[30.12601,-1.47939],[30.12467,-1.47268],[30.12583,-1.47182],[30.12244,-1.46911],[30.12359,-1.46569],[30.12022,-1.46173],[30.11712,-1.45245],[30.1148,-1.4505],[30.11524,-1.44825],[30.11118,-1.44631],[30.11033,-1.44398],[30.10814,-1.44381],[30.10645,-1.44051],[30.10668,-1.43694],[30.09926,-1.43485],[30.1008,-1.43322],[30.09841,-1.42564],[30.09539,-1.42621],[30.09257,-1.42038],[30.09363,-1.41294],[30.09154,-1.41185],[30.08273,-1.41349],[30.07681,-1.41666],[30.07493,-1.42096],[30.07523,-1.42531],[30.07764,-1.42955],[30.0685,-1.43508],[30.0698,-1.44575],[30.06932,-1.45193],[30.07266,-1.45249],[30.07499,-1.45908],[30.07457,-1.46211],[30.07651,-1.46463],[30.08821,-1.462],[30.08849,-1.45908],[30.09055,-1.45896],[30.09377,-1.46869],[30.09955,-1.471],[30.10416,-1.47779],[30.10647,-1.48338],[30.10603,-1.48635],[30.11005,-1.49078],[30.10719,-1.49428],[30.10183,-1.49602],[30.10559,-1.49984],[30.09785,-1.50299],[30.09483,-1.51221],[30.10349,-1.52126],[30.11149,-1.52376],[30.11807,-1.53019],[30.12234,-1.52959],[30.12518,-1.53428],[30.13241,-1.53287],[30.13238,-1.52958],[30.14038,-1.52688]]]}},{"type":"Feature","properties":{"d":"Gicumbi","s":"Rutare"},"geometry":{"type":"Polygon","coordinates":[[[30.15593,-1.79195],[30.15669,-1.7874],[30.16325,-1.77708],[30.16557,-1.77059],[30.16424,-1.7651],[30.16173,-1.7619],[30.16476,-1.75416],[30.17638,-1.74855],[30.17732,-1.74645],[30.18142,-1.74625],[30.18546,-1.74135],[30.18663,-1.74209],[30.18745,-1.73689],[30.18347,-1.73324],[30.1855,-1.73268],[30.18566,-1.73127],[30.18076,-1.7269],[30.18481,-1.72892],[30.18801,-1.72878],[30.18962,-1.73235],[30.19306,-1.73221],[30.19553,-1.73743],[30.19932,-1.732],[30.20204,-1.7315],[30.19612,-1.72528],[30.18,-1.71554],[30.17578,-1.7088],[30.17975,-1.70425],[30.18023,-1.696],[30.18718,-1.68857],[30.17904,-1.68776],[30.17686,-1.68629],[30.17023,-1.6884],[30.15871,-1.6879],[30.1562,-1.69066],[30.14792,-1.69413],[30.14608,-1.69906],[30.14682,-1.70142],[30.14298,-1.70604],[30.14346,-1.71408],[30.13705,-1.72123],[30.1354,-1.72089],[30.13448,-1.72335],[30.12845,-1.71837],[30.12299,-1.71635],[30.12088,-1.71745],[30.1189,-1.71635],[30.11853,-1.72324],[30.12004,-1.72971],[30.12092,-1.73136],[30.12262,-1.73135],[30.12436,-1.73828],[30.1274,-1.74003],[30.12999,-1.74514],[30.12916,-1.7481],[30.12678,-1.74975],[30.12754,-1.75161],[30.12571,-1.75632],[30.12781,-1.77366],[30.12997,-1.77765],[30.13296,-1.7796],[30.13288,-1.78386],[30.13811,-1.77966],[30.14243,-1.78058],[30.1467,-1.79197],[30.15593,-1.79195]]]}},{"type":"Feature","properties":{"d":"Gicumbi","s":"Ruvune"},"geometry":{"type":"Polygon","coordinates":[[[30.14314,-1.58976],[30.14007,-1.59068],[30.13562,-1.59699],[30.14221,-1.60934],[30.14436,-1.60856],[30.14757,-1.61359],[30.1429,-1.61799],[30.14256,-1.62046],[30.14493,-1.62145],[30.1459,-1.62633],[30.14984,-1.628],[30.1538,-1.62681],[30.1546,-1.63333],[30.15346,-1.63505],[30.15621,-1.63878],[30.16288,-1.64261],[30.1591,-1.64545],[30.15811,-1.64847],[30.15359,-1.65105],[30.15351,-1.65357],[30.15559,-1.6516],[30.16298,-1.65053],[30.16828,-1.65618],[30.16911,-1.66271],[30.17394,-1.66483],[30.17561,-1.66752],[30.18349,-1.6688],[30.1968,-1.68501],[30.19861,-1.68404],[30.20028,-1.68532],[30.20629,-1.69721],[30.21515,-1.69234],[30.22146,-1.68654],[30.22212,-1.68735],[30.22448,-1.68343],[30.22605,-1.68432],[30.22897,-1.68199],[30.22922,-1.67932],[30.23007,-1.67979],[30.23131,-1.67703],[30.23465,-1.6746],[30.23728,-1.67488],[30.23919,-1.67213],[30.23579,-1.67196],[30.22774,-1.66792],[30.22705,-1.66175],[30.22427,-1.65747],[30.22403,-1.65079],[30.22004,-1.65224],[30.21656,-1.65023],[30.21614,-1.64441],[30.21064,-1.63843],[30.2111,-1.63322],[30.20816,-1.62757],[30.206,-1.62688],[30.20137,-1.62858],[30.19723,-1.62423],[30.19409,-1.62557],[30.18946,-1.61306],[30.18285,-1.60581],[30.17057,-1.58239],[30.16552,-1.58567],[30.16162,-1.59111],[30.15065,-1.59739],[30.14835,-1.59347],[30.14464,-1.59324],[30.14485,-1.59006],[30.14314,-1.58976]]]}},{"type":"Feature","properties":{"d":"Gicumbi","s":"Rwamiko"},"geometry":{"type":"Polygon","coordinates":[[[30.17478,-1.80144],[30.18148,-1.79903],[30.18612,-1.79362],[30.18625,-1.79068],[30.18904,-1.79107],[30.19359,-1.78637],[30.20052,-1.78566],[30.20511,-1.78849],[30.21033,-1.78584],[30.21711,-1.78673],[30.21835,-1.783],[30.2207,-1.78225],[30.21989,-1.78161],[30.22106,-1.77993],[30.22601,-1.77511],[30.22184,-1.7738],[30.21439,-1.7649],[30.21198,-1.76454],[30.19836,-1.75434],[30.19484,-1.74899],[30.19553,-1.73743],[30.19306,-1.73221],[30.18962,-1.73235],[30.18801,-1.72878],[30.18481,-1.72892],[30.18076,-1.7269],[30.18566,-1.73127],[30.1855,-1.73268],[30.18347,-1.73324],[30.18745,-1.73689],[30.18663,-1.74209],[30.18546,-1.74135],[30.18142,-1.74625],[30.17732,-1.74645],[30.17638,-1.74855],[30.16476,-1.75416],[30.16173,-1.7619],[30.16424,-1.7651],[30.16557,-1.77059],[30.16325,-1.77708],[30.15669,-1.7874],[30.15593,-1.79195],[30.16055,-1.78993],[30.16392,-1.7908],[30.17258,-1.79716],[30.17478,-1.80144]]]}},{"type":"Feature","properties":{"d":"Gicumbi","s":"Shangasha"},"geometry":{"type":"Polygon","coordinates":[[[30.10349,-1.52126],[30.09483,-1.51221],[30.08364,-1.51069],[30.07968,-1.5024],[30.07098,-1.49118],[30.06234,-1.49805],[30.06159,-1.50019],[30.06421,-1.51853],[30.06857,-1.52207],[30.06984,-1.52485],[30.07222,-1.52547],[30.0722,-1.52784],[30.06953,-1.52909],[30.06248,-1.52662],[30.05483,-1.51843],[30.05051,-1.51757],[30.05122,-1.52584],[30.04528,-1.53079],[30.05133,-1.54054],[30.07183,-1.56108],[30.07549,-1.56266],[30.07929,-1.56673],[30.08611,-1.56207],[30.09208,-1.56012],[30.09243,-1.56133],[30.09628,-1.55994],[30.1007,-1.56029],[30.10662,-1.5634],[30.10833,-1.56189],[30.10677,-1.55722],[30.10857,-1.55386],[30.1075,-1.54779],[30.11121,-1.54076],[30.10835,-1.53321],[30.10202,-1.52688],[30.10349,-1.52126]]]}},{"type":"Feature","properties":{"d":"Rwamagana","s":"Fumbwe"},"geometry":{"type":"Polygon","coordinates":[[[30.25809,-1.8944],[30.26651,-1.89651],[30.27294,-1.90011],[30.2808,-1.89457],[30.29552,-1.89389],[30.29822,-1.88662],[30.29881,-1.88755],[30.30632,-1.88531],[30.30659,-1.88142],[30.31372,-1.87446],[30.3154,-1.86915],[30.3225,-1.86114],[30.32215,-1.85977],[30.32187,-1.85945],[30.31152,-1.84772],[30.29869,-1.82874],[30.29428,-1.82483],[30.28637,-1.82415],[30.27562,-1.83047],[30.27113,-1.83157],[30.26406,-1.82797],[30.26032,-1.82866],[30.25608,-1.84161],[30.24777,-1.84575],[30.24916,-1.85236],[30.24757,-1.85742],[30.25057,-1.85717],[30.26321,-1.86237],[30.26523,-1.86494],[30.26082,-1.86869],[30.2603,-1.87362],[30.25817,-1.87566],[30.25809,-1.8944]]]}},{"type":"Feature","properties":{"d":"Rwamagana","s":"Gahengeri"},"geometry":{"type":"Polygon","coordinates":[[[30.26522,-1.95337],[30.27247,-1.95471],[30.2842,-1.96492],[30.28857,-1.97129],[30.29177,-1.98334],[30.30106,-1.99657],[30.31645,-2.0021],[30.32739,-2.00293],[30.33506,-1.99741],[30.34616,-1.9932],[30.34511,-1.98358],[30.34103,-1.97975],[30.33505,-1.95505],[30.3299,-1.9484],[30.32624,-1.93888],[30.32468,-1.93349],[30.32655,-1.93235],[30.32588,-1.92816],[30.31688,-1.9199],[30.31333,-1.91129],[30.307,-1.90474],[30.30131,-1.89537],[30.29552,-1.89389],[30.2808,-1.89457],[30.27294,-1.90011],[30.27105,-1.90296],[30.27068,-1.9084],[30.27662,-1.92655],[30.27706,-1.93504],[30.26742,-1.94788],[30.26522,-1.95337]]]}},{"type":"Feature","properties":{"d":"Rwamagana","s":"Gishali"},"geometry":{"type":"Polygon","coordinates":[[[30.43954,-1.93633],[30.43247,-1.91294],[30.43251,-1.89176],[30.42858,-1.87182],[30.42259,-1.86035],[30.41406,-1.84948],[30.39949,-1.85631],[30.38586,-1.86614],[30.37764,-1.86897],[30.38408,-1.88451],[30.39004,-1.89352],[30.39102,-1.89801],[30.39322,-1.91057],[30.38779,-1.9157],[30.38808,-1.9197],[30.39417,-1.92129],[30.3995,-1.92703],[30.39772,-1.93383],[30.39386,-1.9392],[30.388,-1.9396],[30.38988,-1.94274],[30.38657,-1.94951],[30.39263,-1.94777],[30.40124,-1.9488],[30.40144,-1.94406],[30.40367,-1.93902],[30.40907,-1.93528],[30.41322,-1.9391],[30.41777,-1.9409],[30.41928,-1.94327],[30.42131,-1.94357],[30.42725,-1.93984],[30.43954,-1.93633]]]}},{"type":"Feature","properties":{"d":"Rwamagana","s":"Karenge"},"geometry":{"type":"Polygon","coordinates":[[[30.3705,-2.06063],[30.36076,-2.0549],[30.35421,-2.04552],[30.34756,-2.04055],[30.33936,-2.03913],[30.3275,-2.04526],[30.32479,-2.04992],[30.32559,-2.05043],[30.32115,-2.05365],[30.31586,-2.06486],[30.30647,-2.06157],[30.30176,-2.05664],[30.29772,-2.05967],[30.28489,-2.06393],[30.27689,-2.06942],[30.2778,-2.07186],[30.27581,-2.07775],[30.27699,-2.08265],[30.27299,-2.09278],[30.2622,-2.09757],[30.26233,-2.09652],[30.25841,-2.09463],[30.25548,-2.0961],[30.25291,-2.10013],[30.25235,-2.10241],[30.24984,-2.10201],[30.25331,-2.10678],[30.25285,-2.10787],[30.26073,-2.10629],[30.26331,-2.10969],[30.26903,-2.1126],[30.27068,-2.12291],[30.26746,-2.12256],[30.27008,-2.12485],[30.26579,-2.12528],[30.26522,-2.12689],[30.26793,-2.12782],[30.26793,-2.1319],[30.26629,-2.13327],[30.27034,-2.13262],[30.28077,-2.13101],[30.2835,-2.12331],[30.29418,-2.12024],[30.30126,-2.11635],[30.36828,-2.0784],[30.3705,-2.06063]]]}},{"type":"Feature","properties":{"d":"Rwamagana","s":"Kigabiro"},"geometry":{"type":"Polygon","coordinates":[[[30.41777,-1.9409],[30.41433,-1.94389],[30.41427,-1.94736],[30.41005,-1.94955],[30.40842,-1.9524],[30.41243,-1.96036],[30.41766,-1.96427],[30.42263,-1.97182],[30.4256,-1.98388],[30.42373,-1.9878],[30.42303,-2.00323],[30.41957,-2.01555],[30.41819,-2.02745],[30.42497,-2.03911],[30.4317,-2.02732],[30.43331,-2.01525],[30.43803,-2.00763],[30.44323,-1.98994],[30.45169,-1.99206],[30.45584,-1.99495],[30.46251,-2.00537],[30.46904,-2.00183],[30.47643,-2.00019],[30.4738,-1.99535],[30.4715,-1.98473],[30.46882,-1.96445],[30.46622,-1.96083],[30.45226,-1.95483],[30.4485,-1.94406],[30.44604,-1.94351],[30.44538,-1.94818],[30.43462,-1.95072],[30.43557,-1.94417],[30.43954,-1.93633],[30.42725,-1.93984],[30.42131,-1.94357],[30.41928,-1.94327],[30.41777,-1.9409]]]}},{"type":"Feature","properties":{"d":"Rwamagana","s":"Muhazi"},"geometry":{"type":"Polygon","coordinates":[[[30.43954,-1.93633],[30.43557,-1.94417],[30.43462,-1.95072],[30.44538,-1.94818],[30.44604,-1.94351],[30.4485,-1.94406],[30.45226,-1.95483],[30.46622,-1.96083],[30.46882,-1.96445],[30.47005,-1.96058],[30.47097,-1.95686],[30.46974,-1.93916],[30.46918,-1.92872],[30.46673,-1.92225],[30.45874,-1.90951],[30.45921,-1.90538],[30.46147,-1.90292],[30.45996,-1.9002],[30.45926,-1.89089],[30.46094,-1.88601],[30.46362,-1.8865],[30.4657,-1.88497],[30.4713,-1.88846],[30.47835,-1.89037],[30.48255,-1.88799],[30.4871,-1.8723],[30.48633,-1.86872],[30.4889,-1.85911],[30.46804,-1.84272],[30.46014,-1.84063],[30.4513,-1.84037],[30.4306,-1.84316],[30.41977,-1.84642],[30.41406,-1.84948],[30.42259,-1.86035],[30.42858,-1.87182],[30.43251,-1.89176],[30.43247,-1.91294],[30.43954,-1.93633]]]}},{"type":"Feature","properties":{"d":"Rwamagana","s":"Munyaga"},"geometry":{"type":"Polygon","coordinates":[[[30.42497,-2.03911],[30.42825,-2.05329],[30.43625,-2.06778],[30.4386,-2.08095],[30.44651,-2.07866],[30.44927,-2.06677],[30.45412,-2.05996],[30.46179,-2.05582],[30.46619,-2.05548],[30.47782,-2.05866],[30.48295,-2.05362],[30.48414,-2.04887],[30.48312,-2.03979],[30.48538,-2.03129],[30.48585,-2.0218],[30.48371,-2.00998],[30.47776,-2.00387],[30.47643,-2.00019],[30.46904,-2.00183],[30.46251,-2.00537],[30.45584,-1.99495],[30.45169,-1.99206],[30.44323,-1.98994],[30.43803,-2.00763],[30.43331,-2.01525],[30.4317,-2.02732],[30.42497,-2.03911]]]}},{"type":"Feature","properties":{"d":"Rwamagana","s":"Munyiginya"},"geometry":{"type":"Polygon","coordinates":[[[30.37764,-1.86897],[30.36629,-1.86953],[30.35908,-1.87434],[30.35302,-1.87597],[30.36071,-1.89426],[30.36408,-1.90465],[30.36418,-1.90945],[30.36213,-1.9278],[30.35547,-1.93235],[30.35344,-1.93755],[30.35453,-1.94508],[30.35233,-1.95179],[30.34557,-1.95892],[30.34865,-1.96167],[30.35794,-1.96024],[30.36519,-1.95162],[30.38657,-1.94951],[30.38988,-1.94274],[30.388,-1.9396],[30.39386,-1.9392],[30.39772,-1.93383],[30.3995,-1.92703],[30.39417,-1.92129],[30.38808,-1.9197],[30.38779,-1.9157],[30.39322,-1.91057],[30.39102,-1.89801],[30.39004,-1.89352],[30.38408,-1.88451],[30.37764,-1.86897]]]}},{"type":"Feature","properties":{"d":"Rwamagana","s":"Musha"},"geometry":{"type":"Polygon","coordinates":[[[30.29552,-1.89389],[30.30131,-1.89537],[30.307,-1.90474],[30.31333,-1.91129],[30.31688,-1.9199],[30.32588,-1.92816],[30.32655,-1.93235],[30.32468,-1.93349],[30.32624,-1.93888],[30.32997,-1.9399],[30.33459,-1.94421],[30.34557,-1.95892],[30.35233,-1.95179],[30.35453,-1.94508],[30.35344,-1.93755],[30.35547,-1.93235],[30.36213,-1.9278],[30.36418,-1.90945],[30.36408,-1.90465],[30.36071,-1.89426],[30.35302,-1.87597],[30.33975,-1.86994],[30.33135,-1.86273],[30.32215,-1.85977],[30.3225,-1.86114],[30.3154,-1.86915],[30.31372,-1.87446],[30.30659,-1.88142],[30.30632,-1.88531],[30.29881,-1.88755],[30.29822,-1.88662],[30.29552,-1.89389]]]}},{"type":"Feature","properties":{"d":"Rwamagana","s":"Muyumbu"},"geometry":{"type":"Polygon","coordinates":[[[30.23591,-1.98124],[30.23682,-1.98312],[30.23426,-1.99829],[30.2355,-1.99676],[30.24492,-1.99683],[30.25529,-2.00201],[30.25701,-2.00506],[30.25495,-2.0126],[30.25484,-2.02056],[30.26055,-2.03303],[30.26338,-2.03568],[30.27863,-2.03449],[30.28215,-2.0417],[30.29388,-2.04318],[30.29455,-2.03673],[30.29706,-2.03541],[30.30221,-2.0279],[30.29855,-2.01151],[30.29971,-2.00973],[30.29861,-2.00135],[30.30106,-1.99657],[30.29177,-1.98334],[30.28857,-1.97129],[30.2842,-1.96492],[30.27247,-1.95471],[30.26522,-1.95337],[30.25406,-1.95138],[30.2431,-1.95473],[30.23426,-1.9612],[30.23177,-1.96847],[30.23283,-1.97632],[30.23591,-1.98124]]]}},{"type":"Feature","properties":{"d":"Rwamagana","s":"Mwulire"},"geometry":{"type":"Polygon","coordinates":[[[30.34616,-1.9932],[30.35228,-2.00359],[30.35218,-2.00813],[30.35694,-2.01487],[30.35687,-2.0186],[30.36021,-2.02517],[30.3624,-2.02477],[30.3677,-2.01871],[30.37303,-2.01711],[30.37547,-2.01468],[30.37656,-2.00942],[30.37876,-2.00961],[30.3782,-2.0056],[30.38181,-2.00305],[30.38337,-1.99387],[30.39012,-1.99405],[30.40321,-1.99947],[30.40781,-2.0025],[30.41957,-2.01555],[30.42303,-2.00323],[30.42373,-1.9878],[30.4256,-1.98388],[30.42263,-1.97182],[30.41766,-1.96427],[30.41243,-1.96036],[30.40842,-1.9524],[30.41005,-1.94955],[30.41427,-1.94736],[30.41433,-1.94389],[30.41777,-1.9409],[30.41322,-1.9391],[30.40907,-1.93528],[30.40367,-1.93902],[30.40144,-1.94406],[30.40124,-1.9488],[30.39263,-1.94777],[30.38657,-1.94951],[30.36519,-1.95162],[30.35794,-1.96024],[30.34865,-1.96167],[30.34557,-1.95892],[30.33459,-1.94421],[30.32997,-1.9399],[30.32624,-1.93888],[30.3299,-1.9484],[30.33505,-1.95505],[30.34103,-1.97975],[30.34511,-1.98358],[30.34616,-1.9932]]]}},{"type":"Feature","properties":{"d":"Rwamagana","s":"Nyakaliro"},"geometry":{"type":"Polygon","coordinates":[[[30.22205,-2.0662],[30.22885,-2.06801],[30.23166,-2.07065],[30.23321,-2.06877],[30.23698,-2.07125],[30.23825,-2.06869],[30.24163,-2.07511],[30.24486,-2.07365],[30.242,-2.07735],[30.24526,-2.0828],[30.24444,-2.08517],[30.24622,-2.087],[30.24459,-2.09039],[30.24966,-2.09089],[30.24621,-2.09492],[30.24823,-2.09652],[30.24786,-2.09821],[30.25291,-2.10013],[30.25548,-2.0961],[30.25841,-2.09463],[30.26233,-2.09652],[30.2622,-2.09757],[30.27299,-2.09278],[30.27699,-2.08265],[30.27581,-2.07775],[30.2778,-2.07186],[30.27689,-2.06942],[30.28489,-2.06393],[30.29772,-2.05967],[30.30176,-2.05664],[30.29815,-2.04672],[30.29388,-2.04318],[30.28215,-2.0417],[30.27863,-2.03449],[30.26338,-2.03568],[30.26055,-2.03303],[30.25484,-2.02056],[30.25495,-2.0126],[30.25701,-2.00506],[30.25529,-2.00201],[30.24492,-1.99683],[30.2355,-1.99676],[30.23426,-1.99829],[30.22997,-2.01206],[30.22866,-2.04331],[30.22628,-2.05161],[30.2232,-2.05418],[30.22388,-2.05566],[30.22059,-2.06065],[30.22205,-2.0662]]]}},{"type":"Feature","properties":{"d":"Rwamagana","s":"Nzige"},"geometry":{"type":"Polygon","coordinates":[[[30.30106,-1.99657],[30.29861,-2.00135],[30.29971,-2.00973],[30.29855,-2.01151],[30.30221,-2.0279],[30.29706,-2.03541],[30.29455,-2.03673],[30.29388,-2.04318],[30.29815,-2.04672],[30.30176,-2.05664],[30.30647,-2.06157],[30.31586,-2.06486],[30.32115,-2.05365],[30.32559,-2.05043],[30.32479,-2.04992],[30.3275,-2.04526],[30.33936,-2.03913],[30.34756,-2.04055],[30.35421,-2.04552],[30.36076,-2.0549],[30.3705,-2.06063],[30.37485,-2.04803],[30.36422,-2.03579],[30.36021,-2.02517],[30.35687,-2.0186],[30.35694,-2.01487],[30.35218,-2.00813],[30.35228,-2.00359],[30.34616,-1.9932],[30.33506,-1.99741],[30.32739,-2.00293],[30.31645,-2.0021],[30.30106,-1.99657]]]}},{"type":"Feature","properties":{"d":"Rwamagana","s":"Rubona"},"geometry":{"type":"Polygon","coordinates":[[[30.36828,-2.0784],[30.39497,-2.07947],[30.40847,-2.0856],[30.42271,-2.08362],[30.4354,-2.0827],[30.4386,-2.08095],[30.43625,-2.06778],[30.42825,-2.05329],[30.42497,-2.03911],[30.41819,-2.02745],[30.41957,-2.01555],[30.40781,-2.0025],[30.40321,-1.99947],[30.39012,-1.99405],[30.38337,-1.99387],[30.38181,-2.00305],[30.3782,-2.0056],[30.37876,-2.00961],[30.37656,-2.00942],[30.37547,-2.01468],[30.37303,-2.01711],[30.3677,-2.01871],[30.3624,-2.02477],[30.36021,-2.02517],[30.36422,-2.03579],[30.37485,-2.04803],[30.3705,-2.06063],[30.36828,-2.0784]]]}},{"type":"Feature","properties":{"d":"Nyagatare","s":"GATUNDA"},"geometry":{"type":"Polygon","coordinates":[[[30.2245,-1.3608],[30.22354,-1.36181],[30.22059,-1.36028],[30.21847,-1.36692],[30.21445,-1.36917],[30.21128,-1.37313],[30.20646,-1.37462],[30.20456,-1.38123],[30.19818,-1.38808],[30.1881,-1.38712],[30.18568,-1.3888],[30.17945,-1.38879],[30.17541,-1.38993],[30.16955,-1.39554],[30.16747,-1.3943],[30.16392,-1.39574],[30.16246,-1.39812],[30.15032,-1.39707],[30.14763,-1.39842],[30.15367,-1.41842],[30.15585,-1.4213],[30.15541,-1.42584],[30.15901,-1.43058],[30.15922,-1.43546],[30.16413,-1.44347],[30.15955,-1.44716],[30.16043,-1.45071],[30.15866,-1.45039],[30.16173,-1.45391],[30.16335,-1.45359],[30.16458,-1.45657],[30.16824,-1.45684],[30.16753,-1.45461],[30.169,-1.45296],[30.17679,-1.46018],[30.18103,-1.4589],[30.1823,-1.45775],[30.18056,-1.45367],[30.18605,-1.44938],[30.18502,-1.44789],[30.17863,-1.44685],[30.17749,-1.44397],[30.17188,-1.44054],[30.17217,-1.43695],[30.17489,-1.433],[30.17871,-1.42945],[30.18748,-1.42715],[30.19182,-1.42358],[30.19896,-1.42192],[30.2022,-1.41887],[30.21025,-1.41761],[30.21425,-1.41357],[30.21656,-1.41385],[30.21974,-1.41188],[30.22661,-1.41752],[30.23372,-1.41993],[30.2465,-1.42073],[30.24518,-1.41118],[30.25192,-1.40828],[30.25261,-1.39804],[30.23663,-1.38174],[30.23417,-1.38226],[30.23299,-1.37813],[30.23504,-1.37531],[30.23142,-1.37203],[30.23016,-1.36682],[30.22739,-1.3675],[30.2245,-1.3608]]]}},{"type":"Feature","properties":{"d":"Nyagatare","s":"KARAMA"},"geometry":{"type":"Polygon","coordinates":[[[30.2245,-1.3608],[30.2278,-1.35737],[30.23073,-1.35747],[30.23128,-1.35497],[30.24016,-1.34682],[30.24074,-1.3441],[30.23491,-1.33735],[30.23302,-1.33976],[30.228,-1.33915],[30.22043,-1.33523],[30.21601,-1.3315],[30.21599,-1.32965],[30.21309,-1.33597],[30.20549,-1.33322],[30.20053,-1.32874],[30.19772,-1.32861],[30.19497,-1.33114],[30.19117,-1.32845],[30.18494,-1.33108],[30.18354,-1.33454],[30.18021,-1.33435],[30.17874,-1.33722],[30.17439,-1.33786],[30.17205,-1.33586],[30.16979,-1.33727],[30.16603,-1.33543],[30.16415,-1.33724],[30.16962,-1.34559],[30.15272,-1.35121],[30.14451,-1.35102],[30.13886,-1.35585],[30.13762,-1.3616],[30.13296,-1.36326],[30.12926,-1.36286],[30.12726,-1.36869],[30.12991,-1.3694],[30.13568,-1.37516],[30.13737,-1.37904],[30.14305,-1.38287],[30.14763,-1.39842],[30.15032,-1.39707],[30.16246,-1.39812],[30.16392,-1.39574],[30.16747,-1.3943],[30.16955,-1.39554],[30.17541,-1.38993],[30.17945,-1.38879],[30.18568,-1.3888],[30.1881,-1.38712],[30.19818,-1.38808],[30.20456,-1.38123],[30.20646,-1.37462],[30.21128,-1.37313],[30.21445,-1.36917],[30.21847,-1.36692],[30.22059,-1.36028],[30.22354,-1.36181],[30.2245,-1.3608]]]}},{"type":"Feature","properties":{"d":"Nyagatare","s":"KARANGAZI"},"geometry":{"type":"Polygon","coordinates":[[[30.73913,-1.45822],[30.73892,-1.45489],[30.7411,-1.45282],[30.73792,-1.44539],[30.73589,-1.44975],[30.6856,-1.39931],[30.67953,-1.39585],[30.6786,-1.39364],[30.6292,-1.38436],[30.61332,-1.34995],[30.56967,-1.33814],[30.56699,-1.326],[30.56332,-1.32283],[30.56712,-1.32785],[30.54947,-1.32821],[30.54157,-1.33029],[30.53229,-1.33735],[30.5291,-1.33832],[30.51622,-1.35554],[30.50623,-1.35965],[30.4793,-1.35407],[30.47014,-1.34643],[30.45557,-1.34318],[30.45519,-1.34475],[30.4518,-1.34447],[30.43206,-1.33457],[30.42828,-1.3314],[30.42191,-1.33761],[30.41633,-1.34678],[30.41717,-1.34876],[30.40656,-1.36747],[30.40414,-1.37845],[30.38877,-1.39215],[30.38359,-1.38329],[30.38187,-1.37314],[30.37025,-1.3645],[30.35703,-1.36228],[30.35247,-1.36447],[30.34628,-1.36323],[30.3418,-1.36884],[30.33989,-1.3748],[30.33358,-1.3842],[30.3273,-1.39892],[30.32773,-1.41305],[30.32949,-1.41682],[30.34223,-1.42192],[30.34131,-1.42701],[30.34349,-1.43002],[30.35226,-1.4274],[30.35805,-1.42355],[30.36466,-1.42316],[30.36623,-1.42474],[30.37038,-1.42516],[30.37209,-1.42425],[30.36804,-1.43491],[30.36586,-1.44874],[30.35713,-1.45147],[30.35349,-1.46086],[30.35364,-1.46759],[30.35796,-1.47941],[30.3535,-1.49272],[30.34599,-1.497],[30.34722,-1.49734],[30.34758,-1.51301],[30.34574,-1.52628],[30.34745,-1.54227],[30.34543,-1.54589],[30.36654,-1.5452],[30.38086,-1.54285],[30.3927,-1.54794],[30.39444,-1.54729],[30.39709,-1.5356],[30.40331,-1.52293],[30.40432,-1.50793],[30.40775,-1.50113],[30.40499,-1.48199],[30.41582,-1.48539],[30.4308,-1.48439],[30.43339,-1.48177],[30.43385,-1.47733],[30.44144,-1.47662],[30.4455,-1.47424],[30.44809,-1.47058],[30.45625,-1.46804],[30.46295,-1.47159],[30.46486,-1.47416],[30.46935,-1.48676],[30.47203,-1.48902],[30.47598,-1.48818],[30.50593,-1.48134],[30.51066,-1.47893],[30.52427,-1.47839],[30.55289,-1.46927],[30.73913,-1.45822]]]}},{"type":"Feature","properties":{"d":"Nyagatare","s":"KATABAGEMU"},"geometry":{"type":"Polygon","coordinates":[[[30.32773,-1.41305],[30.32343,-1.41427],[30.32075,-1.41301],[30.31564,-1.41526],[30.31275,-1.41327],[30.30532,-1.41323],[30.29856,-1.42102],[30.30446,-1.42628],[30.3065,-1.43399],[30.3015,-1.43667],[30.29469,-1.43535],[30.29301,-1.44044],[30.29079,-1.43898],[30.28725,-1.44103],[30.28281,-1.43873],[30.28049,-1.44088],[30.27381,-1.44032],[30.2748,-1.44338],[30.27395,-1.44541],[30.27039,-1.44633],[30.26801,-1.44952],[30.26479,-1.4588],[30.26426,-1.46408],[30.26697,-1.48567],[30.27463,-1.49616],[30.27449,-1.50444],[30.27196,-1.51082],[30.2727,-1.51345],[30.27524,-1.51515],[30.27943,-1.51527],[30.28055,-1.51924],[30.29066,-1.52361],[30.29725,-1.52837],[30.31601,-1.53191],[30.31828,-1.52443],[30.3269,-1.50843],[30.33429,-1.50258],[30.34599,-1.497],[30.3535,-1.49272],[30.35796,-1.47941],[30.35364,-1.46759],[30.35349,-1.46086],[30.35713,-1.45147],[30.36586,-1.44874],[30.36804,-1.43491],[30.37209,-1.42425],[30.37038,-1.42516],[30.36623,-1.42474],[30.36466,-1.42316],[30.35805,-1.42355],[30.35226,-1.4274],[30.34349,-1.43002],[30.34131,-1.42701],[30.34223,-1.42192],[30.32949,-1.41682],[30.32773,-1.41305]]]}},{"type":"Feature","properties":{"d":"Nyagatare","s":"KIYOMBE"},"geometry":{"type":"Polygon","coordinates":[[[30.08273,-1.41349],[30.09154,-1.41185],[30.09363,-1.41294],[30.09257,-1.42038],[30.09539,-1.42621],[30.09841,-1.42564],[30.1008,-1.43322],[30.09926,-1.43485],[30.10668,-1.43694],[30.10645,-1.44051],[30.10814,-1.44381],[30.11033,-1.44398],[30.11118,-1.44631],[30.11524,-1.44825],[30.1148,-1.4505],[30.11712,-1.45245],[30.12022,-1.46173],[30.12359,-1.46569],[30.12244,-1.46911],[30.12583,-1.47182],[30.12467,-1.47268],[30.12601,-1.47939],[30.12922,-1.47837],[30.1336,-1.48154],[30.13657,-1.49102],[30.14126,-1.48675],[30.1417,-1.48238],[30.13811,-1.47821],[30.13638,-1.478],[30.13427,-1.47307],[30.13137,-1.47086],[30.13243,-1.46879],[30.13177,-1.46196],[30.13453,-1.46179],[30.14152,-1.46638],[30.14041,-1.47214],[30.14252,-1.47154],[30.14498,-1.47413],[30.14786,-1.46999],[30.15379,-1.46901],[30.15779,-1.46531],[30.1643,-1.46524],[30.1631,-1.46415],[30.16489,-1.46248],[30.16292,-1.45862],[30.16458,-1.45657],[30.16335,-1.45359],[30.16173,-1.45391],[30.15866,-1.45039],[30.16043,-1.45071],[30.15955,-1.44716],[30.16413,-1.44347],[30.15922,-1.43546],[30.15901,-1.43058],[30.15541,-1.42584],[30.15585,-1.4213],[30.15367,-1.41842],[30.14763,-1.39842],[30.14305,-1.38287],[30.13737,-1.37904],[30.13568,-1.37516],[30.12991,-1.3694],[30.12726,-1.36869],[30.12487,-1.37145],[30.12338,-1.38441],[30.11885,-1.38509],[30.1127,-1.37685],[30.10368,-1.37198],[30.0981,-1.3762],[30.09536,-1.37506],[30.08923,-1.37558],[30.08611,-1.37306],[30.08179,-1.37306],[30.07981,-1.37577],[30.07039,-1.38119],[30.07073,-1.39191],[30.0756,-1.39244],[30.08282,-1.4031],[30.08374,-1.40764],[30.08273,-1.41349]]]}},{"type":"Feature","properties":{"d":"Nyagatare","s":"MATIMBA"},"geometry":{"type":"Polygon","coordinates":[[[30.47608,-1.16074],[30.47073,-1.15754],[30.46955,-1.15197],[30.47073,-1.14779],[30.46763,-1.14058],[30.4693,-1.13734],[30.47005,-1.1293],[30.47541,-1.1252],[30.47655,-1.12213],[30.47266,-1.11885],[30.4591,-1.11771],[30.45317,-1.10368],[30.45124,-1.0889],[30.45292,-1.08622],[30.45267,-1.08158],[30.45902,-1.07673],[30.46377,-1.06777],[30.46695,-1.06577],[30.46809,-1.06056],[30.47306,-1.0568],[30.47058,-1.05482],[30.47081,-1.05307],[30.46919,-1.05252],[30.4671,-1.05517],[30.46752,-1.05222],[30.46042,-1.05288],[30.45714,-1.05001],[30.45076,-1.04845],[30.44998,-1.04957],[30.44791,-1.04717],[30.44774,-1.04982],[30.4449,-1.04824],[30.44462,-1.05025],[30.44392,-1.04788],[30.44226,-1.04765],[30.43725,-1.05031],[30.43808,-1.05263],[30.43684,-1.05255],[30.43664,-1.05479],[30.43562,-1.05435],[30.43617,-1.05214],[30.43408,-1.05318],[30.43234,-1.05686],[30.43489,-1.05712],[30.43058,-1.05793],[30.43028,-1.0627],[30.42857,-1.06428],[30.41524,-1.06241],[30.41338,-1.06363],[30.41132,-1.06187],[30.40985,-1.06287],[30.40618,-1.06139],[30.40501,-1.0632],[30.40289,-1.06092],[30.40164,-1.06204],[30.40241,-1.06307],[30.40101,-1.0633],[30.40744,-1.08345],[30.40841,-1.09494],[30.41003,-1.0982],[30.4194,-1.10703],[30.41978,-1.11355],[30.41717,-1.12372],[30.42176,-1.13647],[30.41658,-1.14651],[30.41474,-1.15756],[30.41052,-1.16138],[30.40866,-1.17059],[30.4066,-1.17115],[30.40659,-1.17283],[30.40829,-1.17419],[30.41079,-1.17182],[30.41649,-1.17883],[30.42047,-1.18127],[30.41997,-1.1827],[30.42363,-1.18472],[30.42566,-1.18892],[30.43957,-1.18128],[30.4462,-1.18039],[30.4542,-1.17661],[30.46136,-1.17689],[30.46704,-1.16838],[30.47608,-1.16074]]]}},{"type":"Feature","properties":{"d":"Nyagatare","s":"MIMURI"},"geometry":{"type":"Polygon","coordinates":[[[30.27381,-1.44032],[30.27193,-1.43357],[30.27315,-1.42466],[30.2721,-1.4222],[30.27018,-1.42177],[30.26522,-1.42283],[30.25976,-1.4277],[30.25637,-1.43303],[30.25703,-1.43475],[30.25353,-1.43736],[30.25212,-1.44219],[30.24839,-1.44461],[30.24416,-1.44043],[30.23844,-1.44097],[30.23331,-1.4393],[30.23111,-1.44199],[30.22904,-1.4409],[30.22711,-1.44178],[30.21427,-1.44059],[30.21164,-1.44257],[30.21099,-1.44569],[30.20556,-1.45362],[30.20226,-1.453],[30.20131,-1.45592],[30.19767,-1.45695],[30.19671,-1.45884],[30.19767,-1.46412],[30.19348,-1.46717],[30.19268,-1.47058],[30.18849,-1.47171],[30.18701,-1.47499],[30.18386,-1.47581],[30.19211,-1.49482],[30.19716,-1.49928],[30.20071,-1.49777],[30.20461,-1.49882],[30.2098,-1.49487],[30.21568,-1.49788],[30.22231,-1.49273],[30.22486,-1.49247],[30.22713,-1.49527],[30.23474,-1.49073],[30.24529,-1.48801],[30.24759,-1.48962],[30.2479,-1.48537],[30.25556,-1.48468],[30.25677,-1.48225],[30.25957,-1.48484],[30.2618,-1.48413],[30.26697,-1.48567],[30.26426,-1.46408],[30.26479,-1.4588],[30.26801,-1.44952],[30.27039,-1.44633],[30.27395,-1.44541],[30.2748,-1.44338],[30.27381,-1.44032]]]}},{"type":"Feature","properties":{"d":"Nyagatare","s":"MUKAMA"},"geometry":{"type":"Polygon","coordinates":[[[30.18133,-1.51877],[30.18415,-1.51789],[30.18546,-1.51559],[30.1911,-1.51526],[30.19415,-1.51281],[30.19411,-1.51127],[30.19743,-1.50806],[30.19529,-1.50344],[30.19716,-1.49928],[30.19211,-1.49482],[30.18386,-1.47581],[30.18701,-1.47499],[30.18849,-1.47171],[30.19268,-1.47058],[30.19348,-1.46717],[30.19767,-1.46412],[30.19671,-1.45884],[30.19767,-1.45695],[30.20131,-1.45592],[30.20226,-1.453],[30.20556,-1.45362],[30.21099,-1.44569],[30.21164,-1.44257],[30.21427,-1.44059],[30.22711,-1.44178],[30.22904,-1.4409],[30.23111,-1.44199],[30.23331,-1.4393],[30.23844,-1.44097],[30.24416,-1.44043],[30.24839,-1.44461],[30.25212,-1.44219],[30.25353,-1.43736],[30.25703,-1.43475],[30.25637,-1.43303],[30.25976,-1.4277],[30.25579,-1.42281],[30.25057,-1.42065],[30.2465,-1.42073],[30.23372,-1.41993],[30.22661,-1.41752],[30.21974,-1.41188],[30.21656,-1.41385],[30.21425,-1.41357],[30.21025,-1.41761],[30.2022,-1.41887],[30.19896,-1.42192],[30.19182,-1.42358],[30.18748,-1.42715],[30.17871,-1.42945],[30.17489,-1.433],[30.17217,-1.43695],[30.17188,-1.44054],[30.17749,-1.44397],[30.17863,-1.44685],[30.18502,-1.44789],[30.18605,-1.44938],[30.18056,-1.45367],[30.1823,-1.45775],[30.18103,-1.4589],[30.17679,-1.46018],[30.169,-1.45296],[30.16753,-1.45461],[30.16824,-1.45684],[30.16458,-1.45657],[30.16292,-1.45862],[30.16489,-1.46248],[30.1631,-1.46415],[30.1643,-1.46524],[30.15779,-1.46531],[30.15379,-1.46901],[30.14786,-1.46999],[30.14498,-1.47413],[30.14252,-1.47154],[30.14041,-1.47214],[30.14152,-1.46638],[30.13453,-1.46179],[30.13177,-1.46196],[30.13243,-1.46879],[30.13137,-1.47086],[30.13427,-1.47307],[30.13638,-1.478],[30.13811,-1.47821],[30.1417,-1.48238],[30.14126,-1.48675],[30.13657,-1.49102],[30.13378,-1.49475],[30.14216,-1.50275],[30.14554,-1.51412],[30.14529,-1.51575],[30.14301,-1.51492],[30.13845,-1.51658],[30.14038,-1.52688],[30.1445,-1.52929],[30.14834,-1.52713],[30.15066,-1.52216],[30.15648,-1.51935],[30.15931,-1.52002],[30.17144,-1.51767],[30.17641,-1.51859],[30.17934,-1.51734],[30.18133,-1.51877]]]}},{"type":"Feature","properties":{"d":"Nyagatare","s":"MUSHERI"},"geometry":{"type":"Polygon","coordinates":[[[30.40101,-1.0633],[30.39873,-1.06383],[30.39949,-1.06271],[30.39799,-1.06189],[30.39159,-1.06838],[30.39096,-1.06673],[30.38917,-1.06724],[30.38748,-1.06585],[30.38632,-1.06737],[30.37693,-1.06086],[30.37512,-1.06394],[30.37208,-1.06568],[30.37463,-1.06761],[30.37398,-1.06971],[30.37083,-1.06797],[30.36949,-1.06448],[30.36612,-1.06476],[30.36575,-1.06684],[30.36184,-1.0648],[30.35901,-1.06032],[30.35577,-1.0615],[30.35449,-1.06437],[30.35209,-1.06223],[30.35312,-1.06574],[30.351,-1.06661],[30.35232,-1.06885],[30.34895,-1.0696],[30.34846,-1.07221],[30.35095,-1.07623],[30.35093,-1.0793],[30.34868,-1.08067],[30.34871,-1.0868],[30.34415,-1.0887],[30.3407,-1.09247],[30.33854,-1.10056],[30.33968,-1.10138],[30.33837,-1.10652],[30.3418,-1.11761],[30.34205,-1.12463],[30.34469,-1.12977],[30.34411,-1.13183],[30.34397,-1.13479],[30.34166,-1.13679],[30.34272,-1.14121],[30.34124,-1.14401],[30.34278,-1.14555],[30.3424,-1.14952],[30.34503,-1.15657],[30.34442,-1.16157],[30.34581,-1.1648],[30.3453,-1.16971],[30.34181,-1.17776],[30.34313,-1.18079],[30.34643,-1.18238],[30.3536,-1.18276],[30.36781,-1.17833],[30.3769,-1.17702],[30.37959,-1.17752],[30.38088,-1.17949],[30.39422,-1.17421],[30.39851,-1.17544],[30.40411,-1.1716],[30.40659,-1.17283],[30.4066,-1.17115],[30.40866,-1.17059],[30.41052,-1.16138],[30.41474,-1.15756],[30.41658,-1.14651],[30.42176,-1.13647],[30.41717,-1.12372],[30.41978,-1.11355],[30.4194,-1.10703],[30.41003,-1.0982],[30.40841,-1.09494],[30.40744,-1.08345],[30.40101,-1.0633]]]}},{"type":"Feature","properties":{"d":"Nyagatare","s":"NYAGATARE"},"geometry":{"type":"Polygon","coordinates":[[[30.42828,-1.3314],[30.43203,-1.32591],[30.43265,-1.31669],[30.43517,-1.31527],[30.41958,-1.30825],[30.40932,-1.30085],[30.40229,-1.30237],[30.3973,-1.30574],[30.39559,-1.30459],[30.39376,-1.31125],[30.38935,-1.31654],[30.37237,-1.3232],[30.37012,-1.31345],[30.36424,-1.30917],[30.37018,-1.29601],[30.3723,-1.28713],[30.37477,-1.28661],[30.37476,-1.28293],[30.38158,-1.28131],[30.38079,-1.27466],[30.38353,-1.27291],[30.39058,-1.26743],[30.39176,-1.26333],[30.39031,-1.25932],[30.39492,-1.25558],[30.39504,-1.25292],[30.39059,-1.25178],[30.38999,-1.25621],[30.37478,-1.26018],[30.36812,-1.2656],[30.36022,-1.26385],[30.35831,-1.26067],[30.35911,-1.2561],[30.35131,-1.25073],[30.35121,-1.24804],[30.34997,-1.24773],[30.35157,-1.24516],[30.34582,-1.24438],[30.3437,-1.24688],[30.34505,-1.24953],[30.34456,-1.25456],[30.34248,-1.25471],[30.34019,-1.25264],[30.33745,-1.25408],[30.33629,-1.2588],[30.33446,-1.25803],[30.32899,-1.26595],[30.32679,-1.27719],[30.32769,-1.27793],[30.32548,-1.2818],[30.32627,-1.28299],[30.3246,-1.2848],[30.32438,-1.2885],[30.31911,-1.2925],[30.31738,-1.29503],[30.31816,-1.2966],[30.31696,-1.29846],[30.31853,-1.30076],[30.31775,-1.30318],[30.31621,-1.30354],[30.31652,-1.30683],[30.312,-1.30984],[30.3075,-1.31545],[30.30356,-1.31955],[30.29801,-1.32114],[30.29525,-1.32371],[30.29326,-1.34012],[30.29142,-1.34532],[30.29146,-1.35457],[30.28923,-1.35874],[30.29108,-1.36165],[30.2909,-1.36528],[30.28606,-1.37154],[30.28231,-1.38928],[30.28157,-1.39956],[30.28303,-1.4105],[30.27344,-1.42161],[30.27018,-1.42177],[30.2721,-1.4222],[30.27315,-1.42466],[30.27193,-1.43357],[30.27381,-1.44032],[30.28049,-1.44088],[30.28281,-1.43873],[30.28725,-1.44103],[30.29079,-1.43898],[30.29301,-1.44044],[30.29469,-1.43535],[30.3015,-1.43667],[30.3065,-1.43399],[30.30446,-1.42628],[30.29856,-1.42102],[30.30532,-1.41323],[30.31275,-1.41327],[30.31564,-1.41526],[30.32075,-1.41301],[30.32343,-1.41427],[30.32773,-1.41305],[30.3273,-1.39892],[30.33358,-1.3842],[30.33989,-1.3748],[30.3418,-1.36884],[30.34628,-1.36323],[30.35247,-1.36447],[30.35703,-1.36228],[30.37025,-1.3645],[30.38187,-1.37314],[30.38359,-1.38329],[30.38877,-1.39215],[30.40414,-1.37845],[30.40656,-1.36747],[30.41717,-1.34876],[30.41633,-1.34678],[30.42191,-1.33761],[30.42828,-1.3314]]]}},{"type":"Feature","properties":{"d":"Nyagatare","s":"RUKOMO"},"geometry":{"type":"Polygon","coordinates":[[[30.2465,-1.42073],[30.25057,-1.42065],[30.25579,-1.42281],[30.25976,-1.4277],[30.26522,-1.42283],[30.27018,-1.42177],[30.27344,-1.42161],[30.28303,-1.4105],[30.28157,-1.39956],[30.28231,-1.38928],[30.28606,-1.37154],[30.2909,-1.36528],[30.29108,-1.36165],[30.28923,-1.35874],[30.29146,-1.35457],[30.29142,-1.34532],[30.29326,-1.34012],[30.29525,-1.32371],[30.29801,-1.32114],[30.30356,-1.31955],[30.3075,-1.31545],[30.30373,-1.31426],[30.30137,-1.31067],[30.29747,-1.30904],[30.29685,-1.31088],[30.29394,-1.31222],[30.28675,-1.31162],[30.28282,-1.31457],[30.27257,-1.31587],[30.26559,-1.32187],[30.26594,-1.3239],[30.26311,-1.32618],[30.26338,-1.32735],[30.2514,-1.33239],[30.25124,-1.33437],[30.24815,-1.33522],[30.24756,-1.33833],[30.24452,-1.34162],[30.24115,-1.34257],[30.24074,-1.3441],[30.24016,-1.34682],[30.23128,-1.35497],[30.23073,-1.35747],[30.2278,-1.35737],[30.2245,-1.3608],[30.22739,-1.3675],[30.23016,-1.36682],[30.23142,-1.37203],[30.23504,-1.37531],[30.23299,-1.37813],[30.23417,-1.38226],[30.23663,-1.38174],[30.25261,-1.39804],[30.25192,-1.40828],[30.24518,-1.41118],[30.2465,-1.42073]]]}},{"type":"Feature","properties":{"d":"Nyagatare","s":"RWEMPASHA"},"geometry":{"type":"Polygon","coordinates":[[[30.40659,-1.17283],[30.40411,-1.1716],[30.39851,-1.17544],[30.39422,-1.17421],[30.38088,-1.17949],[30.37959,-1.17752],[30.3769,-1.17702],[30.36781,-1.17833],[30.3536,-1.18276],[30.34643,-1.18238],[30.34313,-1.18079],[30.34181,-1.17776],[30.3453,-1.16971],[30.34581,-1.1648],[30.34442,-1.16157],[30.34503,-1.15657],[30.3424,-1.14952],[30.34278,-1.14555],[30.34124,-1.14401],[30.34272,-1.14121],[30.34166,-1.13679],[30.34397,-1.13479],[30.34411,-1.13183],[30.34112,-1.13019],[30.3348,-1.13129],[30.32927,-1.13557],[30.32324,-1.1371],[30.31781,-1.14102],[30.31371,-1.14177],[30.31306,-1.14332],[30.30722,-1.14478],[30.29758,-1.15851],[30.29738,-1.16802],[30.29305,-1.17623],[30.29129,-1.18525],[30.29232,-1.18932],[30.28408,-1.19572],[30.27816,-1.19805],[30.27564,-1.20969],[30.27359,-1.21121],[30.27071,-1.21066],[30.26507,-1.21252],[30.25367,-1.22016],[30.2527,-1.22477],[30.24577,-1.23255],[30.24307,-1.24106],[30.23506,-1.24666],[30.2322,-1.2507],[30.2344,-1.25266],[30.23415,-1.25435],[30.23751,-1.25584],[30.2495,-1.2546],[30.25604,-1.25717],[30.26398,-1.2556],[30.27259,-1.25675],[30.27704,-1.25932],[30.28805,-1.27014],[30.29135,-1.27693],[30.28889,-1.28493],[30.30496,-1.28977],[30.31229,-1.28854],[30.31596,-1.29211],[30.31911,-1.2925],[30.32438,-1.2885],[30.3246,-1.2848],[30.32627,-1.28299],[30.32548,-1.2818],[30.32769,-1.27793],[30.32679,-1.27719],[30.32899,-1.26595],[30.33446,-1.25803],[30.33629,-1.2588],[30.33745,-1.25408],[30.34019,-1.25264],[30.34248,-1.25471],[30.34456,-1.25456],[30.34505,-1.24953],[30.3437,-1.24688],[30.34582,-1.24438],[30.35157,-1.24516],[30.34997,-1.24773],[30.35121,-1.24804],[30.35131,-1.25073],[30.35911,-1.2561],[30.35831,-1.26067],[30.36022,-1.26385],[30.36812,-1.2656],[30.37478,-1.26018],[30.38999,-1.25621],[30.39059,-1.25178],[30.39504,-1.25292],[30.39608,-1.2374],[30.39117,-1.23244],[30.38492,-1.23058],[30.37917,-1.23124],[30.37434,-1.2271],[30.37199,-1.22217],[30.38141,-1.21984],[30.39867,-1.21085],[30.40855,-1.20819],[30.41019,-1.19894],[30.40608,-1.19197],[30.40829,-1.17419],[30.40659,-1.17283]]]}},{"type":"Feature","properties":{"d":"Nyagatare","s":"RWIMIYAGA"},"geometry":{"type":"Polygon","coordinates":[[[30.56332,-1.32283],[30.55893,-1.31412],[30.559,-1.31112],[30.55461,-1.30609],[30.5595,-1.29649],[30.55868,-1.29224],[30.56196,-1.29145],[30.56228,-1.28924],[30.55978,-1.28778],[30.55689,-1.27468],[30.55236,-1.27214],[30.55211,-1.25294],[30.54554,-1.24545],[30.54062,-1.23413],[30.53334,-1.22589],[30.53009,-1.21857],[30.52406,-1.21275],[30.5212,-1.20494],[30.52206,-1.20044],[30.51463,-1.19266],[30.5121,-1.18156],[30.50896,-1.17538],[30.50942,-1.17174],[30.5055,-1.16939],[30.50111,-1.16396],[30.49614,-1.163],[30.4914,-1.16011],[30.4849,-1.15946],[30.48073,-1.16104],[30.47608,-1.16074],[30.46704,-1.16838],[30.46136,-1.17689],[30.4542,-1.17661],[30.4462,-1.18039],[30.43957,-1.18128],[30.42566,-1.18892],[30.42363,-1.18472],[30.41997,-1.1827],[30.42047,-1.18127],[30.41649,-1.17883],[30.41079,-1.17182],[30.40829,-1.17419],[30.40608,-1.19197],[30.41019,-1.19894],[30.40855,-1.20819],[30.39867,-1.21085],[30.38141,-1.21984],[30.37199,-1.22217],[30.37434,-1.2271],[30.37917,-1.23124],[30.38492,-1.23058],[30.39117,-1.23244],[30.39608,-1.2374],[30.39504,-1.25292],[30.39492,-1.25558],[30.39031,-1.25932],[30.39176,-1.26333],[30.39058,-1.26743],[30.38353,-1.27291],[30.38079,-1.27466],[30.38158,-1.28131],[30.37476,-1.28293],[30.37477,-1.28661],[30.3723,-1.28713],[30.37018,-1.29601],[30.36424,-1.30917],[30.37012,-1.31345],[30.37237,-1.3232],[30.38935,-1.31654],[30.39376,-1.31125],[30.39559,-1.30459],[30.3973,-1.30574],[30.40229,-1.30237],[30.40932,-1.30085],[30.41958,-1.30825],[30.43517,-1.31527],[30.43265,-1.31669],[30.43203,-1.32591],[30.42828,-1.3314],[30.43206,-1.33457],[30.4518,-1.34447],[30.45519,-1.34475],[30.45557,-1.34318],[30.47014,-1.34643],[30.4793,-1.35407],[30.50623,-1.35965],[30.51622,-1.35554],[30.5291,-1.33832],[30.53229,-1.33735],[30.54157,-1.33029],[30.54947,-1.32821],[30.56712,-1.32785],[30.56332,-1.32283]]]}},{"type":"Feature","properties":{"d":"Nyagatare","s":"TABAGWE"},"geometry":{"type":"Polygon","coordinates":[[[30.24074,-1.3441],[30.24115,-1.34257],[30.24452,-1.34162],[30.24756,-1.33833],[30.24815,-1.33522],[30.25124,-1.33437],[30.2514,-1.33239],[30.26338,-1.32735],[30.26311,-1.32618],[30.26594,-1.3239],[30.26559,-1.32187],[30.27257,-1.31587],[30.28282,-1.31457],[30.28675,-1.31162],[30.29394,-1.31222],[30.29685,-1.31088],[30.29747,-1.30904],[30.30137,-1.31067],[30.30373,-1.31426],[30.3075,-1.31545],[30.312,-1.30984],[30.31652,-1.30683],[30.31621,-1.30354],[30.31775,-1.30318],[30.31853,-1.30076],[30.31696,-1.29846],[30.31816,-1.2966],[30.31738,-1.29503],[30.31911,-1.2925],[30.31596,-1.29211],[30.31229,-1.28854],[30.30496,-1.28977],[30.28889,-1.28493],[30.29135,-1.27693],[30.28805,-1.27014],[30.27704,-1.25932],[30.27259,-1.25675],[30.26398,-1.2556],[30.25604,-1.25717],[30.2495,-1.2546],[30.23751,-1.25584],[30.23415,-1.25435],[30.2344,-1.25266],[30.2322,-1.2507],[30.2308,-1.25436],[30.22675,-1.25599],[30.22124,-1.26106],[30.21926,-1.26627],[30.21287,-1.26979],[30.21079,-1.27613],[30.20524,-1.27294],[30.19773,-1.27434],[30.19806,-1.28084],[30.19143,-1.2819],[30.18856,-1.27627],[30.18774,-1.27105],[30.17126,-1.27299],[30.17143,-1.28438],[30.17506,-1.30174],[30.16575,-1.30676],[30.16566,-1.31325],[30.16164,-1.31813],[30.1644,-1.32723],[30.1624,-1.33497],[30.16415,-1.33724],[30.16603,-1.33543],[30.16979,-1.33727],[30.17205,-1.33586],[30.17439,-1.33786],[30.17874,-1.33722],[30.18021,-1.33435],[30.18354,-1.33454],[30.18494,-1.33108],[30.19117,-1.32845],[30.19497,-1.33114],[30.19772,-1.32861],[30.20053,-1.32874],[30.20549,-1.33322],[30.21309,-1.33597],[30.21599,-1.32965],[30.21601,-1.3315],[30.22043,-1.33523],[30.228,-1.33915],[30.23302,-1.33976],[30.23491,-1.33735],[30.24074,-1.3441]]]}},{"type":"Feature","properties":{"d":"Gatsibo","s":"Gasange"},"geometry":{"type":"Polygon","coordinates":[[[30.27562,-1.83047],[30.28637,-1.82415],[30.29428,-1.82483],[30.29869,-1.82874],[30.31152,-1.84772],[30.32187,-1.85945],[30.32936,-1.84366],[30.33094,-1.83346],[30.32761,-1.82776],[30.32788,-1.82515],[30.32424,-1.81471],[30.32141,-1.81048],[30.31443,-1.80607],[30.31053,-1.8035],[30.30699,-1.79811],[30.29473,-1.78633],[30.28887,-1.78459],[30.28528,-1.77309],[30.27689,-1.76164],[30.27127,-1.75886],[30.26706,-1.74986],[30.25944,-1.74298],[30.25342,-1.74574],[30.25385,-1.75308],[30.25555,-1.76185],[30.26281,-1.78005],[30.27419,-1.79534],[30.2751,-1.80698],[30.27126,-1.81727],[30.27562,-1.83047]]]}},{"type":"Feature","properties":{"d":"Gatsibo","s":"Gatsibo"},"geometry":{"type":"Polygon","coordinates":[[[30.22403,-1.65079],[30.23022,-1.64439],[30.23228,-1.63833],[30.24236,-1.64626],[30.25734,-1.64246],[30.25394,-1.6385],[30.25419,-1.63456],[30.2414,-1.62472],[30.2401,-1.62119],[30.24128,-1.61834],[30.24411,-1.61635],[30.24927,-1.61587],[30.25189,-1.61242],[30.25623,-1.60988],[30.25875,-1.61167],[30.25964,-1.60927],[30.26248,-1.61243],[30.266,-1.61385],[30.26969,-1.61245],[30.27131,-1.61521],[30.27235,-1.61417],[30.28551,-1.61742],[30.2863,-1.6163],[30.28822,-1.61804],[30.29013,-1.61406],[30.29425,-1.61069],[30.29395,-1.60498],[30.29145,-1.59928],[30.29076,-1.59048],[30.28911,-1.58711],[30.2906,-1.57813],[30.29362,-1.57062],[30.2903,-1.56938],[30.27916,-1.56995],[30.2694,-1.56834],[30.25642,-1.56274],[30.25325,-1.56298],[30.24968,-1.55996],[30.24665,-1.56259],[30.24119,-1.56193],[30.24236,-1.56349],[30.2376,-1.56763],[30.23806,-1.57472],[30.23559,-1.57634],[30.23504,-1.57927],[30.23712,-1.58493],[30.23603,-1.58582],[30.23467,-1.58629],[30.23316,-1.58419],[30.22644,-1.58575],[30.22533,-1.58484],[30.22598,-1.57936],[30.22187,-1.57671],[30.2095,-1.57524],[30.20925,-1.57715],[30.20659,-1.57712],[30.21113,-1.5849],[30.21172,-1.58842],[30.21501,-1.5877],[30.21826,-1.59066],[30.21843,-1.59637],[30.20516,-1.59695],[30.19758,-1.60133],[30.19746,-1.60653],[30.19954,-1.60851],[30.19965,-1.615],[30.20143,-1.6186],[30.20128,-1.6218],[30.19723,-1.62423],[30.20137,-1.62858],[30.206,-1.62688],[30.20816,-1.62757],[30.2111,-1.63322],[30.21064,-1.63843],[30.21614,-1.64441],[30.21656,-1.65023],[30.22004,-1.65224],[30.22403,-1.65079]]]}},{"type":"Feature","properties":{"d":"Gatsibo","s":"Gitoki"},"geometry":{"type":"Polygon","coordinates":[[[30.29425,-1.61069],[30.29498,-1.61867],[30.29891,-1.62852],[30.28497,-1.63351],[30.28682,-1.64411],[30.28879,-1.64514],[30.29044,-1.64875],[30.29058,-1.65126],[30.28874,-1.65351],[30.28913,-1.65715],[30.29154,-1.65991],[30.28818,-1.66528],[30.28471,-1.66669],[30.28315,-1.66917],[30.28936,-1.67826],[30.29508,-1.68001],[30.29611,-1.67699],[30.29356,-1.67397],[30.29328,-1.66724],[30.30689,-1.64869],[30.31148,-1.65517],[30.31977,-1.65986],[30.31733,-1.66848],[30.31909,-1.67114],[30.32512,-1.67564],[30.32766,-1.67421],[30.33583,-1.67547],[30.34209,-1.68127],[30.34249,-1.68689],[30.34392,-1.68845],[30.34901,-1.68652],[30.35079,-1.68318],[30.35518,-1.68229],[30.36456,-1.67086],[30.37574,-1.66264],[30.38656,-1.66401],[30.39591,-1.67064],[30.40104,-1.66865],[30.4052,-1.66995],[30.4097,-1.66746],[30.40754,-1.66188],[30.39803,-1.6545],[30.38727,-1.64907],[30.38364,-1.64966],[30.38622,-1.64573],[30.38971,-1.64037],[30.38598,-1.63945],[30.38153,-1.63014],[30.37775,-1.62918],[30.3726,-1.63088],[30.37253,-1.62928],[30.35884,-1.62168],[30.35608,-1.61833],[30.35491,-1.61149],[30.34446,-1.60996],[30.34169,-1.60606],[30.33605,-1.60902],[30.3291,-1.60688],[30.32506,-1.60828],[30.3119,-1.59426],[30.30321,-1.59215],[30.29776,-1.58508],[30.29253,-1.58179],[30.29225,-1.57927],[30.2906,-1.57813],[30.28911,-1.58711],[30.29076,-1.59048],[30.29145,-1.59928],[30.29395,-1.60498],[30.29425,-1.61069]]]}},{"type":"Feature","properties":{"d":"Gatsibo","s":"Kabarore"},"geometry":{"type":"Polygon","coordinates":[[[30.34599,-1.497],[30.33429,-1.50258],[30.3269,-1.50843],[30.31828,-1.52443],[30.31601,-1.53191],[30.30667,-1.55691],[30.30154,-1.55953],[30.29788,-1.56649],[30.29362,-1.57062],[30.2906,-1.57813],[30.29225,-1.57927],[30.29253,-1.58179],[30.29776,-1.58508],[30.30321,-1.59215],[30.3119,-1.59426],[30.32506,-1.60828],[30.3291,-1.60688],[30.33605,-1.60902],[30.34169,-1.60606],[30.34446,-1.60996],[30.35491,-1.61149],[30.35608,-1.61833],[30.35884,-1.62168],[30.37253,-1.62928],[30.3726,-1.63088],[30.37775,-1.62918],[30.38153,-1.63014],[30.38598,-1.63945],[30.38971,-1.64037],[30.38622,-1.64573],[30.3994,-1.64712],[30.40058,-1.64551],[30.40382,-1.64591],[30.41089,-1.65168],[30.41273,-1.65066],[30.41158,-1.63389],[30.41849,-1.62593],[30.41701,-1.62199],[30.4248,-1.61547],[30.42693,-1.61129],[30.42896,-1.61079],[30.42843,-1.60954],[30.43712,-1.60284],[30.43879,-1.60306],[30.44563,-1.59571],[30.45528,-1.59338],[30.46223,-1.58547],[30.46282,-1.54942],[30.45977,-1.53603],[30.47335,-1.5181],[30.47471,-1.50849],[30.47367,-1.5039],[30.47584,-1.50096],[30.4746,-1.49328],[30.47598,-1.48818],[30.47203,-1.48902],[30.46935,-1.48676],[30.46486,-1.47416],[30.46295,-1.47159],[30.45625,-1.46804],[30.44809,-1.47058],[30.4455,-1.47424],[30.44144,-1.47662],[30.43385,-1.47733],[30.43339,-1.48177],[30.4308,-1.48439],[30.41582,-1.48539],[30.40499,-1.48199],[30.40775,-1.50113],[30.40432,-1.50793],[30.40331,-1.52293],[30.39709,-1.5356],[30.39444,-1.54729],[30.3927,-1.54794],[30.38086,-1.54285],[30.36654,-1.5452],[30.34543,-1.54589],[30.34745,-1.54227],[30.34574,-1.52628],[30.34758,-1.51301],[30.34722,-1.49734],[30.34599,-1.497]]]}},{"type":"Feature","properties":{"d":"Gatsibo","s":"Kageyo"},"geometry":{"type":"Polygon","coordinates":[[[30.26296,-1.7085],[30.2656,-1.70923],[30.26893,-1.71475],[30.27527,-1.71872],[30.28004,-1.71545],[30.28623,-1.7042],[30.29074,-1.70295],[30.28834,-1.69732],[30.2958,-1.686],[30.29508,-1.68001],[30.28936,-1.67826],[30.28315,-1.66917],[30.28471,-1.66669],[30.28818,-1.66528],[30.29154,-1.65991],[30.28913,-1.65715],[30.28874,-1.65351],[30.29058,-1.65126],[30.29044,-1.64875],[30.28879,-1.64514],[30.28682,-1.64411],[30.28497,-1.63351],[30.29891,-1.62852],[30.29498,-1.61867],[30.29425,-1.61069],[30.29013,-1.61406],[30.28822,-1.61804],[30.2863,-1.6163],[30.28551,-1.61742],[30.27235,-1.61417],[30.27131,-1.61521],[30.26969,-1.61245],[30.266,-1.61385],[30.26248,-1.61243],[30.25964,-1.60927],[30.25875,-1.61167],[30.25623,-1.60988],[30.25189,-1.61242],[30.24927,-1.61587],[30.24411,-1.61635],[30.24128,-1.61834],[30.2401,-1.62119],[30.2414,-1.62472],[30.25419,-1.63456],[30.25394,-1.6385],[30.25734,-1.64246],[30.24236,-1.64626],[30.23228,-1.63833],[30.23022,-1.64439],[30.22403,-1.65079],[30.22427,-1.65747],[30.22705,-1.66175],[30.22774,-1.66792],[30.23579,-1.67196],[30.23919,-1.67213],[30.24237,-1.67397],[30.24607,-1.68036],[30.25242,-1.68693],[30.25238,-1.69208],[30.25672,-1.69657],[30.26296,-1.7085]]]}},{"type":"Feature","properties":{"d":"Gatsibo","s":"Kiramuruzi"},"geometry":{"type":"Polygon","coordinates":[[[30.41406,-1.84948],[30.41977,-1.84642],[30.4286,-1.82922],[30.44596,-1.80966],[30.44921,-1.80052],[30.44812,-1.78866],[30.43462,-1.78206],[30.43069,-1.78664],[30.43126,-1.79236],[30.42371,-1.79318],[30.41287,-1.79884],[30.41264,-1.79374],[30.41012,-1.78884],[30.40345,-1.78213],[30.39822,-1.78285],[30.38922,-1.78137],[30.38253,-1.78662],[30.38148,-1.79535],[30.37854,-1.79809],[30.37645,-1.79993],[30.37415,-1.80879],[30.36726,-1.81678],[30.35797,-1.83471],[30.35806,-1.84796],[30.36629,-1.86953],[30.37764,-1.86897],[30.38586,-1.86614],[30.39949,-1.85631],[30.41406,-1.84948]]]}},{"type":"Feature","properties":{"d":"Gatsibo","s":"Kiziguro"},"geometry":{"type":"Polygon","coordinates":[[[30.44812,-1.78866],[30.44936,-1.77502],[30.45918,-1.76623],[30.45995,-1.74508],[30.4541,-1.74007],[30.45293,-1.73642],[30.44907,-1.73118],[30.44445,-1.72927],[30.44338,-1.72726],[30.44018,-1.7323],[30.43659,-1.73495],[30.43555,-1.73333],[30.4323,-1.73533],[30.42939,-1.73221],[30.42024,-1.7296],[30.4176,-1.72601],[30.42082,-1.72445],[30.41963,-1.71765],[30.41657,-1.71308],[30.41327,-1.71191],[30.40815,-1.72016],[30.39429,-1.73557],[30.38277,-1.7366],[30.37617,-1.73923],[30.3666,-1.73888],[30.36185,-1.73618],[30.35903,-1.74464],[30.36,-1.74819],[30.36509,-1.7552],[30.37257,-1.7661],[30.37335,-1.77521],[30.37233,-1.77677],[30.37504,-1.78721],[30.37847,-1.79026],[30.37854,-1.79809],[30.38148,-1.79535],[30.38253,-1.78662],[30.38922,-1.78137],[30.39822,-1.78285],[30.40345,-1.78213],[30.41012,-1.78884],[30.41264,-1.79374],[30.41287,-1.79884],[30.42371,-1.79318],[30.43126,-1.79236],[30.43069,-1.78664],[30.43462,-1.78206],[30.44812,-1.78866]]]}},{"type":"Feature","properties":{"d":"Gatsibo","s":"Muhura"},"geometry":{"type":"Polygon","coordinates":[[[30.25342,-1.74574],[30.25944,-1.74298],[30.26706,-1.74986],[30.27127,-1.75886],[30.27689,-1.76164],[30.28528,-1.77309],[30.28887,-1.78459],[30.29473,-1.78633],[30.30699,-1.79811],[30.31053,-1.8035],[30.31443,-1.80607],[30.31466,-1.80129],[30.31929,-1.78994],[30.31426,-1.78174],[30.31905,-1.7771],[30.32995,-1.77537],[30.33429,-1.77196],[30.33835,-1.77077],[30.33633,-1.76996],[30.33395,-1.76365],[30.32991,-1.76226],[30.32792,-1.76376],[30.32373,-1.76397],[30.32108,-1.75254],[30.32196,-1.7482],[30.3302,-1.73236],[30.33218,-1.72202],[30.32122,-1.72279],[30.31007,-1.71829],[30.29074,-1.70295],[30.28623,-1.7042],[30.28004,-1.71545],[30.27527,-1.71872],[30.26893,-1.71475],[30.2656,-1.70923],[30.26296,-1.7085],[30.24701,-1.71975],[30.24709,-1.72198],[30.25224,-1.72772],[30.25482,-1.73791],[30.25342,-1.74574]]]}},{"type":"Feature","properties":{"d":"Gatsibo","s":"Murambi"},"geometry":{"type":"Polygon","coordinates":[[[30.32215,-1.85977],[30.33135,-1.86273],[30.33975,-1.86994],[30.35302,-1.87597],[30.35908,-1.87434],[30.36629,-1.86953],[30.35806,-1.84796],[30.35797,-1.83471],[30.36726,-1.81678],[30.37415,-1.80879],[30.37645,-1.79993],[30.37854,-1.79809],[30.37847,-1.79026],[30.37504,-1.78721],[30.37233,-1.77677],[30.37335,-1.77521],[30.37257,-1.7661],[30.36509,-1.7552],[30.35716,-1.75834],[30.35171,-1.75714],[30.34408,-1.75855],[30.33476,-1.75343],[30.33395,-1.76365],[30.33633,-1.76996],[30.33835,-1.77077],[30.33429,-1.77196],[30.32995,-1.77537],[30.31905,-1.7771],[30.31426,-1.78174],[30.31929,-1.78994],[30.31466,-1.80129],[30.31443,-1.80607],[30.32141,-1.81048],[30.32424,-1.81471],[30.32788,-1.82515],[30.32761,-1.82776],[30.33094,-1.83346],[30.32936,-1.84366],[30.32187,-1.85945],[30.32215,-1.85977]]]}},{"type":"Feature","properties":{"d":"Gatsibo","s":"Ngarama"},"geometry":{"type":"Polygon","coordinates":[[[30.26697,-1.48567],[30.2618,-1.48413],[30.25957,-1.48484],[30.25677,-1.48225],[30.25556,-1.48468],[30.2479,-1.48537],[30.24759,-1.48962],[30.24529,-1.48801],[30.23474,-1.49073],[30.22713,-1.49527],[30.23,-1.50143],[30.22605,-1.51211],[30.23479,-1.53561],[30.23478,-1.54407],[30.23222,-1.54929],[30.24119,-1.56193],[30.24665,-1.56259],[30.24968,-1.55996],[30.25325,-1.56298],[30.25642,-1.56274],[30.2694,-1.56834],[30.27916,-1.56995],[30.2903,-1.56938],[30.29362,-1.57062],[30.29788,-1.56649],[30.30154,-1.55953],[30.30667,-1.55691],[30.31601,-1.53191],[30.29725,-1.52837],[30.29066,-1.52361],[30.28055,-1.51924],[30.27943,-1.51527],[30.27524,-1.51515],[30.2727,-1.51345],[30.27196,-1.51082],[30.27449,-1.50444],[30.27463,-1.49616],[30.26697,-1.48567]]]}},{"type":"Feature","properties":{"d":"Gatsibo","s":"Nyagihanga"},"geometry":{"type":"Polygon","coordinates":[[[30.17057,-1.58239],[30.18285,-1.60581],[30.18946,-1.61306],[30.19409,-1.62557],[30.19723,-1.62423],[30.20128,-1.6218],[30.20143,-1.6186],[30.19965,-1.615],[30.19954,-1.60851],[30.19746,-1.60653],[30.19758,-1.60133],[30.20516,-1.59695],[30.21843,-1.59637],[30.21826,-1.59066],[30.21501,-1.5877],[30.21172,-1.58842],[30.21113,-1.5849],[30.20659,-1.57712],[30.20925,-1.57715],[30.2095,-1.57524],[30.22187,-1.57671],[30.22598,-1.57936],[30.22533,-1.58484],[30.22644,-1.58575],[30.23316,-1.58419],[30.23467,-1.58629],[30.23603,-1.58582],[30.23712,-1.58493],[30.23504,-1.57927],[30.23559,-1.57634],[30.23806,-1.57472],[30.2376,-1.56763],[30.24236,-1.56349],[30.24119,-1.56193],[30.23222,-1.54929],[30.23478,-1.54407],[30.23479,-1.53561],[30.22605,-1.51211],[30.23,-1.50143],[30.22713,-1.49527],[30.22486,-1.49247],[30.22231,-1.49273],[30.21568,-1.49788],[30.2098,-1.49487],[30.20461,-1.49882],[30.20071,-1.49777],[30.19716,-1.49928],[30.19529,-1.50344],[30.19743,-1.50806],[30.19411,-1.51127],[30.19415,-1.51281],[30.1911,-1.51526],[30.18546,-1.51559],[30.18415,-1.51789],[30.18133,-1.51877],[30.17809,-1.53097],[30.17358,-1.5333],[30.16702,-1.53432],[30.16416,-1.53728],[30.16249,-1.54292],[30.16324,-1.55598],[30.16908,-1.56651],[30.17057,-1.58239]]]}},{"type":"Feature","properties":{"d":"Gatsibo","s":"Remera"},"geometry":{"type":"Polygon","coordinates":[[[30.29508,-1.68001],[30.2958,-1.686],[30.28834,-1.69732],[30.29074,-1.70295],[30.31007,-1.71829],[30.32122,-1.72279],[30.33218,-1.72202],[30.3302,-1.73236],[30.32196,-1.7482],[30.32108,-1.75254],[30.32373,-1.76397],[30.32792,-1.76376],[30.32991,-1.76226],[30.33395,-1.76365],[30.33476,-1.75343],[30.34408,-1.75855],[30.35171,-1.75714],[30.35716,-1.75834],[30.36509,-1.7552],[30.36,-1.74819],[30.35903,-1.74464],[30.36185,-1.73618],[30.36752,-1.72528],[30.36618,-1.71844],[30.36005,-1.71395],[30.34935,-1.7115],[30.34686,-1.70012],[30.34157,-1.69497],[30.34206,-1.69009],[30.34392,-1.68845],[30.34249,-1.68689],[30.34209,-1.68127],[30.33583,-1.67547],[30.32766,-1.67421],[30.32512,-1.67564],[30.31909,-1.67114],[30.31733,-1.66848],[30.31977,-1.65986],[30.31148,-1.65517],[30.30689,-1.64869],[30.29328,-1.66724],[30.29356,-1.67397],[30.29611,-1.67699],[30.29508,-1.68001]]]}},{"type":"Feature","properties":{"d":"Gatsibo","s":"Rugarama"},"geometry":{"type":"Polygon","coordinates":[[[30.34392,-1.68845],[30.34206,-1.69009],[30.34157,-1.69497],[30.34686,-1.70012],[30.34935,-1.7115],[30.36005,-1.71395],[30.36618,-1.71844],[30.36752,-1.72528],[30.36185,-1.73618],[30.3666,-1.73888],[30.37617,-1.73923],[30.38277,-1.7366],[30.39429,-1.73557],[30.40815,-1.72016],[30.41327,-1.71191],[30.41657,-1.71308],[30.41963,-1.71765],[30.42082,-1.72445],[30.4176,-1.72601],[30.42024,-1.7296],[30.42939,-1.73221],[30.4323,-1.73533],[30.43555,-1.73333],[30.43659,-1.73495],[30.44018,-1.7323],[30.44338,-1.72726],[30.44448,-1.71043],[30.45213,-1.69894],[30.4594,-1.68256],[30.4655,-1.67456],[30.45898,-1.669],[30.45402,-1.66739],[30.45364,-1.665],[30.44944,-1.66209],[30.44585,-1.66317],[30.44101,-1.6625],[30.43708,-1.66652],[30.43565,-1.67078],[30.4323,-1.67338],[30.4298,-1.67371],[30.41834,-1.66866],[30.41365,-1.66961],[30.4093,-1.67337],[30.4052,-1.66995],[30.40104,-1.66865],[30.39591,-1.67064],[30.38656,-1.66401],[30.37574,-1.66264],[30.36456,-1.67086],[30.35518,-1.68229],[30.35079,-1.68318],[30.34901,-1.68652],[30.34392,-1.68845]]]}},{"type":"Feature","properties":{"d":"Gatsibo","s":"Rwimbogo"},"geometry":{"type":"Polygon","coordinates":[[[30.47598,-1.48818],[30.4746,-1.49328],[30.47584,-1.50096],[30.47367,-1.5039],[30.47471,-1.50849],[30.47335,-1.5181],[30.45977,-1.53603],[30.46282,-1.54942],[30.46223,-1.58547],[30.45528,-1.59338],[30.44563,-1.59571],[30.43879,-1.60306],[30.43712,-1.60284],[30.42843,-1.60954],[30.42896,-1.61079],[30.42693,-1.61129],[30.4248,-1.61547],[30.41701,-1.62199],[30.41849,-1.62593],[30.41158,-1.63389],[30.41273,-1.65066],[30.41089,-1.65168],[30.40382,-1.64591],[30.40058,-1.64551],[30.3994,-1.64712],[30.38622,-1.64573],[30.38364,-1.64966],[30.38727,-1.64907],[30.39803,-1.6545],[30.40754,-1.66188],[30.4097,-1.66746],[30.4052,-1.66995],[30.4093,-1.67337],[30.41365,-1.66961],[30.41834,-1.66866],[30.4298,-1.67371],[30.4323,-1.67338],[30.43565,-1.67078],[30.43708,-1.66652],[30.44101,-1.6625],[30.44585,-1.66317],[30.44944,-1.66209],[30.45364,-1.665],[30.45402,-1.66739],[30.45898,-1.669],[30.4655,-1.67456],[30.47849,-1.67077],[30.48596,-1.67191],[30.48865,-1.67377],[30.49325,-1.66764],[30.49664,-1.66656],[30.50805,-1.66656],[30.51476,-1.66371],[30.52609,-1.66426],[30.52988,-1.66205],[30.52907,-1.65895],[30.5249,-1.65559],[30.51918,-1.65407],[30.51592,-1.64358],[30.55879,-1.62661],[30.63821,-1.59971],[30.83915,-1.65084],[30.74599,-1.52206],[30.74631,-1.51967],[30.74438,-1.51792],[30.73913,-1.45822],[30.55289,-1.46927],[30.52427,-1.47839],[30.51066,-1.47893],[30.50593,-1.48134],[30.47598,-1.48818]]]}},{"type":"Feature","properties":{"d":"Kayonza","s":"Gahini"},"geometry":{"type":"Polygon","coordinates":[[[30.4889,-1.85911],[30.49236,-1.8615],[30.49903,-1.87044],[30.50361,-1.87334],[30.51658,-1.87589],[30.52713,-1.87527],[30.53179,-1.87674],[30.53884,-1.86219],[30.54348,-1.86046],[30.55095,-1.86149],[30.55565,-1.85099],[30.56145,-1.86287],[30.56774,-1.85873],[30.56956,-1.85656],[30.57151,-1.84873],[30.58079,-1.8384],[30.58135,-1.83376],[30.58712,-1.8301],[30.59222,-1.82263],[30.59517,-1.82557],[30.59366,-1.83407],[30.59187,-1.83658],[30.59698,-1.83423],[30.59704,-1.8373],[30.6025,-1.84473],[30.60229,-1.85366],[30.60586,-1.85487],[30.61195,-1.84973],[30.61423,-1.84447],[30.62621,-1.843],[30.6297,-1.83777],[30.64097,-1.83545],[30.6361,-1.81976],[30.63677,-1.79915],[30.64124,-1.78848],[30.64572,-1.78404],[30.64875,-1.77773],[30.65018,-1.7702],[30.654,-1.76479],[30.6555,-1.75308],[30.65701,-1.75311],[30.65734,-1.73316],[30.66707,-1.73406],[30.66722,-1.73116],[30.66736,-1.72838],[30.65893,-1.70715],[30.65359,-1.66104],[30.65181,-1.65604],[30.64376,-1.66201],[30.64313,-1.66806],[30.62808,-1.67563],[30.6296,-1.67756],[30.61954,-1.6859],[30.62156,-1.68881],[30.61478,-1.69584],[30.60096,-1.70446],[30.59785,-1.71276],[30.60026,-1.72258],[30.58782,-1.73936],[30.58312,-1.75331],[30.57895,-1.75331],[30.57572,-1.75588],[30.57033,-1.77014],[30.56145,-1.77442],[30.54981,-1.78616],[30.54375,-1.78718],[30.5429,-1.80296],[30.53618,-1.80058],[30.53312,-1.80176],[30.53251,-1.80498],[30.52448,-1.80243],[30.52148,-1.80306],[30.51058,-1.81403],[30.50791,-1.82938],[30.50542,-1.83184],[30.48328,-1.83515],[30.47193,-1.83895],[30.46804,-1.84272],[30.4889,-1.85911]]]}},{"type":"Feature","properties":{"d":"Kayonza","s":"Kabare"},"geometry":{"type":"Polygon","coordinates":[[[30.68657,-1.95037],[30.69211,-1.93938],[30.6952,-1.92859],[30.68578,-1.92271],[30.67949,-1.92049],[30.67789,-1.92266],[30.6773,-1.92863],[30.67387,-1.93458],[30.67414,-1.93888],[30.67168,-1.94153],[30.67211,-1.94659],[30.66792,-1.94965],[30.66579,-1.95371],[30.66625,-1.95685],[30.66124,-1.96311],[30.6581,-1.98058],[30.6512,-1.98101],[30.64888,-1.98441],[30.65002,-1.98717],[30.64781,-1.98751],[30.64386,-1.99461],[30.63891,-1.9946],[30.63771,-1.99879],[30.63959,-2.00272],[30.63461,-2.01463],[30.63214,-2.02381],[30.63227,-2.02924],[30.62795,-2.03842],[30.62786,-2.04369],[30.62515,-2.04614],[30.62449,-2.05679],[30.61905,-2.06506],[30.61745,-2.07425],[30.61318,-2.0805],[30.61216,-2.08769],[30.60677,-2.09653],[30.60769,-2.09799],[30.61171,-2.10045],[30.60887,-2.10889],[30.60917,-2.11418],[30.61977,-2.11386],[30.62844,-2.125],[30.63329,-2.12312],[30.63965,-2.12344],[30.64644,-2.11941],[30.65574,-2.11896],[30.65606,-2.11586],[30.66068,-2.1175],[30.66383,-2.11384],[30.66818,-2.1148],[30.67034,-2.11317],[30.67483,-2.11284],[30.6773,-2.10277],[30.67907,-2.10219],[30.6806,-2.09864],[30.68013,-2.09325],[30.68386,-2.08833],[30.68844,-2.08516],[30.69368,-2.08244],[30.69155,-2.09079],[30.69615,-2.09186],[30.70727,-2.08619],[30.70878,-2.07548],[30.70819,-2.06779],[30.71092,-2.05926],[30.70911,-2.0577],[30.67241,-2.04569],[30.67457,-2.03466],[30.67367,-2.02825],[30.67122,-2.02281],[30.6674,-2.02411],[30.66486,-2.02343],[30.66555,-2.019],[30.66861,-2.01634],[30.67108,-2.01072],[30.67134,-2.00946],[30.66904,-2.00964],[30.67109,-1.99418],[30.67459,-1.99592],[30.67865,-1.98525],[30.67601,-1.9811],[30.67583,-1.9752],[30.6793,-1.97047],[30.68193,-1.96124],[30.68533,-1.95681],[30.68657,-1.95037]]]}},{"type":"Feature","properties":{"d":"Kayonza","s":"Kabarondo"},"geometry":{"type":"Polygon","coordinates":[[[30.5602,-1.98658],[30.55727,-1.98583],[30.55603,-1.97932],[30.54873,-1.96933],[30.54123,-1.96406],[30.54149,-1.98645],[30.53983,-1.99519],[30.53178,-1.99938],[30.5252,-2.01001],[30.5221,-2.01989],[30.51065,-2.0215],[30.50326,-2.02855],[30.50255,-2.04552],[30.50696,-2.04687],[30.51618,-2.05865],[30.52404,-2.06291],[30.52903,-2.06372],[30.53492,-2.06046],[30.54072,-2.05453],[30.54503,-2.05498],[30.55005,-2.05342],[30.55458,-2.05356],[30.55846,-2.0555],[30.56102,-2.06008],[30.5601,-2.06263],[30.56183,-2.06414],[30.56725,-2.06411],[30.56888,-2.06237],[30.57573,-2.06075],[30.57912,-2.06129],[30.57379,-2.02915],[30.57579,-2.02353],[30.57624,-2.01433],[30.5751,-2.01124],[30.57686,-2.00592],[30.57699,-1.99902],[30.58101,-1.99311],[30.57544,-1.98979],[30.56711,-1.99278],[30.5602,-1.98658]]]}},{"type":"Feature","properties":{"d":"Kayonza","s":"Mukarange"},"geometry":{"type":"Polygon","coordinates":[[[30.46974,-1.93916],[30.47767,-1.94018],[30.48117,-1.9361],[30.48708,-1.93523],[30.48827,-1.93204],[30.4926,-1.93308],[30.49422,-1.92489],[30.4935,-1.91987],[30.49441,-1.92015],[30.49312,-1.91671],[30.51115,-1.92008],[30.51581,-1.91856],[30.51974,-1.91424],[30.52968,-1.92415],[30.53481,-1.92615],[30.54247,-1.926],[30.5426,-1.93043],[30.55431,-1.93885],[30.55769,-1.93615],[30.55826,-1.9308],[30.56081,-1.9272],[30.55991,-1.91934],[30.56156,-1.91538],[30.55843,-1.90631],[30.54414,-1.90424],[30.53893,-1.89506],[30.53669,-1.88566],[30.53179,-1.87674],[30.52713,-1.87527],[30.51658,-1.87589],[30.50361,-1.87334],[30.49903,-1.87044],[30.49236,-1.8615],[30.4889,-1.85911],[30.48633,-1.86872],[30.4871,-1.8723],[30.48255,-1.88799],[30.47835,-1.89037],[30.4713,-1.88846],[30.4657,-1.88497],[30.46362,-1.8865],[30.46094,-1.88601],[30.45926,-1.89089],[30.45996,-1.9002],[30.46147,-1.90292],[30.45921,-1.90538],[30.45874,-1.90951],[30.46673,-1.92225],[30.46918,-1.92872],[30.46974,-1.93916]]]}},{"type":"Feature","properties":{"d":"Kayonza","s":"Murama"},"geometry":{"type":"Polygon","coordinates":[[[30.63771,-1.99879],[30.6356,-1.99808],[30.63299,-2.00015],[30.63107,-1.99561],[30.6288,-1.99412],[30.62848,-1.99017],[30.63341,-1.99252],[30.63607,-1.9923],[30.63603,-1.9909],[30.63154,-1.98862],[30.6304,-1.98469],[30.6276,-1.9841],[30.6259,-1.98661],[30.62112,-1.98564],[30.61815,-1.98172],[30.61672,-1.97667],[30.61225,-1.97653],[30.60677,-1.97429],[30.59265,-1.98387],[30.59022,-1.98207],[30.58064,-1.98488],[30.58101,-1.99311],[30.57699,-1.99902],[30.57686,-2.00592],[30.5751,-2.01124],[30.57624,-2.01433],[30.57579,-2.02353],[30.57379,-2.02915],[30.57912,-2.06129],[30.58111,-2.06621],[30.57526,-2.08115],[30.57444,-2.08703],[30.57612,-2.09216],[30.58701,-2.09181],[30.58919,-2.09439],[30.59723,-2.09675],[30.60076,-2.09625],[30.60269,-2.10015],[30.60658,-2.10154],[30.60769,-2.09799],[30.60677,-2.09653],[30.61216,-2.08769],[30.61318,-2.0805],[30.61745,-2.07425],[30.61905,-2.06506],[30.62449,-2.05679],[30.62515,-2.04614],[30.62786,-2.04369],[30.62795,-2.03842],[30.63227,-2.02924],[30.63214,-2.02381],[30.63461,-2.01463],[30.63959,-2.00272],[30.63771,-1.99879]]]}},{"type":"Feature","properties":{"d":"Kayonza","s":"Murundi"},"geometry":{"type":"Polygon","coordinates":[[[30.45293,-1.73642],[30.46405,-1.73757],[30.47192,-1.73456],[30.47853,-1.73444],[30.48003,-1.73863],[30.47453,-1.74471],[30.47522,-1.75697],[30.48239,-1.75828],[30.48833,-1.76303],[30.48755,-1.76633],[30.49041,-1.76991],[30.49027,-1.77489],[30.49255,-1.77705],[30.49611,-1.77467],[30.49787,-1.76924],[30.50246,-1.76882],[30.50204,-1.77503],[30.50355,-1.78004],[30.50244,-1.7837],[30.50707,-1.79774],[30.51128,-1.79929],[30.51397,-1.80234],[30.52148,-1.80306],[30.52448,-1.80243],[30.53251,-1.80498],[30.53312,-1.80176],[30.53618,-1.80058],[30.5429,-1.80296],[30.54375,-1.78718],[30.54981,-1.78616],[30.56145,-1.77442],[30.57033,-1.77014],[30.57572,-1.75588],[30.57895,-1.75331],[30.58312,-1.75331],[30.58782,-1.73936],[30.60026,-1.72258],[30.59785,-1.71276],[30.60096,-1.70446],[30.61478,-1.69584],[30.62156,-1.68881],[30.61954,-1.6859],[30.6296,-1.67756],[30.62808,-1.67563],[30.64313,-1.66806],[30.64376,-1.66201],[30.65181,-1.65604],[30.65359,-1.66104],[30.65893,-1.70715],[30.66736,-1.72838],[30.66722,-1.73116],[30.82304,-1.72949],[30.82122,-1.70892],[30.82235,-1.70455],[30.82146,-1.69325],[30.83915,-1.65084],[30.63821,-1.59971],[30.55879,-1.62661],[30.51592,-1.64358],[30.51918,-1.65407],[30.5249,-1.65559],[30.52907,-1.65895],[30.52988,-1.66205],[30.52609,-1.66426],[30.51476,-1.66371],[30.50805,-1.66656],[30.49664,-1.66656],[30.49325,-1.66764],[30.48865,-1.67377],[30.48596,-1.67191],[30.47849,-1.67077],[30.4655,-1.67456],[30.4594,-1.68256],[30.45213,-1.69894],[30.44448,-1.71043],[30.44338,-1.72726],[30.44445,-1.72927],[30.44907,-1.73118],[30.45293,-1.73642]]]}},{"type":"Feature","properties":{"d":"Kayonza","s":"Mwiri"},"geometry":{"type":"Polygon","coordinates":[[[30.53179,-1.87674],[30.53669,-1.88566],[30.53893,-1.89506],[30.54414,-1.90424],[30.55843,-1.90631],[30.56156,-1.91538],[30.57355,-1.91827],[30.57581,-1.9186],[30.57733,-1.91586],[30.5841,-1.91159],[30.58922,-1.91052],[30.59754,-1.9061],[30.60095,-1.90619],[30.60419,-1.90354],[30.61047,-1.90365],[30.6168,-1.90025],[30.623,-1.89968],[30.62539,-1.89395],[30.67949,-1.92049],[30.68578,-1.92271],[30.6952,-1.92859],[30.69211,-1.93938],[30.68657,-1.95037],[30.69654,-1.95187],[30.70406,-1.9566],[30.72392,-1.9642],[30.72805,-1.95275],[30.7346,-1.94148],[30.74078,-1.924],[30.79317,-1.92343],[30.80959,-1.92607],[30.81429,-1.8944],[30.83086,-1.81439],[30.82304,-1.72949],[30.66722,-1.73116],[30.66707,-1.73406],[30.65734,-1.73316],[30.65701,-1.75311],[30.6555,-1.75308],[30.654,-1.76479],[30.65018,-1.7702],[30.64875,-1.77773],[30.64572,-1.78404],[30.64124,-1.78848],[30.63677,-1.79915],[30.6361,-1.81976],[30.64097,-1.83545],[30.6297,-1.83777],[30.62621,-1.843],[30.61423,-1.84447],[30.61195,-1.84973],[30.60586,-1.85487],[30.60229,-1.85366],[30.6025,-1.84473],[30.59704,-1.8373],[30.59698,-1.83423],[30.59187,-1.83658],[30.59366,-1.83407],[30.59517,-1.82557],[30.59222,-1.82263],[30.58712,-1.8301],[30.58135,-1.83376],[30.58079,-1.8384],[30.57151,-1.84873],[30.56956,-1.85656],[30.56774,-1.85873],[30.56145,-1.86287],[30.55565,-1.85099],[30.55095,-1.86149],[30.54348,-1.86046],[30.53884,-1.86219],[30.53179,-1.87674]]]}},{"type":"Feature","properties":{"d":"Kayonza","s":"Ndego"},"geometry":{"type":"Polygon","coordinates":[[[30.70911,-2.0577],[30.72399,-2.04744],[30.72534,-2.05092],[30.73311,-2.05097],[30.74429,-2.05737],[30.76279,-2.05282],[30.76423,-2.04621],[30.76844,-2.03774],[30.77599,-2.03057],[30.78707,-2.02296],[30.80428,-2.00194],[30.80643,-1.99687],[30.80655,-1.99481],[30.80344,-1.9926],[30.80528,-1.98944],[30.80958,-1.98471],[30.81449,-1.98556],[30.81784,-1.98112],[30.82287,-1.97916],[30.82778,-1.97153],[30.81212,-1.94559],[30.8107,-1.94017],[30.80793,-1.93771],[30.80959,-1.92607],[30.79317,-1.92343],[30.74078,-1.924],[30.7346,-1.94148],[30.72805,-1.95275],[30.72392,-1.9642],[30.70406,-1.9566],[30.69654,-1.95187],[30.68657,-1.95037],[30.68533,-1.95681],[30.68193,-1.96124],[30.6793,-1.97047],[30.67583,-1.9752],[30.67601,-1.9811],[30.67865,-1.98525],[30.67459,-1.99592],[30.67109,-1.99418],[30.66904,-2.00964],[30.67134,-2.00946],[30.67108,-2.01072],[30.66861,-2.01634],[30.66555,-2.019],[30.66486,-2.02343],[30.6674,-2.02411],[30.67122,-2.02281],[30.67367,-2.02825],[30.67457,-2.03466],[30.67241,-2.04569],[30.70911,-2.0577]]]}},{"type":"Feature","properties":{"d":"Kayonza","s":"Nyamirama"},"geometry":{"type":"Polygon","coordinates":[[[30.47005,-1.96058],[30.4751,-1.95872],[30.48878,-1.96041],[30.49894,-1.96514],[30.50598,-1.97396],[30.51607,-1.97606],[30.52005,-1.97397],[30.52566,-1.9773],[30.52998,-1.97681],[30.53199,-1.9853],[30.53178,-1.99938],[30.53983,-1.99519],[30.54149,-1.98645],[30.54123,-1.96406],[30.54873,-1.96933],[30.55603,-1.97932],[30.55727,-1.98583],[30.5602,-1.98658],[30.56291,-1.98722],[30.56502,-1.98492],[30.56994,-1.98603],[30.56968,-1.98329],[30.57228,-1.97941],[30.56694,-1.97834],[30.57036,-1.96788],[30.57066,-1.95965],[30.57309,-1.95115],[30.57498,-1.94671],[30.58148,-1.94719],[30.58548,-1.94402],[30.58584,-1.94122],[30.58346,-1.9399],[30.5829,-1.93619],[30.58052,-1.93546],[30.57655,-1.929],[30.5712,-1.92711],[30.57027,-1.92205],[30.57355,-1.91827],[30.56156,-1.91538],[30.55991,-1.91934],[30.56081,-1.9272],[30.55826,-1.9308],[30.55769,-1.93615],[30.55431,-1.93885],[30.5426,-1.93043],[30.54247,-1.926],[30.53481,-1.92615],[30.52968,-1.92415],[30.51974,-1.91424],[30.51581,-1.91856],[30.51115,-1.92008],[30.49312,-1.91671],[30.49441,-1.92015],[30.4935,-1.91987],[30.49422,-1.92489],[30.4926,-1.93308],[30.48827,-1.93204],[30.48708,-1.93523],[30.48117,-1.9361],[30.47767,-1.94018],[30.46974,-1.93916],[30.47097,-1.95686],[30.47005,-1.96058]]]}},{"type":"Feature","properties":{"d":"Kayonza","s":"Rukara"},"geometry":{"type":"Polygon","coordinates":[[[30.46804,-1.84272],[30.47193,-1.83895],[30.48328,-1.83515],[30.50542,-1.83184],[30.50791,-1.82938],[30.51058,-1.81403],[30.52148,-1.80306],[30.51397,-1.80234],[30.51128,-1.79929],[30.50707,-1.79774],[30.50244,-1.7837],[30.50355,-1.78004],[30.50204,-1.77503],[30.50246,-1.76882],[30.49787,-1.76924],[30.49611,-1.77467],[30.49255,-1.77705],[30.49027,-1.77489],[30.49041,-1.76991],[30.48755,-1.76633],[30.48833,-1.76303],[30.48239,-1.75828],[30.47522,-1.75697],[30.47453,-1.74471],[30.48003,-1.73863],[30.47853,-1.73444],[30.47192,-1.73456],[30.46405,-1.73757],[30.45293,-1.73642],[30.4541,-1.74007],[30.45995,-1.74508],[30.45918,-1.76623],[30.44936,-1.77502],[30.44812,-1.78866],[30.44921,-1.80052],[30.44596,-1.80966],[30.4286,-1.82922],[30.41977,-1.84642],[30.4306,-1.84316],[30.4513,-1.84037],[30.46014,-1.84063],[30.46804,-1.84272]]]}},{"type":"Feature","properties":{"d":"Kayonza","s":"Ruramira"},"geometry":{"type":"Polygon","coordinates":[[[30.47643,-2.00019],[30.47776,-2.00387],[30.48371,-2.00998],[30.48585,-2.0218],[30.48538,-2.03129],[30.48312,-2.03979],[30.48414,-2.04887],[30.48295,-2.05362],[30.48743,-2.05287],[30.50255,-2.04552],[30.50326,-2.02855],[30.51065,-2.0215],[30.5221,-2.01989],[30.5252,-2.01001],[30.53178,-1.99938],[30.53199,-1.9853],[30.52998,-1.97681],[30.52566,-1.9773],[30.52005,-1.97397],[30.51607,-1.97606],[30.50598,-1.97396],[30.49894,-1.96514],[30.48878,-1.96041],[30.4751,-1.95872],[30.47005,-1.96058],[30.46882,-1.96445],[30.4715,-1.98473],[30.4738,-1.99535],[30.47643,-2.00019]]]}},{"type":"Feature","properties":{"d":"Kayonza","s":"Rwinkwavu"},"geometry":{"type":"Polygon","coordinates":[[[30.67949,-1.92049],[30.62539,-1.89395],[30.623,-1.89968],[30.6168,-1.90025],[30.61047,-1.90365],[30.60419,-1.90354],[30.60095,-1.90619],[30.59754,-1.9061],[30.58922,-1.91052],[30.5841,-1.91159],[30.57733,-1.91586],[30.57581,-1.9186],[30.57355,-1.91827],[30.57027,-1.92205],[30.5712,-1.92711],[30.57655,-1.929],[30.58052,-1.93546],[30.5829,-1.93619],[30.58346,-1.9399],[30.58584,-1.94122],[30.58548,-1.94402],[30.58148,-1.94719],[30.57498,-1.94671],[30.57309,-1.95115],[30.57066,-1.95965],[30.57036,-1.96788],[30.56694,-1.97834],[30.57228,-1.97941],[30.56968,-1.98329],[30.56994,-1.98603],[30.56502,-1.98492],[30.56291,-1.98722],[30.5602,-1.98658],[30.56711,-1.99278],[30.57544,-1.98979],[30.58101,-1.99311],[30.58064,-1.98488],[30.59022,-1.98207],[30.59265,-1.98387],[30.60677,-1.97429],[30.61225,-1.97653],[30.61672,-1.97667],[30.61815,-1.98172],[30.62112,-1.98564],[30.6259,-1.98661],[30.6276,-1.9841],[30.6304,-1.98469],[30.63154,-1.98862],[30.63603,-1.9909],[30.63607,-1.9923],[30.63341,-1.99252],[30.62848,-1.99017],[30.6288,-1.99412],[30.63107,-1.99561],[30.63299,-2.00015],[30.6356,-1.99808],[30.63771,-1.99879],[30.63891,-1.9946],[30.64386,-1.99461],[30.64781,-1.98751],[30.65002,-1.98717],[30.64888,-1.98441],[30.6512,-1.98101],[30.6581,-1.98058],[30.66124,-1.96311],[30.66625,-1.95685],[30.66579,-1.95371],[30.66792,-1.94965],[30.67211,-1.94659],[30.67168,-1.94153],[30.67414,-1.93888],[30.67387,-1.93458],[30.6773,-1.92863],[30.67789,-1.92266],[30.67949,-1.92049]]]}},{"type":"Feature","properties":{"d":"Kirehe","s":"Gahara"},"geometry":{"type":"Polygon","coordinates":[[[30.53378,-2.40589],[30.54054,-2.39876],[30.54383,-2.39177],[30.54696,-2.39096],[30.54893,-2.38708],[30.54876,-2.38371],[30.55037,-2.38399],[30.55016,-2.38202],[30.55468,-2.38033],[30.55256,-2.37885],[30.55576,-2.3754],[30.55274,-2.36941],[30.5574,-2.36663],[30.55893,-2.36227],[30.56391,-2.35593],[30.56355,-2.35234],[30.56682,-2.3487],[30.56702,-2.34582],[30.56057,-2.34187],[30.55521,-2.33379],[30.559,-2.32224],[30.55954,-2.3088],[30.5616,-2.30355],[30.56193,-2.29688],[30.54889,-2.28459],[30.5483,-2.28413],[30.53912,-2.28976],[30.52768,-2.29278],[30.52514,-2.29486],[30.51946,-2.29555],[30.51252,-2.29984],[30.50764,-2.29934],[30.50749,-2.29818],[30.50036,-2.29492],[30.4966,-2.28848],[30.49101,-2.28723],[30.48513,-2.29494],[30.486,-2.30342],[30.48482,-2.30855],[30.46642,-2.31281],[30.4596,-2.32042],[30.46255,-2.32496],[30.4583,-2.33341],[30.45999,-2.33864],[30.45776,-2.34409],[30.45987,-2.34781],[30.46945,-2.35191],[30.46862,-2.36265],[30.4707,-2.3669],[30.47772,-2.36913],[30.48322,-2.36622],[30.4859,-2.36717],[30.48947,-2.37746],[30.49464,-2.37835],[30.49916,-2.3846],[30.50803,-2.39037],[30.51056,-2.40188],[30.52028,-2.40577],[30.53378,-2.40589]]]}},{"type":"Feature","properties":{"d":"Kirehe","s":"Gatore"},"geometry":{"type":"Polygon","coordinates":[[[30.53378,-2.40589],[30.53866,-2.4119],[30.54232,-2.41404],[30.54476,-2.41452],[30.55011,-2.41217],[30.56508,-2.4166],[30.56894,-2.42029],[30.57543,-2.41931],[30.5822,-2.41608],[30.57885,-2.40498],[30.58249,-2.39205],[30.57671,-2.38459],[30.5764,-2.37938],[30.57357,-2.37624],[30.57585,-2.37293],[30.57742,-2.36567],[30.57998,-2.36458],[30.57982,-2.36075],[30.5832,-2.35826],[30.58251,-2.35667],[30.57919,-2.3559],[30.57998,-2.35059],[30.57899,-2.34914],[30.58198,-2.34443],[30.57918,-2.34253],[30.58481,-2.3373],[30.58354,-2.33447],[30.58505,-2.33134],[30.58225,-2.32556],[30.5835,-2.31856],[30.59184,-2.31004],[30.59273,-2.30854],[30.59125,-2.30658],[30.59625,-2.30005],[30.60602,-2.29287],[30.61409,-2.29266],[30.6169,-2.29107],[30.6168,-2.28808],[30.61877,-2.28829],[30.61706,-2.28536],[30.62043,-2.28107],[30.61457,-2.27617],[30.61557,-2.27276],[30.61438,-2.27256],[30.61435,-2.27068],[30.60972,-2.26875],[30.59781,-2.2693],[30.57931,-2.2585],[30.57438,-2.26415],[30.56077,-2.26648],[30.55702,-2.27121],[30.55465,-2.27797],[30.54889,-2.28459],[30.56193,-2.29688],[30.5616,-2.30355],[30.55954,-2.3088],[30.559,-2.32224],[30.55521,-2.33379],[30.56057,-2.34187],[30.56702,-2.34582],[30.56682,-2.3487],[30.56355,-2.35234],[30.56391,-2.35593],[30.55893,-2.36227],[30.5574,-2.36663],[30.55274,-2.36941],[30.55576,-2.3754],[30.55256,-2.37885],[30.55468,-2.38033],[30.55016,-2.38202],[30.55037,-2.38399],[30.54876,-2.38371],[30.54893,-2.38708],[30.54696,-2.39096],[30.54383,-2.39177],[30.54054,-2.39876],[30.53378,-2.40589]]]}},{"type":"Feature","properties":{"d":"Kirehe","s":"Kigarama"},"geometry":{"type":"Polygon","coordinates":[[[30.7431,-2.30119],[30.73277,-2.29924],[30.72907,-2.29079],[30.72562,-2.28716],[30.722,-2.29636],[30.71538,-2.30333],[30.71182,-2.31228],[30.70644,-2.31409],[30.70483,-2.31109],[30.69865,-2.30826],[30.70005,-2.30183],[30.69782,-2.30417],[30.69795,-2.30114],[30.67512,-2.29288],[30.66687,-2.29586],[30.66278,-2.29498],[30.66459,-2.3041],[30.6718,-2.31258],[30.67396,-2.31991],[30.67308,-2.32381],[30.66773,-2.32966],[30.66007,-2.33122],[30.65403,-2.33038],[30.65138,-2.33408],[30.64322,-2.3395],[30.64048,-2.34372],[30.63916,-2.3498],[30.64116,-2.35026],[30.64104,-2.3518],[30.63903,-2.35666],[30.63584,-2.35955],[30.63577,-2.36331],[30.63252,-2.36692],[30.63103,-2.37262],[30.62834,-2.37567],[30.63,-2.37866],[30.6329,-2.38036],[30.63226,-2.40423],[30.64039,-2.40509],[30.64363,-2.41044],[30.65216,-2.41443],[30.65895,-2.41378],[30.66335,-2.41021],[30.66477,-2.40592],[30.66939,-2.4042],[30.67307,-2.39807],[30.68066,-2.39441],[30.68887,-2.38427],[30.69071,-2.37868],[30.69107,-2.37041],[30.69511,-2.365],[30.70314,-2.36369],[30.70882,-2.35902],[30.71599,-2.35676],[30.72233,-2.36149],[30.73149,-2.3644],[30.73714,-2.37386],[30.74196,-2.37773],[30.75026,-2.38192],[30.76019,-2.38216],[30.76278,-2.38338],[30.76528,-2.38582],[30.76507,-2.39061],[30.76638,-2.39233],[30.77604,-2.3898],[30.78167,-2.39135],[30.78083,-2.38532],[30.7775,-2.38205],[30.77856,-2.37686],[30.7772,-2.3729],[30.77136,-2.37062],[30.76968,-2.36612],[30.76572,-2.36471],[30.76366,-2.35795],[30.75496,-2.34807],[30.75671,-2.34729],[30.75657,-2.34316],[30.75105,-2.32586],[30.75011,-2.30993],[30.74673,-2.30746],[30.74643,-2.30464],[30.7431,-2.30119]]]}},{"type":"Feature","properties":{"d":"Kirehe","s":"Kigina"},"geometry":{"type":"Polygon","coordinates":[[[30.7431,-2.30119],[30.74418,-2.29349],[30.7388,-2.29001],[30.73614,-2.29026],[30.73438,-2.28718],[30.73708,-2.28816],[30.74081,-2.28724],[30.74711,-2.28183],[30.7453,-2.27232],[30.74725,-2.26671],[30.75037,-2.26465],[30.74687,-2.25055],[30.74516,-2.24814],[30.7363,-2.25808],[30.73003,-2.25632],[30.72748,-2.24778],[30.71619,-2.24144],[30.71738,-2.22679],[30.71535,-2.21956],[30.70766,-2.21773],[30.69632,-2.20943],[30.68392,-2.2076],[30.6734,-2.21775],[30.66683,-2.22053],[30.6597,-2.22666],[30.67039,-2.24168],[30.66895,-2.24962],[30.66994,-2.25558],[30.67389,-2.26399],[30.67231,-2.27158],[30.67571,-2.27698],[30.67345,-2.28529],[30.67512,-2.29288],[30.69795,-2.30114],[30.69782,-2.30417],[30.70005,-2.30183],[30.69865,-2.30826],[30.70483,-2.31109],[30.70644,-2.31409],[30.71182,-2.31228],[30.71538,-2.30333],[30.722,-2.29636],[30.72562,-2.28716],[30.72907,-2.29079],[30.73277,-2.29924],[30.7431,-2.30119]]]}},{"type":"Feature","properties":{"d":"Kirehe","s":"Kirehe"},"geometry":{"type":"Polygon","coordinates":[[[30.6169,-2.29107],[30.62185,-2.29009],[30.63336,-2.28414],[30.63931,-2.28375],[30.64885,-2.28578],[30.65975,-2.2915],[30.66278,-2.29498],[30.66687,-2.29586],[30.67512,-2.29288],[30.67345,-2.28529],[30.67571,-2.27698],[30.67231,-2.27158],[30.67389,-2.26399],[30.66994,-2.25558],[30.66895,-2.24962],[30.67039,-2.24168],[30.6597,-2.22666],[30.65038,-2.2308],[30.64106,-2.22916],[30.63526,-2.23272],[30.63254,-2.23256],[30.62528,-2.23577],[30.61931,-2.23297],[30.61267,-2.23252],[30.60569,-2.23783],[30.60234,-2.24299],[30.59703,-2.24726],[30.58787,-2.25071],[30.58321,-2.25296],[30.57931,-2.2585],[30.59781,-2.2693],[30.60972,-2.26875],[30.61435,-2.27068],[30.61438,-2.27256],[30.61557,-2.27276],[30.61457,-2.27617],[30.62043,-2.28107],[30.61706,-2.28536],[30.61877,-2.28829],[30.6168,-2.28808],[30.6169,-2.29107]]]}},{"type":"Feature","properties":{"d":"Kirehe","s":"Mahama"},"geometry":{"type":"Polygon","coordinates":[[[30.84996,-2.19746],[30.82379,-2.19551],[30.81997,-2.20721],[30.81599,-2.21344],[30.80577,-2.2178],[30.80095,-2.22373],[30.79982,-2.22907],[30.79618,-2.23273],[30.79932,-2.23332],[30.79837,-2.2353],[30.80082,-2.23693],[30.79923,-2.24098],[30.80228,-2.24304],[30.79884,-2.24592],[30.80059,-2.24807],[30.79931,-2.24898],[30.80198,-2.26025],[30.7955,-2.26484],[30.79575,-2.27155],[30.8049,-2.28003],[30.81016,-2.28037],[30.80673,-2.29142],[30.80344,-2.2952],[30.80642,-2.2952],[30.81191,-2.29966],[30.81255,-2.30755],[30.82186,-2.31749],[30.82688,-2.31987],[30.83141,-2.32423],[30.84084,-2.32736],[30.84404,-2.32487],[30.84859,-2.32484],[30.85308,-2.32116],[30.85718,-2.31336],[30.85632,-2.31188],[30.85207,-2.31351],[30.85112,-2.31223],[30.85195,-2.30643],[30.84984,-2.30138],[30.85314,-2.29412],[30.85311,-2.27434],[30.84591,-2.25893],[30.84654,-2.25159],[30.84234,-2.24016],[30.84401,-2.23166],[30.84261,-2.22717],[30.84639,-2.22452],[30.84627,-2.21928],[30.84365,-2.2161],[30.84535,-2.21319],[30.84416,-2.20578],[30.84746,-2.20141],[30.84912,-2.20129],[30.84996,-2.19746]]]}},{"type":"Feature","properties":{"d":"Kirehe","s":"Mpanga"},"geometry":{"type":"Polygon","coordinates":[[[30.76279,-2.05282],[30.75922,-2.08542],[30.75734,-2.08889],[30.75328,-2.09169],[30.75567,-2.10629],[30.76386,-2.11659],[30.77163,-2.11946],[30.77499,-2.1267],[30.7761,-2.13503],[30.78425,-2.14989],[30.787,-2.14889],[30.78898,-2.15001],[30.78791,-2.15654],[30.78507,-2.16223],[30.78984,-2.1692],[30.78919,-2.17698],[30.78388,-2.18948],[30.78457,-2.19685],[30.7747,-2.20361],[30.7745,-2.20815],[30.77964,-2.21367],[30.78361,-2.2134],[30.7936,-2.20641],[30.7987,-2.19734],[30.81051,-2.20024],[30.81997,-2.20721],[30.82379,-2.19551],[30.84996,-2.19746],[30.85234,-2.18725],[30.85992,-2.17996],[30.859,-2.17729],[30.8604,-2.1739],[30.85897,-2.16905],[30.86242,-2.16316],[30.8615,-2.15563],[30.86593,-2.14817],[30.86611,-2.14406],[30.86822,-2.14029],[30.87646,-2.13517],[30.87696,-2.12574],[30.8742,-2.12006],[30.8863,-2.10338],[30.88684,-2.0938],[30.89148,-2.09439],[30.89392,-2.09186],[30.89561,-2.08541],[30.89823,-2.08345],[30.89975,-2.078],[30.89817,-2.07009],[30.89362,-2.06733],[30.88473,-2.05287],[30.88142,-2.05034],[30.87744,-2.04972],[30.87821,-2.04332],[30.87652,-2.0374],[30.86388,-2.03196],[30.82778,-1.97153],[30.82287,-1.97916],[30.81784,-1.98112],[30.81449,-1.98556],[30.80958,-1.98471],[30.80528,-1.98944],[30.80344,-1.9926],[30.80655,-1.99481],[30.80643,-1.99687],[30.80428,-2.00194],[30.78707,-2.02296],[30.77599,-2.03057],[30.76844,-2.03774],[30.76423,-2.04621],[30.76279,-2.05282]]]}},{"type":"Feature","properties":{"d":"Kirehe","s":"Musaza"},"geometry":{"type":"Polygon","coordinates":[[[30.5822,-2.41608],[30.58581,-2.41387],[30.59184,-2.40622],[30.59622,-2.40405],[30.60089,-2.40405],[30.60752,-2.40042],[30.61362,-2.40414],[30.62328,-2.40128],[30.63226,-2.40423],[30.6329,-2.38036],[30.63,-2.37866],[30.62834,-2.37567],[30.63103,-2.37262],[30.63252,-2.36692],[30.63577,-2.36331],[30.63584,-2.35955],[30.63903,-2.35666],[30.64104,-2.3518],[30.64116,-2.35026],[30.63916,-2.3498],[30.64048,-2.34372],[30.64322,-2.3395],[30.65138,-2.33408],[30.65403,-2.33038],[30.66007,-2.33122],[30.66773,-2.32966],[30.67308,-2.32381],[30.67396,-2.31991],[30.6718,-2.31258],[30.66459,-2.3041],[30.66278,-2.29498],[30.65975,-2.2915],[30.64885,-2.28578],[30.63931,-2.28375],[30.63336,-2.28414],[30.62185,-2.29009],[30.6169,-2.29107],[30.61409,-2.29266],[30.60602,-2.29287],[30.59625,-2.30005],[30.59125,-2.30658],[30.59273,-2.30854],[30.59184,-2.31004],[30.5835,-2.31856],[30.58225,-2.32556],[30.58505,-2.33134],[30.58354,-2.33447],[30.58481,-2.3373],[30.57918,-2.34253],[30.58198,-2.34443],[30.57899,-2.34914],[30.57998,-2.35059],[30.57919,-2.3559],[30.58251,-2.35667],[30.5832,-2.35826],[30.57982,-2.36075],[30.57998,-2.36458],[30.57742,-2.36567],[30.57585,-2.37293],[30.57357,-2.37624],[30.5764,-2.37938],[30.57671,-2.38459],[30.58249,-2.39205],[30.57885,-2.40498],[30.5822,-2.41608]]]}},{"type":"Feature","properties":{"d":"Kirehe","s":"Mushikiri"},"geometry":{"type":"Polygon","coordinates":[[[30.69632,-2.20943],[30.71567,-2.19962],[30.7239,-2.19767],[30.72731,-2.19493],[30.73393,-2.18429],[30.73874,-2.1805],[30.7419,-2.16932],[30.73939,-2.16642],[30.72759,-2.16546],[30.72549,-2.15652],[30.72182,-2.15853],[30.69347,-2.16428],[30.68513,-2.17114],[30.68008,-2.15912],[30.68248,-2.15653],[30.68462,-2.15667],[30.68575,-2.15413],[30.68604,-2.14497],[30.68217,-2.13988],[30.68557,-2.13633],[30.68055,-2.13474],[30.67385,-2.13604],[30.66818,-2.13043],[30.66509,-2.13123],[30.65806,-2.12875],[30.65712,-2.13955],[30.65429,-2.14409],[30.64429,-2.1453],[30.63997,-2.14833],[30.64186,-2.15066],[30.65131,-2.15427],[30.65699,-2.15949],[30.65753,-2.16207],[30.66098,-2.16575],[30.65878,-2.16922],[30.6447,-2.18669],[30.64007,-2.18823],[30.63694,-2.19174],[30.62802,-2.18234],[30.6235,-2.18511],[30.62282,-2.1873],[30.61889,-2.1869],[30.61595,-2.19917],[30.60807,-2.20002],[30.6032,-2.20312],[30.60148,-2.20401],[30.60134,-2.20747],[30.59124,-2.20755],[30.58775,-2.20983],[30.58346,-2.20951],[30.58146,-2.21983],[30.57452,-2.22731],[30.571,-2.2345],[30.58172,-2.23248],[30.58533,-2.23685],[30.58595,-2.24588],[30.58787,-2.25071],[30.59703,-2.24726],[30.60234,-2.24299],[30.60569,-2.23783],[30.61267,-2.23252],[30.61931,-2.23297],[30.62528,-2.23577],[30.63254,-2.23256],[30.63526,-2.23272],[30.64106,-2.22916],[30.65038,-2.2308],[30.6597,-2.22666],[30.66683,-2.22053],[30.6734,-2.21775],[30.68392,-2.2076],[30.69632,-2.20943]]]}},{"type":"Feature","properties":{"d":"Kirehe","s":"Nasho"},"geometry":{"type":"Polygon","coordinates":[[[30.65574,-2.11896],[30.65806,-2.12875],[30.66509,-2.13123],[30.66818,-2.13043],[30.67385,-2.13604],[30.68055,-2.13474],[30.68557,-2.13633],[30.68217,-2.13988],[30.68604,-2.14497],[30.68575,-2.15413],[30.68462,-2.15667],[30.68248,-2.15653],[30.68008,-2.15912],[30.68513,-2.17114],[30.69347,-2.16428],[30.72182,-2.15853],[30.72549,-2.15652],[30.72773,-2.15494],[30.72962,-2.15873],[30.73169,-2.15865],[30.73505,-2.16282],[30.74017,-2.16522],[30.74058,-2.15923],[30.74218,-2.15774],[30.74186,-2.15185],[30.75218,-2.14416],[30.76092,-2.1551],[30.76371,-2.15607],[30.77462,-2.15657],[30.78425,-2.14989],[30.7761,-2.13503],[30.77499,-2.1267],[30.77163,-2.11946],[30.76386,-2.11659],[30.75567,-2.10629],[30.75328,-2.09169],[30.75734,-2.08889],[30.75922,-2.08542],[30.76279,-2.05282],[30.74429,-2.05737],[30.73311,-2.05097],[30.72534,-2.05092],[30.72399,-2.04744],[30.70911,-2.0577],[30.71092,-2.05926],[30.70819,-2.06779],[30.70878,-2.07548],[30.70727,-2.08619],[30.69615,-2.09186],[30.69155,-2.09079],[30.69368,-2.08244],[30.68844,-2.08516],[30.68386,-2.08833],[30.68013,-2.09325],[30.6806,-2.09864],[30.67907,-2.10219],[30.6773,-2.10277],[30.67483,-2.11284],[30.67034,-2.11317],[30.66818,-2.1148],[30.66383,-2.11384],[30.66068,-2.1175],[30.65606,-2.11586],[30.65574,-2.11896]]]}},{"type":"Feature","properties":{"d":"Kirehe","s":"Nyamugari"},"geometry":{"type":"Polygon","coordinates":[[[30.78083,-2.38532],[30.7833,-2.38382],[30.78524,-2.37832],[30.78756,-2.37892],[30.79163,-2.37737],[30.79505,-2.37291],[30.79648,-2.36764],[30.80558,-2.36473],[30.80942,-2.36702],[30.8189,-2.36449],[30.82667,-2.35676],[30.83595,-2.34444],[30.83657,-2.33362],[30.84084,-2.32736],[30.83141,-2.32423],[30.82688,-2.31987],[30.82186,-2.31749],[30.81255,-2.30755],[30.81191,-2.29966],[30.80642,-2.2952],[30.80344,-2.2952],[30.80673,-2.29142],[30.81016,-2.28037],[30.8049,-2.28003],[30.79575,-2.27155],[30.7955,-2.26484],[30.80198,-2.26025],[30.79931,-2.24898],[30.80059,-2.24807],[30.79884,-2.24592],[30.80228,-2.24304],[30.79923,-2.24098],[30.80082,-2.23693],[30.79837,-2.2353],[30.79932,-2.23332],[30.79618,-2.23273],[30.78986,-2.23906],[30.78268,-2.24032],[30.77785,-2.24698],[30.76921,-2.25185],[30.76945,-2.25709],[30.76104,-2.26221],[30.75848,-2.25898],[30.75292,-2.26424],[30.75037,-2.26465],[30.74725,-2.26671],[30.7453,-2.27232],[30.74711,-2.28183],[30.74081,-2.28724],[30.73708,-2.28816],[30.73438,-2.28718],[30.73614,-2.29026],[30.7388,-2.29001],[30.74418,-2.29349],[30.7431,-2.30119],[30.74643,-2.30464],[30.74673,-2.30746],[30.75011,-2.30993],[30.75105,-2.32586],[30.75657,-2.34316],[30.75671,-2.34729],[30.75496,-2.34807],[30.76366,-2.35795],[30.76572,-2.36471],[30.76968,-2.36612],[30.77136,-2.37062],[30.7772,-2.3729],[30.77856,-2.37686],[30.7775,-2.38205],[30.78083,-2.38532]]]}},{"type":"Feature","properties":{"d":"Kirehe","s":"Nyarubuye"},"geometry":{"type":"Polygon","coordinates":[[[30.75037,-2.26465],[30.75292,-2.26424],[30.75848,-2.25898],[30.76104,-2.26221],[30.76945,-2.25709],[30.76921,-2.25185],[30.77785,-2.24698],[30.78268,-2.24032],[30.78986,-2.23906],[30.79618,-2.23273],[30.79982,-2.22907],[30.80095,-2.22373],[30.80577,-2.2178],[30.81599,-2.21344],[30.81997,-2.20721],[30.81051,-2.20024],[30.7987,-2.19734],[30.7936,-2.20641],[30.78361,-2.2134],[30.77964,-2.21367],[30.7745,-2.20815],[30.7747,-2.20361],[30.78457,-2.19685],[30.78388,-2.18948],[30.78919,-2.17698],[30.78984,-2.1692],[30.78507,-2.16223],[30.78791,-2.15654],[30.78898,-2.15001],[30.787,-2.14889],[30.78425,-2.14989],[30.77462,-2.15657],[30.76371,-2.15607],[30.76092,-2.1551],[30.75218,-2.14416],[30.74186,-2.15185],[30.74218,-2.15774],[30.74058,-2.15923],[30.74017,-2.16522],[30.73505,-2.16282],[30.73169,-2.15865],[30.72962,-2.15873],[30.72773,-2.15494],[30.72549,-2.15652],[30.72759,-2.16546],[30.73939,-2.16642],[30.7419,-2.16932],[30.73874,-2.1805],[30.73393,-2.18429],[30.72731,-2.19493],[30.7239,-2.19767],[30.71567,-2.19962],[30.69632,-2.20943],[30.70766,-2.21773],[30.71535,-2.21956],[30.71738,-2.22679],[30.71619,-2.24144],[30.72748,-2.24778],[30.73003,-2.25632],[30.7363,-2.25808],[30.74516,-2.24814],[30.74687,-2.25055],[30.75037,-2.26465]]]}},{"type":"Feature","properties":{"d":"Ngoma","s":"Gashanda"},"geometry":{"type":"Polygon","coordinates":[[[30.51906,-2.16234],[30.5186,-2.15753],[30.51619,-2.15699],[30.51562,-2.15115],[30.51137,-2.14354],[30.5067,-2.14164],[30.50128,-2.14163],[30.49917,-2.13956],[30.49639,-2.14145],[30.48556,-2.13908],[30.48153,-2.13359],[30.47879,-2.12483],[30.47147,-2.12193],[30.4704,-2.13409],[30.47249,-2.1454],[30.46994,-2.15119],[30.47158,-2.15515],[30.47051,-2.16148],[30.47146,-2.16553],[30.46903,-2.17157],[30.4623,-2.1709],[30.4599,-2.17455],[30.45534,-2.17712],[30.45346,-2.18245],[30.45137,-2.18311],[30.43575,-2.17618],[30.43257,-2.18481],[30.4346,-2.19706],[30.43073,-2.19569],[30.43248,-2.20259],[30.43125,-2.20943],[30.43231,-2.21066],[30.43625,-2.21136],[30.43815,-2.21501],[30.44066,-2.21406],[30.44516,-2.21656],[30.45699,-2.21838],[30.45708,-2.22046],[30.46275,-2.21968],[30.46326,-2.21614],[30.47303,-2.20649],[30.47409,-2.1992],[30.47715,-2.19387],[30.47714,-2.19003],[30.47931,-2.18536],[30.47879,-2.1805],[30.48694,-2.16769],[30.49248,-2.16935],[30.49415,-2.16717],[30.50358,-2.16341],[30.50484,-2.16364],[30.50593,-2.1691],[30.50902,-2.17018],[30.51124,-2.16957],[30.50997,-2.16776],[30.51193,-2.16591],[30.51341,-2.16933],[30.51906,-2.16234]]]}},{"type":"Feature","properties":{"d":"Ngoma","s":"Jarama"},"geometry":{"type":"Polygon","coordinates":[[[30.35466,-2.21551],[30.34096,-2.21281],[30.34061,-2.21544],[30.3345,-2.22064],[30.33564,-2.22635],[30.33366,-2.22887],[30.33359,-2.23197],[30.33624,-2.23709],[30.33583,-2.23873],[30.33842,-2.2379],[30.3401,-2.24676],[30.33792,-2.24633],[30.33448,-2.24909],[30.33591,-2.2525],[30.33463,-2.25274],[30.33494,-2.2552],[30.33758,-2.2593],[30.33729,-2.26701],[30.33492,-2.27002],[30.33314,-2.26848],[30.33465,-2.27194],[30.33248,-2.27162],[30.33061,-2.27463],[30.32913,-2.27399],[30.33049,-2.27756],[30.32811,-2.28271],[30.32975,-2.28547],[30.32815,-2.28828],[30.33052,-2.29062],[30.33221,-2.29],[30.33784,-2.29689],[30.34333,-2.30024],[30.34435,-2.30739],[30.34932,-2.30811],[30.35362,-2.31144],[30.35323,-2.31364],[30.35936,-2.325],[30.35741,-2.32804],[30.35967,-2.33342],[30.3575,-2.33498],[30.35946,-2.33715],[30.35824,-2.33974],[30.359,-2.34167],[30.36282,-2.34265],[30.36292,-2.34638],[30.36438,-2.34587],[30.36442,-2.34829],[30.36651,-2.34993],[30.36797,-2.34823],[30.37294,-2.34883],[30.37417,-2.34767],[30.37397,-2.34477],[30.37704,-2.34111],[30.38091,-2.32648],[30.3848,-2.32371],[30.3912,-2.31479],[30.39447,-2.31324],[30.40399,-2.31289],[30.40851,-2.31072],[30.41116,-2.31237],[30.41658,-2.29989],[30.42069,-2.29608],[30.42857,-2.2928],[30.42851,-2.28867],[30.43442,-2.28126],[30.43938,-2.281],[30.44288,-2.27724],[30.44142,-2.27653],[30.44241,-2.26758],[30.43465,-2.26388],[30.42961,-2.25968],[30.41835,-2.2561],[30.41157,-2.25234],[30.38823,-2.25177],[30.37936,-2.24912],[30.36446,-2.23257],[30.35807,-2.2316],[30.35469,-2.22593],[30.35466,-2.21551]]]}},{"type":"Feature","properties":{"d":"Ngoma","s":"Karembo"},"geometry":{"type":"Polygon","coordinates":[[[30.4386,-2.08095],[30.4354,-2.0827],[30.42271,-2.08362],[30.4234,-2.09581],[30.42693,-2.10154],[30.42867,-2.11064],[30.43405,-2.1195],[30.43731,-2.12094],[30.43793,-2.1271],[30.44219,-2.13829],[30.43952,-2.14626],[30.43931,-2.15436],[30.44465,-2.16387],[30.44005,-2.16885],[30.43815,-2.17489],[30.43575,-2.17618],[30.45137,-2.18311],[30.45346,-2.18245],[30.45534,-2.17712],[30.4599,-2.17455],[30.4623,-2.1709],[30.46903,-2.17157],[30.47146,-2.16553],[30.47051,-2.16148],[30.47158,-2.15515],[30.46994,-2.15119],[30.47249,-2.1454],[30.4704,-2.13409],[30.47147,-2.12193],[30.46384,-2.11718],[30.45923,-2.10593],[30.45804,-2.09175],[30.44651,-2.07866],[30.4386,-2.08095]]]}},{"type":"Feature","properties":{"d":"Ngoma","s":"Kazo"},"geometry":{"type":"Polygon","coordinates":[[[30.45708,-2.22046],[30.44836,-2.25747],[30.45268,-2.25916],[30.45478,-2.25687],[30.4641,-2.25284],[30.47095,-2.25225],[30.48859,-2.25715],[30.48898,-2.25517],[30.49626,-2.2542],[30.50151,-2.25017],[30.50659,-2.24968],[30.50761,-2.24527],[30.5094,-2.24415],[30.51254,-2.24539],[30.51133,-2.2497],[30.51391,-2.2541],[30.5247,-2.25874],[30.52473,-2.25531],[30.52686,-2.25137],[30.52519,-2.24436],[30.52402,-2.23563],[30.52764,-2.22456],[30.53239,-2.21749],[30.53677,-2.2014],[30.54161,-2.19252],[30.54226,-2.18751],[30.53307,-2.18555],[30.52889,-2.18005],[30.53425,-2.1696],[30.53311,-2.16576],[30.53379,-2.1609],[30.52907,-2.16084],[30.52484,-2.163],[30.52253,-2.16171],[30.51906,-2.16234],[30.51341,-2.16933],[30.51193,-2.16591],[30.50997,-2.16776],[30.51124,-2.16957],[30.50902,-2.17018],[30.50593,-2.1691],[30.50484,-2.16364],[30.50358,-2.16341],[30.49415,-2.16717],[30.49248,-2.16935],[30.48694,-2.16769],[30.47879,-2.1805],[30.47931,-2.18536],[30.47714,-2.19003],[30.47715,-2.19387],[30.47409,-2.1992],[30.47303,-2.20649],[30.46326,-2.21614],[30.46275,-2.21968],[30.45708,-2.22046]]]}},{"type":"Feature","properties":{"d":"Ngoma","s":"Kibungo"},"geometry":{"type":"Polygon","coordinates":[[[30.60769,-2.09799],[30.60658,-2.10154],[30.60269,-2.10015],[30.60076,-2.09625],[30.59723,-2.09675],[30.58919,-2.09439],[30.58701,-2.09181],[30.57612,-2.09216],[30.57444,-2.08703],[30.56969,-2.0934],[30.56719,-2.10852],[30.56076,-2.12396],[30.55866,-2.12433],[30.55824,-2.12921],[30.54472,-2.14045],[30.5337,-2.13461],[30.53363,-2.13975],[30.53097,-2.14665],[30.53379,-2.1609],[30.53311,-2.16576],[30.53425,-2.1696],[30.52889,-2.18005],[30.53307,-2.18555],[30.54226,-2.18751],[30.54389,-2.18559],[30.5456,-2.17147],[30.54902,-2.16619],[30.5543,-2.16952],[30.56064,-2.16817],[30.56177,-2.17067],[30.56491,-2.17166],[30.56498,-2.17316],[30.57417,-2.1681],[30.58046,-2.15398],[30.58131,-2.14784],[30.58504,-2.14725],[30.59551,-2.12464],[30.60094,-2.12601],[30.6027,-2.12142],[30.6063,-2.11909],[30.60917,-2.11418],[30.60887,-2.10889],[30.61171,-2.10045],[30.60769,-2.09799]]]}},{"type":"Feature","properties":{"d":"Ngoma","s":"Mugesera"},"geometry":{"type":"Polygon","coordinates":[[[30.30126,-2.11635],[30.30281,-2.11946],[30.30707,-2.1227],[30.32568,-2.12412],[30.32957,-2.1262],[30.33256,-2.12997],[30.33536,-2.13079],[30.33721,-2.13778],[30.33457,-2.13825],[30.33377,-2.14919],[30.33488,-2.15323],[30.3379,-2.15384],[30.36127,-2.15211],[30.38586,-2.16018],[30.399,-2.14446],[30.40635,-2.14752],[30.41316,-2.13904],[30.42307,-2.134],[30.41913,-2.12909],[30.42257,-2.12641],[30.4197,-2.12109],[30.41481,-2.11487],[30.40732,-2.10859],[30.40645,-2.10051],[30.40847,-2.0856],[30.39497,-2.07947],[30.36828,-2.0784],[30.30126,-2.11635]]]}},{"type":"Feature","properties":{"d":"Ngoma","s":"Murama"},"geometry":{"type":"Polygon","coordinates":[[[30.54889,-2.28459],[30.55465,-2.27797],[30.55702,-2.27121],[30.56077,-2.26648],[30.57438,-2.26415],[30.57931,-2.2585],[30.58321,-2.25296],[30.58787,-2.25071],[30.58595,-2.24588],[30.58533,-2.23685],[30.58172,-2.23248],[30.571,-2.2345],[30.57452,-2.22731],[30.58146,-2.21983],[30.58346,-2.20951],[30.58775,-2.20983],[30.59124,-2.20755],[30.60134,-2.20747],[30.60148,-2.20401],[30.6032,-2.20312],[30.60215,-2.20039],[30.58477,-2.19696],[30.57779,-2.19962],[30.57053,-2.19736],[30.56439,-2.19849],[30.56674,-2.1943],[30.56189,-2.19372],[30.56207,-2.18639],[30.5693,-2.17294],[30.56498,-2.17316],[30.56491,-2.17166],[30.56177,-2.17067],[30.56064,-2.16817],[30.5543,-2.16952],[30.54902,-2.16619],[30.5456,-2.17147],[30.54389,-2.18559],[30.54226,-2.18751],[30.54161,-2.19252],[30.53677,-2.2014],[30.53239,-2.21749],[30.52764,-2.22456],[30.52402,-2.23563],[30.52519,-2.24436],[30.5335,-2.24158],[30.54079,-2.24362],[30.53842,-2.25816],[30.54606,-2.25946],[30.54482,-2.2696],[30.54641,-2.27802],[30.54524,-2.2812],[30.5483,-2.28413],[30.54889,-2.28459]]]}},{"type":"Feature","properties":{"d":"Ngoma","s":"Mutenderi"},"geometry":{"type":"Polygon","coordinates":[[[30.5483,-2.28413],[30.54524,-2.2812],[30.54641,-2.27802],[30.54482,-2.2696],[30.54606,-2.25946],[30.53842,-2.25816],[30.54079,-2.24362],[30.5335,-2.24158],[30.52519,-2.24436],[30.52686,-2.25137],[30.52473,-2.25531],[30.5247,-2.25874],[30.51391,-2.2541],[30.51133,-2.2497],[30.51254,-2.24539],[30.5094,-2.24415],[30.50761,-2.24527],[30.50659,-2.24968],[30.50151,-2.25017],[30.49626,-2.2542],[30.48898,-2.25517],[30.48859,-2.25715],[30.47095,-2.25225],[30.4641,-2.25284],[30.45478,-2.25687],[30.45268,-2.25916],[30.44836,-2.25747],[30.44241,-2.26758],[30.44142,-2.27653],[30.44288,-2.27724],[30.43938,-2.281],[30.43442,-2.28126],[30.42851,-2.28867],[30.42857,-2.2928],[30.42069,-2.29608],[30.41658,-2.29989],[30.41116,-2.31237],[30.4163,-2.32035],[30.42079,-2.32371],[30.42127,-2.32681],[30.42585,-2.32568],[30.42992,-2.32922],[30.43798,-2.33017],[30.44319,-2.32297],[30.45036,-2.31928],[30.45711,-2.31875],[30.4596,-2.32042],[30.46642,-2.31281],[30.48482,-2.30855],[30.486,-2.30342],[30.48513,-2.29494],[30.49101,-2.28723],[30.4966,-2.28848],[30.50036,-2.29492],[30.50749,-2.29818],[30.50764,-2.29934],[30.51252,-2.29984],[30.51946,-2.29555],[30.52514,-2.29486],[30.52768,-2.29278],[30.53912,-2.28976],[30.5483,-2.28413]]]}},{"type":"Feature","properties":{"d":"Ngoma","s":"Remera"},"geometry":{"type":"Polygon","coordinates":[[[30.47782,-2.05866],[30.47908,-2.06553],[30.48771,-2.07613],[30.49502,-2.08152],[30.49744,-2.08662],[30.50321,-2.08793],[30.51113,-2.09287],[30.51726,-2.09367],[30.52481,-2.08765],[30.53115,-2.08568],[30.53947,-2.08885],[30.55471,-2.08484],[30.55396,-2.09066],[30.55016,-2.09563],[30.5432,-2.11038],[30.53755,-2.11718],[30.53012,-2.12226],[30.53256,-2.12721],[30.5337,-2.13461],[30.54472,-2.14045],[30.55824,-2.12921],[30.55866,-2.12433],[30.56076,-2.12396],[30.56719,-2.10852],[30.56969,-2.0934],[30.57444,-2.08703],[30.57526,-2.08115],[30.58111,-2.06621],[30.57912,-2.06129],[30.57573,-2.06075],[30.56888,-2.06237],[30.56725,-2.06411],[30.56183,-2.06414],[30.5601,-2.06263],[30.56102,-2.06008],[30.55846,-2.0555],[30.55458,-2.05356],[30.55005,-2.05342],[30.54503,-2.05498],[30.54072,-2.05453],[30.53492,-2.06046],[30.52903,-2.06372],[30.52404,-2.06291],[30.51618,-2.05865],[30.50696,-2.04687],[30.50255,-2.04552],[30.48743,-2.05287],[30.48295,-2.05362],[30.47782,-2.05866]]]}},{"type":"Feature","properties":{"d":"Ngoma","s":"Rukira"},"geometry":{"type":"Polygon","coordinates":[[[30.60917,-2.11418],[30.6063,-2.11909],[30.6027,-2.12142],[30.60094,-2.12601],[30.59551,-2.12464],[30.58504,-2.14725],[30.58131,-2.14784],[30.58046,-2.15398],[30.57417,-2.1681],[30.56498,-2.17316],[30.5693,-2.17294],[30.56207,-2.18639],[30.56189,-2.19372],[30.56674,-2.1943],[30.56439,-2.19849],[30.57053,-2.19736],[30.57779,-2.19962],[30.58477,-2.19696],[30.60215,-2.20039],[30.6032,-2.20312],[30.60807,-2.20002],[30.61595,-2.19917],[30.61889,-2.1869],[30.62282,-2.1873],[30.6235,-2.18511],[30.62802,-2.18234],[30.63694,-2.19174],[30.64007,-2.18823],[30.6447,-2.18669],[30.65878,-2.16922],[30.66098,-2.16575],[30.65753,-2.16207],[30.65699,-2.15949],[30.65131,-2.15427],[30.64186,-2.15066],[30.63997,-2.14833],[30.64429,-2.1453],[30.65429,-2.14409],[30.65712,-2.13955],[30.65806,-2.12875],[30.65574,-2.11896],[30.64644,-2.11941],[30.63965,-2.12344],[30.63329,-2.12312],[30.62844,-2.125],[30.61977,-2.11386],[30.60917,-2.11418]]]}},{"type":"Feature","properties":{"d":"Ngoma","s":"Rukumberi"},"geometry":{"type":"Polygon","coordinates":[[[30.27034,-2.13262],[30.26644,-2.13803],[30.26963,-2.13784],[30.26633,-2.14541],[30.27058,-2.14534],[30.27396,-2.14963],[30.27292,-2.15269],[30.26919,-2.15502],[30.26729,-2.16458],[30.26295,-2.16653],[30.2623,-2.16864],[30.2597,-2.1742],[30.26096,-2.1732],[30.26285,-2.1755],[30.26937,-2.17811],[30.26839,-2.18676],[30.2661,-2.18858],[30.2698,-2.19247],[30.27428,-2.19364],[30.27177,-2.19527],[30.27391,-2.19647],[30.276,-2.19555],[30.27489,-2.19861],[30.27785,-2.20001],[30.2788,-2.20919],[30.28388,-2.2092],[30.28441,-2.20697],[30.28695,-2.20785],[30.28758,-2.20562],[30.29347,-2.20303],[30.29408,-2.20389],[30.29238,-2.20489],[30.29489,-2.20661],[30.29605,-2.2041],[30.29741,-2.20705],[30.29868,-2.20405],[30.3047,-2.2074],[30.3076,-2.20364],[30.30925,-2.20441],[30.30818,-2.20608],[30.30998,-2.20668],[30.31059,-2.20401],[30.31247,-2.2027],[30.31415,-2.20547],[30.31775,-2.20455],[30.31894,-2.20145],[30.32312,-2.19809],[30.32405,-2.2003],[30.32591,-2.19951],[30.32744,-2.20214],[30.32212,-2.20642],[30.32212,-2.20908],[30.33393,-2.21729],[30.3345,-2.22064],[30.34061,-2.21544],[30.34096,-2.21281],[30.35466,-2.21551],[30.36412,-2.20352],[30.36617,-2.19623],[30.36584,-2.1905],[30.36752,-2.18836],[30.37301,-2.1892],[30.37935,-2.19798],[30.38459,-2.19548],[30.37655,-2.18035],[30.36791,-2.17668],[30.35887,-2.1748],[30.35213,-2.1705],[30.34229,-2.16044],[30.3379,-2.15384],[30.33488,-2.15323],[30.33377,-2.14919],[30.33457,-2.13825],[30.33721,-2.13778],[30.33536,-2.13079],[30.33256,-2.12997],[30.32957,-2.1262],[30.32568,-2.12412],[30.30707,-2.1227],[30.30281,-2.11946],[30.30126,-2.11635],[30.29418,-2.12024],[30.2835,-2.12331],[30.28077,-2.13101],[30.27034,-2.13262]]]}},{"type":"Feature","properties":{"d":"Ngoma","s":"Rurenge"},"geometry":{"type":"Polygon","coordinates":[[[30.44651,-2.07866],[30.45804,-2.09175],[30.45923,-2.10593],[30.46384,-2.11718],[30.47147,-2.12193],[30.47879,-2.12483],[30.48153,-2.13359],[30.48556,-2.13908],[30.49639,-2.14145],[30.49917,-2.13956],[30.50128,-2.14163],[30.5067,-2.14164],[30.51137,-2.14354],[30.51562,-2.15115],[30.51619,-2.15699],[30.5186,-2.15753],[30.51906,-2.16234],[30.52253,-2.16171],[30.52484,-2.163],[30.52907,-2.16084],[30.53379,-2.1609],[30.53097,-2.14665],[30.53363,-2.13975],[30.5337,-2.13461],[30.53256,-2.12721],[30.53012,-2.12226],[30.53755,-2.11718],[30.5432,-2.11038],[30.55016,-2.09563],[30.55396,-2.09066],[30.55471,-2.08484],[30.53947,-2.08885],[30.53115,-2.08568],[30.52481,-2.08765],[30.51726,-2.09367],[30.51113,-2.09287],[30.50321,-2.08793],[30.49744,-2.08662],[30.49502,-2.08152],[30.48771,-2.07613],[30.47908,-2.06553],[30.47782,-2.05866],[30.46619,-2.05548],[30.46179,-2.05582],[30.45412,-2.05996],[30.44927,-2.06677],[30.44651,-2.07866]]]}},{"type":"Feature","properties":{"d":"Ngoma","s":"Sake"},"geometry":{"type":"Polygon","coordinates":[[[30.43073,-2.19569],[30.42754,-2.19555],[30.42409,-2.199],[30.42072,-2.1988],[30.41969,-2.19653],[30.41434,-2.2044],[30.40939,-2.20525],[30.40934,-2.20655],[30.40143,-2.20537],[30.38894,-2.20758],[30.38459,-2.19548],[30.37935,-2.19798],[30.37301,-2.1892],[30.36752,-2.18836],[30.36584,-2.1905],[30.36617,-2.19623],[30.36412,-2.20352],[30.35466,-2.21551],[30.35469,-2.22593],[30.35807,-2.2316],[30.36446,-2.23257],[30.37936,-2.24912],[30.38823,-2.25177],[30.41157,-2.25234],[30.41835,-2.2561],[30.42961,-2.25968],[30.43465,-2.26388],[30.44241,-2.26758],[30.44836,-2.25747],[30.45708,-2.22046],[30.45699,-2.21838],[30.44516,-2.21656],[30.44066,-2.21406],[30.43815,-2.21501],[30.43625,-2.21136],[30.43231,-2.21066],[30.43125,-2.20943],[30.43248,-2.20259],[30.43073,-2.19569]]]}},{"type":"Feature","properties":{"d":"Ngoma","s":"Zaza"},"geometry":{"type":"Polygon","coordinates":[[[30.40847,-2.0856],[30.40645,-2.10051],[30.40732,-2.10859],[30.41481,-2.11487],[30.4197,-2.12109],[30.42257,-2.12641],[30.41913,-2.12909],[30.42307,-2.134],[30.41316,-2.13904],[30.40635,-2.14752],[30.399,-2.14446],[30.38586,-2.16018],[30.36127,-2.15211],[30.3379,-2.15384],[30.34229,-2.16044],[30.35213,-2.1705],[30.35887,-2.1748],[30.36791,-2.17668],[30.37655,-2.18035],[30.38459,-2.19548],[30.38894,-2.20758],[30.40143,-2.20537],[30.40934,-2.20655],[30.40939,-2.20525],[30.41434,-2.2044],[30.41969,-2.19653],[30.42072,-2.1988],[30.42409,-2.199],[30.42754,-2.19555],[30.43073,-2.19569],[30.4346,-2.19706],[30.43257,-2.18481],[30.43575,-2.17618],[30.43815,-2.17489],[30.44005,-2.16885],[30.44465,-2.16387],[30.43931,-2.15436],[30.43952,-2.14626],[30.44219,-2.13829],[30.43793,-2.1271],[30.43731,-2.12094],[30.43405,-2.1195],[30.42867,-2.11064],[30.42693,-2.10154],[30.4234,-2.09581],[30.42271,-2.08362],[30.40847,-2.0856]]]}},{"type":"Feature","properties":{"d":"Bugesera","s":"Gashora"},"geometry":{"type":"Polygon","coordinates":[[[30.2623,-2.16864],[30.25091,-2.17189],[30.24168,-2.17633],[30.23834,-2.18309],[30.23653,-2.19341],[30.2333,-2.20062],[30.21799,-2.21531],[30.20907,-2.2291],[30.19254,-2.23024],[30.21433,-2.25102],[30.20997,-2.25974],[30.21281,-2.27043],[30.20676,-2.29232],[30.20374,-2.2967],[30.22034,-2.30374],[30.22406,-2.30041],[30.22876,-2.29946],[30.2435,-2.30163],[30.24702,-2.29977],[30.25327,-2.291],[30.2777,-2.2785],[30.28245,-2.26908],[30.28976,-2.25989],[30.29156,-2.25469],[30.29469,-2.21731],[30.29671,-2.20782],[30.29605,-2.2041],[30.29489,-2.20661],[30.29238,-2.20489],[30.29408,-2.20389],[30.29347,-2.20303],[30.28758,-2.20562],[30.28695,-2.20785],[30.28441,-2.20697],[30.28388,-2.2092],[30.2788,-2.20919],[30.27785,-2.20001],[30.27489,-2.19861],[30.276,-2.19555],[30.27391,-2.19647],[30.27177,-2.19527],[30.27428,-2.19364],[30.2698,-2.19247],[30.2661,-2.18858],[30.26839,-2.18676],[30.26937,-2.17811],[30.26285,-2.1755],[30.26096,-2.1732],[30.2597,-2.1742],[30.2623,-2.16864]]]}},{"type":"Feature","properties":{"d":"Bugesera","s":"Juru"},"geometry":{"type":"Polygon","coordinates":[[[30.1916,-2.05206],[30.17152,-2.06313],[30.17087,-2.07074],[30.17363,-2.07615],[30.1741,-2.08445],[30.16855,-2.09001],[30.16943,-2.09088],[30.16793,-2.09368],[30.17151,-2.09773],[30.16288,-2.10367],[30.16414,-2.10463],[30.16393,-2.11241],[30.17277,-2.1149],[30.17788,-2.11944],[30.1896,-2.12608],[30.19186,-2.13021],[30.19233,-2.13731],[30.2011,-2.13566],[30.20149,-2.13884],[30.20951,-2.14174],[30.21583,-2.14828],[30.22082,-2.14763],[30.22979,-2.14354],[30.236,-2.14375],[30.24246,-2.14724],[30.26295,-2.16653],[30.26729,-2.16458],[30.26919,-2.15502],[30.27292,-2.15269],[30.27396,-2.14963],[30.27058,-2.14534],[30.26633,-2.14541],[30.26963,-2.13784],[30.26644,-2.13803],[30.27034,-2.13262],[30.26629,-2.13327],[30.26793,-2.1319],[30.26793,-2.12782],[30.26522,-2.12689],[30.26579,-2.12528],[30.27008,-2.12485],[30.26746,-2.12256],[30.27068,-2.12291],[30.26903,-2.1126],[30.26331,-2.10969],[30.26073,-2.10629],[30.25285,-2.10787],[30.25331,-2.10678],[30.24984,-2.10201],[30.25235,-2.10241],[30.25291,-2.10013],[30.24786,-2.09821],[30.24823,-2.09652],[30.24621,-2.09492],[30.24966,-2.09089],[30.24459,-2.09039],[30.24622,-2.087],[30.24444,-2.08517],[30.24526,-2.0828],[30.242,-2.07735],[30.24486,-2.07365],[30.24163,-2.07511],[30.23825,-2.06869],[30.23698,-2.07125],[30.23321,-2.06877],[30.23166,-2.07065],[30.22885,-2.06801],[30.22205,-2.0662],[30.2218,-2.07243],[30.21878,-2.07193],[30.21617,-2.07461],[30.21354,-2.07433],[30.21268,-2.07628],[30.21087,-2.07563],[30.20807,-2.07974],[30.20686,-2.07475],[30.20466,-2.07355],[30.2066,-2.06757],[30.20392,-2.06794],[30.20483,-2.06531],[30.20095,-2.06647],[30.20154,-2.06267],[30.19882,-2.06198],[30.19913,-2.05704],[30.19545,-2.06156],[30.1929,-2.06088],[30.19075,-2.05574],[30.19378,-2.05358],[30.1916,-2.05206]]]}},{"type":"Feature","properties":{"d":"Bugesera","s":"Kamabuye"},"geometry":{"type":"Polygon","coordinates":[[[30.16141,-2.35016],[30.15296,-2.34288],[30.14966,-2.32789],[30.15046,-2.31544],[30.14495,-2.31709],[30.13798,-2.32243],[30.13362,-2.3332],[30.12514,-2.34356],[30.12117,-2.34634],[30.11661,-2.35425],[30.11246,-2.35619],[30.11016,-2.35526],[30.11068,-2.35728],[30.10709,-2.36069],[30.10526,-2.36608],[30.09739,-2.36887],[30.08695,-2.39106],[30.07316,-2.40094],[30.09768,-2.42366],[30.1061,-2.42544],[30.12342,-2.43626],[30.13684,-2.43811],[30.14779,-2.43283],[30.15832,-2.43094],[30.16439,-2.42705],[30.17114,-2.42712],[30.17981,-2.43051],[30.1847,-2.42869],[30.19687,-2.4097],[30.19937,-2.39796],[30.19815,-2.39325],[30.1992,-2.38848],[30.18729,-2.38164],[30.18742,-2.37442],[30.18606,-2.37165],[30.17027,-2.36443],[30.1656,-2.36069],[30.16432,-2.35728],[30.16141,-2.35016]]]}},{"type":"Feature","properties":{"d":"Bugesera","s":"Mareba"},"geometry":{"type":"Polygon","coordinates":[[[30.09059,-2.2312],[30.05685,-2.22788],[30.03181,-2.23056],[30.02291,-2.23028],[30.02135,-2.25005],[30.02427,-2.26138],[30.0325,-2.27967],[30.03514,-2.29098],[30.03819,-2.29231],[30.03541,-2.29877],[30.03652,-2.29886],[30.04142,-2.29728],[30.04455,-2.2983],[30.05325,-2.29347],[30.06346,-2.29059],[30.06662,-2.2879],[30.06955,-2.29084],[30.07305,-2.29129],[30.0798,-2.28949],[30.08198,-2.28702],[30.08808,-2.28663],[30.09122,-2.28384],[30.08755,-2.27085],[30.08871,-2.26048],[30.09832,-2.2642],[30.10523,-2.26288],[30.11225,-2.25179],[30.11299,-2.24782],[30.1115,-2.2434],[30.11275,-2.2384],[30.09059,-2.2312]]]}},{"type":"Feature","properties":{"d":"Bugesera","s":"Mayange"},"geometry":{"type":"Polygon","coordinates":[[[30.19254,-2.23024],[30.18671,-2.22355],[30.1831,-2.22408],[30.18476,-2.22104],[30.18164,-2.2188],[30.18886,-2.21041],[30.18747,-2.20599],[30.18448,-2.20909],[30.18099,-2.20992],[30.17336,-2.20833],[30.16929,-2.20537],[30.1708,-2.19101],[30.16682,-2.17576],[30.16659,-2.16673],[30.16009,-2.14677],[30.15361,-2.14976],[30.14855,-2.14802],[30.1411,-2.14885],[30.14104,-2.15259],[30.13555,-2.15402],[30.13559,-2.15949],[30.12776,-2.16804],[30.12014,-2.18263],[30.11381,-2.18566],[30.10042,-2.1853],[30.10067,-2.18409],[30.09413,-2.1933],[30.08975,-2.20898],[30.09138,-2.21744],[30.09059,-2.2312],[30.11275,-2.2384],[30.12713,-2.24077],[30.13271,-2.24578],[30.13586,-2.25757],[30.13913,-2.26552],[30.1442,-2.27296],[30.14816,-2.28616],[30.15109,-2.31067],[30.15046,-2.31544],[30.14966,-2.32789],[30.15296,-2.34288],[30.16141,-2.35016],[30.16177,-2.34557],[30.1675,-2.33438],[30.17736,-2.32572],[30.19553,-2.32616],[30.20047,-2.32923],[30.20367,-2.31193],[30.20178,-2.30197],[30.20374,-2.2967],[30.20676,-2.29232],[30.21281,-2.27043],[30.20997,-2.25974],[30.21433,-2.25102],[30.19254,-2.23024]]]}},{"type":"Feature","properties":{"d":"Bugesera","s":"Musenyi"},"geometry":{"type":"Polygon","coordinates":[[[29.99046,-2.21651],[30.01517,-2.22855],[30.02291,-2.23028],[30.03181,-2.23056],[30.05685,-2.22788],[30.09059,-2.2312],[30.09138,-2.21744],[30.08975,-2.20898],[30.09413,-2.1933],[30.08729,-2.19118],[30.08034,-2.19283],[30.07931,-2.19601],[30.07291,-2.19271],[30.06157,-2.19042],[30.06248,-2.1874],[30.0588,-2.17868],[30.05368,-2.17627],[30.05149,-2.17368],[30.04934,-2.16696],[30.04938,-2.1614],[30.04238,-2.16247],[30.03863,-2.15926],[30.03107,-2.13655],[30.0229,-2.13673],[30.02072,-2.13464],[30.02142,-2.13121],[30.02065,-2.12759],[30.01824,-2.12607],[30.01839,-2.12295],[30.01185,-2.12109],[30.00919,-2.12729],[30.00971,-2.1315],[30.00438,-2.13806],[30.00071,-2.14116],[29.99887,-2.14052],[29.99377,-2.14556],[29.98869,-2.1441],[29.98558,-2.14777],[29.98562,-2.153],[29.98332,-2.15547],[29.98386,-2.16622],[29.98166,-2.17125],[29.98644,-2.19003],[29.98506,-2.19305],[29.98592,-2.19576],[29.98428,-2.19742],[29.98491,-2.20063],[29.98867,-2.20203],[29.98826,-2.2084],[29.99013,-2.21047],[29.99046,-2.21651]]]}},{"type":"Feature","properties":{"d":"Bugesera","s":"Mwogo"},"geometry":{"type":"Polygon","coordinates":[[[30.10427,-2.05997],[30.11074,-2.07556],[30.11012,-2.08168],[30.10677,-2.08613],[30.11043,-2.09385],[30.12381,-2.10596],[30.12775,-2.10084],[30.13606,-2.10091],[30.15074,-2.11489],[30.1562,-2.11217],[30.16393,-2.11241],[30.16414,-2.10463],[30.16288,-2.10367],[30.17151,-2.09773],[30.16793,-2.09368],[30.16943,-2.09088],[30.16855,-2.09001],[30.1741,-2.08445],[30.17363,-2.07615],[30.17087,-2.07074],[30.17152,-2.06313],[30.1916,-2.05206],[30.19066,-2.04664],[30.18934,-2.04563],[30.19012,-2.04319],[30.18545,-2.03819],[30.1829,-2.03834],[30.18316,-2.03633],[30.18099,-2.03362],[30.17902,-2.03302],[30.17825,-2.03596],[30.17537,-2.03519],[30.17483,-2.03062],[30.1726,-2.02822],[30.17195,-2.03131],[30.16667,-2.03005],[30.16654,-2.03331],[30.16519,-2.03384],[30.16233,-2.0295],[30.1616,-2.03202],[30.15796,-2.0308],[30.15719,-2.03586],[30.15293,-2.03439],[30.14722,-2.04094],[30.14612,-2.03941],[30.14269,-2.04106],[30.14174,-2.0383],[30.13966,-2.04075],[30.13725,-2.03955],[30.1382,-2.04333],[30.13469,-2.04295],[30.13712,-2.04609],[30.13473,-2.04765],[30.1329,-2.04386],[30.12899,-2.04801],[30.13014,-2.04972],[30.12792,-2.05282],[30.12361,-2.04957],[30.1229,-2.05299],[30.1257,-2.05537],[30.11982,-2.05633],[30.11996,-2.05939],[30.11815,-2.05906],[30.11817,-2.05469],[30.11372,-2.06027],[30.11338,-2.05809],[30.11103,-2.05916],[30.11012,-2.05627],[30.10871,-2.05885],[30.10553,-2.05743],[30.10427,-2.05997]]]}},{"type":"Feature","properties":{"d":"Bugesera","s":"Ngeruka"},"geometry":{"type":"Polygon","coordinates":[[[30.15046,-2.31544],[30.15109,-2.31067],[30.14816,-2.28616],[30.1442,-2.27296],[30.13913,-2.26552],[30.13586,-2.25757],[30.13271,-2.24578],[30.12713,-2.24077],[30.11275,-2.2384],[30.1115,-2.2434],[30.11299,-2.24782],[30.11225,-2.25179],[30.10523,-2.26288],[30.09832,-2.2642],[30.08871,-2.26048],[30.08755,-2.27085],[30.09122,-2.28384],[30.09594,-2.2928],[30.09417,-2.29802],[30.09424,-2.30433],[30.09732,-2.3206],[30.0937,-2.32298],[30.09357,-2.32537],[30.09958,-2.32938],[30.10321,-2.33526],[30.09608,-2.33613],[30.0818,-2.33486],[30.05868,-2.33731],[30.04376,-2.34447],[30.03725,-2.35369],[30.046,-2.36177],[30.05564,-2.37626],[30.06302,-2.39403],[30.07316,-2.40094],[30.08695,-2.39106],[30.09739,-2.36887],[30.10526,-2.36608],[30.10709,-2.36069],[30.11068,-2.35728],[30.11016,-2.35526],[30.11246,-2.35619],[30.11661,-2.35425],[30.12117,-2.34634],[30.12514,-2.34356],[30.13362,-2.3332],[30.13798,-2.32243],[30.14495,-2.31709],[30.15046,-2.31544]]]}},{"type":"Feature","properties":{"d":"Bugesera","s":"Ntarama"},"geometry":{"type":"Polygon","coordinates":[[[30.01935,-2.07418],[30.01725,-2.08348],[30.01799,-2.08741],[30.01486,-2.09389],[30.01758,-2.09822],[30.01549,-2.10046],[30.01563,-2.10394],[30.0172,-2.10771],[30.01981,-2.10843],[30.02081,-2.11176],[30.01793,-2.11856],[30.01465,-2.11878],[30.01185,-2.12109],[30.01839,-2.12295],[30.01824,-2.12607],[30.02065,-2.12759],[30.02142,-2.13121],[30.02072,-2.13464],[30.0229,-2.13673],[30.03107,-2.13655],[30.03635,-2.138],[30.03841,-2.13431],[30.05071,-2.13851],[30.05511,-2.13872],[30.06026,-2.13644],[30.06468,-2.12854],[30.06244,-2.12128],[30.06446,-2.12098],[30.06544,-2.11508],[30.06746,-2.11388],[30.0708,-2.11578],[30.06994,-2.11799],[30.07471,-2.1174],[30.08002,-2.11057],[30.09008,-2.10466],[30.09985,-2.09047],[30.10677,-2.08613],[30.11012,-2.08168],[30.11074,-2.07556],[30.10427,-2.05997],[30.10367,-2.05657],[30.10168,-2.05589],[30.10176,-2.05782],[30.09929,-2.05764],[30.09624,-2.06446],[30.09498,-2.06106],[30.09409,-2.06325],[30.09134,-2.06401],[30.09206,-2.06011],[30.09084,-2.05936],[30.08679,-2.06248],[30.08164,-2.06479],[30.0791,-2.0624],[30.0776,-2.06392],[30.07833,-2.06709],[30.07688,-2.06925],[30.0758,-2.06472],[30.07264,-2.06429],[30.07142,-2.06851],[30.06861,-2.06828],[30.06656,-2.0712],[30.0646,-2.07109],[30.06229,-2.0667],[30.05566,-2.06596],[30.05448,-2.06454],[30.05786,-2.06052],[30.05799,-2.05577],[30.05435,-2.05434],[30.05239,-2.05536],[30.04671,-2.05467],[30.04413,-2.05659],[30.04523,-2.05955],[30.04206,-2.05804],[30.03849,-2.05923],[30.03985,-2.06188],[30.03659,-2.06563],[30.04029,-2.06566],[30.03935,-2.06891],[30.0272,-2.06393],[30.02655,-2.06625],[30.02782,-2.06945],[30.02451,-2.06817],[30.01935,-2.07418]]]}},{"type":"Feature","properties":{"d":"Bugesera","s":"Nyamata"},"geometry":{"type":"Polygon","coordinates":[[[30.16009,-2.14677],[30.15947,-2.13819],[30.15491,-2.13254],[30.15074,-2.11489],[30.13606,-2.10091],[30.12775,-2.10084],[30.12381,-2.10596],[30.11043,-2.09385],[30.10677,-2.08613],[30.09985,-2.09047],[30.09008,-2.10466],[30.08002,-2.11057],[30.07471,-2.1174],[30.06994,-2.11799],[30.0708,-2.11578],[30.06746,-2.11388],[30.06544,-2.11508],[30.06446,-2.12098],[30.06244,-2.12128],[30.06468,-2.12854],[30.06026,-2.13644],[30.05511,-2.13872],[30.05071,-2.13851],[30.03841,-2.13431],[30.03635,-2.138],[30.03107,-2.13655],[30.03863,-2.15926],[30.04238,-2.16247],[30.04938,-2.1614],[30.04934,-2.16696],[30.05149,-2.17368],[30.05368,-2.17627],[30.0588,-2.17868],[30.06248,-2.1874],[30.06157,-2.19042],[30.07291,-2.19271],[30.07931,-2.19601],[30.08034,-2.19283],[30.08729,-2.19118],[30.09413,-2.1933],[30.10067,-2.18409],[30.10042,-2.1853],[30.11381,-2.18566],[30.12014,-2.18263],[30.12776,-2.16804],[30.13559,-2.15949],[30.13555,-2.15402],[30.14104,-2.15259],[30.1411,-2.14885],[30.14855,-2.14802],[30.15361,-2.14976],[30.16009,-2.14677]]]}},{"type":"Feature","properties":{"d":"Bugesera","s":"Nyarugenge"},"geometry":{"type":"Polygon","coordinates":[[[29.96497,-2.31264],[29.96603,-2.31956],[29.96376,-2.32044],[29.95963,-2.32725],[29.98329,-2.3366],[29.9976,-2.34403],[30.00335,-2.34549],[30.01567,-2.34424],[30.01458,-2.32865],[30.01696,-2.32023],[30.02211,-2.31367],[30.03509,-2.31351],[30.03652,-2.29886],[30.03541,-2.29877],[30.03819,-2.29231],[30.03514,-2.29098],[30.0325,-2.27967],[30.02427,-2.26138],[30.01669,-2.26841],[30.01433,-2.2681],[30.01268,-2.27057],[30.00942,-2.27057],[30.00804,-2.27425],[30.01168,-2.27719],[30.01083,-2.27934],[30.01231,-2.28645],[30.01089,-2.28621],[30.01085,-2.28428],[30.00616,-2.28483],[30.00075,-2.29143],[29.99068,-2.29249],[29.97122,-2.27696],[29.9669,-2.28724],[29.96286,-2.28834],[29.96153,-2.29023],[29.96056,-2.29956],[29.96497,-2.31264]]]}},{"type":"Feature","properties":{"d":"Bugesera","s":"Rilima"},"geometry":{"type":"Polygon","coordinates":[[[30.26295,-2.16653],[30.24246,-2.14724],[30.236,-2.14375],[30.22979,-2.14354],[30.22082,-2.14763],[30.21583,-2.14828],[30.20951,-2.14174],[30.20149,-2.13884],[30.2011,-2.13566],[30.19233,-2.13731],[30.19186,-2.13021],[30.1896,-2.12608],[30.17788,-2.11944],[30.17277,-2.1149],[30.16393,-2.11241],[30.1562,-2.11217],[30.15074,-2.11489],[30.15491,-2.13254],[30.15947,-2.13819],[30.16009,-2.14677],[30.16659,-2.16673],[30.16682,-2.17576],[30.1708,-2.19101],[30.16929,-2.20537],[30.17336,-2.20833],[30.18099,-2.20992],[30.18448,-2.20909],[30.18747,-2.20599],[30.18886,-2.21041],[30.18164,-2.2188],[30.18476,-2.22104],[30.1831,-2.22408],[30.18671,-2.22355],[30.19254,-2.23024],[30.20907,-2.2291],[30.21799,-2.21531],[30.2333,-2.20062],[30.23653,-2.19341],[30.23834,-2.18309],[30.24168,-2.17633],[30.25091,-2.17189],[30.2623,-2.16864],[30.26295,-2.16653]]]}},{"type":"Feature","properties":{"d":"Bugesera","s":"Ruhuha"},"geometry":{"type":"Polygon","coordinates":[[[30.03652,-2.29886],[30.03509,-2.31351],[30.02211,-2.31367],[30.01696,-2.32023],[30.01458,-2.32865],[30.01567,-2.34424],[30.02316,-2.34571],[30.03725,-2.35369],[30.04376,-2.34447],[30.05868,-2.33731],[30.0818,-2.33486],[30.09608,-2.33613],[30.10321,-2.33526],[30.09958,-2.32938],[30.09357,-2.32537],[30.0937,-2.32298],[30.09732,-2.3206],[30.09424,-2.30433],[30.09417,-2.29802],[30.09594,-2.2928],[30.09122,-2.28384],[30.08808,-2.28663],[30.08198,-2.28702],[30.0798,-2.28949],[30.07305,-2.29129],[30.06955,-2.29084],[30.06662,-2.2879],[30.06346,-2.29059],[30.05325,-2.29347],[30.04455,-2.2983],[30.04142,-2.29728],[30.03652,-2.29886]]]}},{"type":"Feature","properties":{"d":"Bugesera","s":"Rweru"},"geometry":{"type":"Polygon","coordinates":[[[30.3345,-2.22064],[30.33393,-2.21729],[30.32212,-2.20908],[30.32212,-2.20642],[30.32744,-2.20214],[30.32591,-2.19951],[30.32405,-2.2003],[30.32312,-2.19809],[30.31894,-2.20145],[30.31775,-2.20455],[30.31415,-2.20547],[30.31247,-2.2027],[30.31059,-2.20401],[30.30998,-2.20668],[30.30818,-2.20608],[30.30925,-2.20441],[30.3076,-2.20364],[30.3047,-2.2074],[30.29868,-2.20405],[30.29741,-2.20705],[30.29605,-2.2041],[30.29671,-2.20782],[30.29469,-2.21731],[30.29156,-2.25469],[30.28976,-2.25989],[30.28245,-2.26908],[30.2777,-2.2785],[30.25327,-2.291],[30.24702,-2.29977],[30.2435,-2.30163],[30.22876,-2.29946],[30.22406,-2.30041],[30.22034,-2.30374],[30.20374,-2.2967],[30.20178,-2.30197],[30.20367,-2.31193],[30.20047,-2.32923],[30.19553,-2.32616],[30.17736,-2.32572],[30.1675,-2.33438],[30.16177,-2.34557],[30.16141,-2.35016],[30.16432,-2.35728],[30.1656,-2.36069],[30.17027,-2.36443],[30.18606,-2.37165],[30.18742,-2.37442],[30.18729,-2.38164],[30.1992,-2.38848],[30.20551,-2.38707],[30.21422,-2.3825],[30.21546,-2.37123],[30.22574,-2.36966],[30.23585,-2.36255],[30.24245,-2.36002],[30.24827,-2.36498],[30.25005,-2.37101],[30.2548,-2.3739],[30.27764,-2.37601],[30.28564,-2.37553],[30.37436,-2.35601],[30.37417,-2.34767],[30.37294,-2.34883],[30.36797,-2.34823],[30.36651,-2.34993],[30.36442,-2.34829],[30.36438,-2.34587],[30.36292,-2.34638],[30.36282,-2.34265],[30.359,-2.34167],[30.35824,-2.33974],[30.35946,-2.33715],[30.3575,-2.33498],[30.35967,-2.33342],[30.35741,-2.32804],[30.35936,-2.325],[30.35323,-2.31364],[30.35362,-2.31144],[30.34932,-2.30811],[30.34435,-2.30739],[30.34333,-2.30024],[30.33784,-2.29689],[30.33221,-2.29],[30.33052,-2.29062],[30.32815,-2.28828],[30.32975,-2.28547],[30.32811,-2.28271],[30.33049,-2.27756],[30.32913,-2.27399],[30.33061,-2.27463],[30.33248,-2.27162],[30.33465,-2.27194],[30.33314,-2.26848],[30.33492,-2.27002],[30.33729,-2.26701],[30.33758,-2.2593],[30.33494,-2.2552],[30.33463,-2.25274],[30.33591,-2.2525],[30.33448,-2.24909],[30.33792,-2.24633],[30.3401,-2.24676],[30.33842,-2.2379],[30.33583,-2.23873],[30.33624,-2.23709],[30.33359,-2.23197],[30.33366,-2.22887],[30.33564,-2.22635],[30.3345,-2.22064]]]}},{"type":"Feature","properties":{"d":"Bugesera","s":"Shyara"},"geometry":{"type":"Polygon","coordinates":[[[29.97122,-2.27696],[29.99068,-2.29249],[30.00075,-2.29143],[30.00616,-2.28483],[30.01085,-2.28428],[30.01089,-2.28621],[30.01231,-2.28645],[30.01083,-2.27934],[30.01168,-2.27719],[30.00804,-2.27425],[30.00942,-2.27057],[30.01268,-2.27057],[30.01433,-2.2681],[30.01669,-2.26841],[30.02427,-2.26138],[30.02135,-2.25005],[30.02291,-2.23028],[30.01517,-2.22855],[29.99046,-2.21651],[29.98976,-2.22089],[29.98791,-2.22252],[29.98636,-2.22792],[29.98385,-2.23009],[29.98355,-2.23274],[29.98472,-2.23524],[29.98453,-2.24325],[29.97823,-2.25064],[29.97924,-2.25592],[29.97617,-2.25825],[29.97327,-2.26397],[29.97447,-2.27014],[29.97329,-2.27479],[29.97122,-2.27696]]]}}]}